[06Aug2026 20:32:48.219] [main/INFO] [cpw.mods.modlauncher.Launcher/MODLAUNCHER]: ModLauncher running: args [--username, Baven11, --version, 1.20.1, --gameDir, C:/Users/Eduard/AppData/Roaming/PrismLauncher/instances/1.20.1 Horror Forge/minecraft, --assetsDir, C:/Users/Eduard/AppData/Roaming/PrismLauncher/assets, --assetIndex, 5, --uuid, 65ca1270892f4628982a5c7fe542d386, --accessToken, ????????, --userType, msa, --versionType, release, --launchTarget, forgeclient, --fml.forgeVersion, 47.4.10, --fml.mcVersion, 1.20.1, --fml.forgeGroup, net.minecraftforge, --fml.mcpVersion, 20230612.114412, --width, 854, --height, 480]
[06Aug2026 20:32:48.235] [main/INFO] [cpw.mods.modlauncher.Launcher/MODLAUNCHER]: ModLauncher 10.0.9+10.0.9+main.dcd20f30 starting: java version 17.0.15 by Microsoft; OS Windows 11 arch amd64 version 10.0
[06Aug2026 20:32:51.265] [main/INFO] [net.minecraftforge.fml.loading.ImmediateWindowHandler/]: Loading ImmediateWindowProvider fmlearlywindow
[06Aug2026 20:32:51.312] [main/INFO] [EARLYDISPLAY/]: Trying GL version 4.6
[06Aug2026 20:32:51.465] [main/INFO] [EARLYDISPLAY/]: Requested GL version 4.6 got version 4.6
[06Aug2026 20:32:51.515] [main/INFO] [mixin/]: SpongePowered MIXIN Subsystem Version=0.8.5 Source=union:/C:/Users/Eduard/AppData/Roaming/PrismLauncher/libraries/org/spongepowered/mixin/0.8.5/mixin-0.8.5.jar%23150!/ Service=ModLauncher Env=CLIENT
[06Aug2026 20:32:51.547] [pool-2-thread-1/INFO] [EARLYDISPLAY/]: GL info: NVIDIA GeForce RTX 5060/PCIe/SSE2 GL version 4.6.0 NVIDIA 610.47, NVIDIA Corporation
[06Aug2026 20:32:52.148] [main/WARN] [net.minecraftforge.fml.loading.moddiscovery.ModFileParser/LOADING]: Mod file C:\Users\Eduard\AppData\Roaming\PrismLauncher\libraries\net\minecraftforge\fmlcore\1.20.1-47.4.10\fmlcore-1.20.1-47.4.10.jar is missing mods.toml file
[06Aug2026 20:32:52.153] [main/WARN] [net.minecraftforge.fml.loading.moddiscovery.ModFileParser/LOADING]: Mod file C:\Users\Eduard\AppData\Roaming\PrismLauncher\libraries\net\minecraftforge\javafmllanguage\1.20.1-47.4.10\javafmllanguage-1.20.1-47.4.10.jar is missing mods.toml file
[06Aug2026 20:32:52.153] [main/WARN] [net.minecraftforge.fml.loading.moddiscovery.ModFileParser/LOADING]: Mod file C:\Users\Eduard\AppData\Roaming\PrismLauncher\libraries\net\minecraftforge\lowcodelanguage\1.20.1-47.4.10\lowcodelanguage-1.20.1-47.4.10.jar is missing mods.toml file
[06Aug2026 20:32:52.153] [main/WARN] [net.minecraftforge.fml.loading.moddiscovery.ModFileParser/LOADING]: Mod file C:\Users\Eduard\AppData\Roaming\PrismLauncher\libraries\net\minecraftforge\mclanguage\1.20.1-47.4.10\mclanguage-1.20.1-47.4.10.jar is missing mods.toml file
[06Aug2026 20:32:52.656] [main/WARN] [net.minecraftforge.jarjar.selection.JarSelector/]: Attempted to select a dependency jar for JarJar which was passed in as source: terrablender. Using Mod File: C:\Users\Eduard\AppData\Roaming\PrismLauncher\instances\1.20.1 Horror Forge\minecraft\mods\TerraBlender-forge-1.20.1-3.0.1.10.jar
[06Aug2026 20:32:52.656] [main/WARN] [net.minecraftforge.jarjar.selection.JarSelector/]: Attempted to select a dependency jar for JarJar which was passed in as source: geckolib. Using Mod File: C:\Users\Eduard\AppData\Roaming\PrismLauncher\instances\1.20.1 Horror Forge\minecraft\mods\geckolib-forge-1.20.1-4.8.4.jar
[06Aug2026 20:32:52.656] [main/WARN] [net.minecraftforge.jarjar.selection.JarSelector/]: Attempted to select a dependency jar for JarJar which was passed in as source: curios. Using Mod File: C:\Users\Eduard\AppData\Roaming\PrismLauncher\instances\1.20.1 Horror Forge\minecraft\mods\curios-forge-5.14.1+1.20.1.jar
[06Aug2026 20:32:52.656] [main/WARN] [net.minecraftforge.jarjar.selection.JarSelector/]: Attempted to select a dependency jar for JarJar which was passed in as source: resourcefullib. Using Mod File: C:\Users\Eduard\AppData\Roaming\PrismLauncher\instances\1.20.1 Horror Forge\minecraft\mods\resourcefullib-forge-1.20.1-2.1.29.jar
[06Aug2026 20:32:52.656] [main/INFO] [net.minecraftforge.fml.loading.moddiscovery.JarInJarDependencyLocator/]: Found 27 dependencies adding them to mods collection
[06Aug2026 20:32:58.674] [main/INFO] [mixin/]: Compatibility level set to JAVA_17
[06Aug2026 20:32:58.879] [main/ERROR] [mixin/]: Mixin config firstperson.mixins.json does not specify "minVersion" property
[06Aug2026 20:32:58.951] [main/ERROR] [mixin/]: Mixin config geologicexpansion-common.mixins.json does not specify "minVersion" property
[06Aug2026 20:32:58.966] [main/ERROR] [mixin/]: Mixin config geologicexpansion.mixins.json does not specify "minVersion" property
[06Aug2026 20:32:59.038] [main/ERROR] [mixin/]: Mixin config cannibal.mixin.json does not specify "minVersion" property
[06Aug2026 20:32:59.107] [main/INFO] [mixin/]: Successfully loaded Mixin Connector [com.crypticmushroom.minecraft.registry.coremod.CrypticCoreMod]
[06Aug2026 20:32:59.107] [main/INFO] [mixin/]: Successfully loaded Mixin Connector [com.crypticmushroom.minecraft.midnight.coremod.MidnightCoreMod]
[06Aug2026 20:32:59.107] [main/INFO] [cpw.mods.modlauncher.LaunchServiceHandler/MODLAUNCHER]: Launching target 'forgeclient' with arguments [--version, 1.20.1, --gameDir, C:\Users\Eduard\AppData\Roaming\PrismLauncher\instances\1.20.1 Horror Forge\minecraft, --assetsDir, C:\Users\Eduard\AppData\Roaming\PrismLauncher\assets, --uuid, 65ca1270892f4628982a5c7fe542d386, --username, Baven11, --assetIndex, 5, --accessToken, ????????, --userType, msa, --versionType, release, --width, 854, --height, 480]
[06Aug2026 20:32:59.132] [main/INFO] [com.abdelaziz.saturn.common.Saturn/]: Loaded Saturn config file with 4 configurable options
[06Aug2026 20:32:59.312] [main/INFO] [ModernFix/]: Loaded configuration file for ModernFix 5.27.66+mc1.20.1: 110 options available, 1 override(s) found
[06Aug2026 20:32:59.312] [main/WARN] [ModernFix/]: Option 'mixin.perf.dynamic_resources' overriden (by user configuration) to 'true'
[06Aug2026 20:32:59.312] [main/INFO] [ModernFix/]: Applying Nashorn fix
[06Aug2026 20:32:59.343] [main/INFO] [ModernFix/]: Applied Forge config corruption patch
[06Aug2026 20:32:59.359] [main/INFO] [ModernFix/]: Configuring Minecraft's max.bg.threads option with 13 threads
[06Aug2026 20:32:59.474] [main/INFO] [Embeddium/]: Loaded configuration file for Embeddium: 365 options available, 0 override(s) found
[06Aug2026 20:32:59.474] [main/INFO] [Embeddium-GraphicsAdapterProbe/]: Searching for graphics cards...
[06Aug2026 20:32:59.891] [main/INFO] [Embeddium-GraphicsAdapterProbe/]: Found graphics card: GraphicsAdapterInfo[vendor=AMD, name=AMD Radeon(TM) 610M, version=DriverVersion=32.0.21032.24]
[06Aug2026 20:32:59.891] [main/INFO] [Embeddium-GraphicsAdapterProbe/]: Found graphics card: GraphicsAdapterInfo[vendor=NVIDIA, name=NVIDIA GeForce RTX 5060, version=DriverVersion=32.0.16.1047]
[06Aug2026 20:32:59.895] [main/WARN] [Embeddium-Workarounds/]: Embeddium has applied one or more workarounds to prevent crashes or other issues on your system: [NVIDIA_THREADED_OPTIMIZATIONS]
[06Aug2026 20:32:59.895] [main/WARN] [Embeddium-Workarounds/]: This is not necessarily an issue, but it may result in certain features or optimizations being disabled. You can sometimes fix these issues by upgrading your graphics driver.
[06Aug2026 20:32:59.914] [main/WARN] [mixin/]: Reference map 'lmft-common-refmap.json' for lmft-common.mixins.json could not be read. If this is a development environment you can ignore this message
[06Aug2026 20:32:59.945] [main/WARN] [mixin/]: Reference map 'nitrogen_internals.refmap.json' for nitrogen_internals.mixins.json could not be read. If this is a development environment you can ignore this message
[06Aug2026 20:32:59.955] [main/WARN] [mixin/]: Reference map 'face_of_horror.refmap.json' for face_of_horror.mixins.json could not be read. If this is a development environment you can ignore this message
[06Aug2026 20:32:59.978] [main/INFO] [Radium Config/]: Loaded configuration file for Radium: 125 options available, 1 override(s) found
[06Aug2026 20:32:59.992] [main/WARN] [mixin/]: Reference map 'graveyard-FORGE-forge-refmap.json' for graveyard-forge.mixins.json could not be read. If this is a development environment you can ignore this message
[06Aug2026 20:32:59.998] [main/WARN] [mixin/]: Reference map 'EpheroLib-refmap.json' for epherolib.mixins.json could not be read. If this is a development environment you can ignore this message
[06Aug2026 20:33:00.061] [main/WARN] [mixin/]: Reference map 'mixins.apollyon.refmap.json' for mixins.apollyon.json could not be read. If this is a development environment you can ignore this message
[06Aug2026 20:33:00.089] [main/WARN] [mixin/]: Reference map 'mimicer.refmap.json' for themimic_er.mixins.json could not be read. If this is a development environment you can ignore this message
[06Aug2026 20:33:00.128] [main/WARN] [mixin/]: Reference map 'MistMod.refmap.json' for they_watch_from_the_mist.mixins.json could not be read. If this is a development environment you can ignore this message
[06Aug2026 20:33:00.192] [main/WARN] [mixin/]: Reference map 'spartanskies.refmap.json' for spartanskies.mixins.json could not be read. If this is a development environment you can ignore this message
[06Aug2026 20:33:00.206] [main/WARN] [mixin/]: Reference map 'justhammers-common-refmap.json' for justhammers-common.mixins.json could not be read. If this is a development environment you can ignore this message
[06Aug2026 20:33:00.276] [main/WARN] [mixin/]: Reference map 'mixins.cheese_cave.refmap.json' for mixins.cheese_cave.json could not be read. If this is a development environment you can ignore this message
[06Aug2026 20:33:00.351] [main/WARN] [mixin/]: Reference map 'mixins.herobrine011840_dungeons.refmap.json' for mixins.herobrine011840_dungeons.json could not be read. If this is a development environment you can ignore this message
[06Aug2026 20:33:00.381] [main/INFO] [dev.tonimatas.packetfixer.mixins.v1_19_4_forge.MixinPlugin/]: Packet Fixer forge 1.19.4-1.20.1 has been applied successfully.
[06Aug2026 20:33:00.815] [main/INFO] [net.minecraftforge.coremod.CoreMod.voidscape/COREMODLOG]: org.objectweb.asm.tree.MethodInsnNode@1f7853af
[06Aug2026 20:33:01.063] [main/ERROR] [net.minecraftforge.coremod.transformer.CoreModBaseTransformer/COREMOD]: Error occurred applying transform of coremod coremods/field_to_method.js function biome
java.lang.IllegalStateException: Field f_47437_ is not private and an instance field
	at net.minecraftforge.coremod.api.ASMAPI.redirectFieldToMethod(ASMAPI.java:1069) ~[coremods-5.2.4.jar:?]
	at org.openjdk.nashorn.internal.scripts.Script$Recompilation$104$292A$\^eval\_.initializeCoreMod#transformer(<eval>:11) ~[?:?]
	at org.openjdk.nashorn.internal.runtime.ScriptFunctionData.invoke(ScriptFunctionData.java:648) ~[nashorn-core-15.4.jar:?]
	at org.openjdk.nashorn.internal.runtime.ScriptFunction.invoke(ScriptFunction.java:513) ~[nashorn-core-15.4.jar:?]
	at org.openjdk.nashorn.internal.runtime.ScriptRuntime.apply(ScriptRuntime.java:520) ~[nashorn-core-15.4.jar:?]
	at org.openjdk.nashorn.api.scripting.ScriptObjectMirror.call(ScriptObjectMirror.java:111) ~[nashorn-core-15.4.jar:?]
	at net.minecraftforge.coremod.NashornFactory.lambda$getFunction$0(NashornFactory.java:37) ~[coremods-5.2.4.jar:5.2.4]
	at net.minecraftforge.coremod.transformer.CoreModClassTransformer.runCoremod(CoreModClassTransformer.java:22) ~[coremods-5.2.4.jar:?]
	at net.minecraftforge.coremod.transformer.CoreModClassTransformer.runCoremod(CoreModClassTransformer.java:14) ~[coremods-5.2.4.jar:?]
	at net.minecraftforge.coremod.transformer.CoreModBaseTransformer.transform(CoreModBaseTransformer.java:60) ~[coremods-5.2.4.jar:?]
	at cpw.mods.modlauncher.TransformerHolder.transform(TransformerHolder.java:41) ~[modlauncher-10.0.9.jar:?]
	at cpw.mods.modlauncher.ClassTransformer.performVote(ClassTransformer.java:179) ~[modlauncher-10.0.9.jar:?]
	at cpw.mods.modlauncher.ClassTransformer.transform(ClassTransformer.java:117) ~[modlauncher-10.0.9.jar:?]
	at cpw.mods.modlauncher.TransformingClassLoader.maybeTransformClassBytes(TransformingClassLoader.java:50) ~[modlauncher-10.0.9.jar:?]
	at cpw.mods.cl.ModuleClassLoader.getMaybeTransformedClassBytes(ModuleClassLoader.java:250) ~[securejarhandler-2.1.10.jar:?]
	at cpw.mods.modlauncher.TransformingClassLoader.buildTransformedClassNodeFor(TransformingClassLoader.java:58) ~[modlauncher-10.0.9.jar:?]
	at cpw.mods.modlauncher.LaunchPluginHandler.lambda$announceLaunch$10(LaunchPluginHandler.java:100) ~[modlauncher-10.0.9.jar:?]
	at org.spongepowered.asm.launch.MixinLaunchPluginLegacy.getClassNode(MixinLaunchPluginLegacy.java:222) ~[mixin-0.8.5.jar:0.8.5+Jenkins-b310.git-155314e6e91465dad727e621a569906a410cd6f4]
	at org.spongepowered.asm.launch.MixinLaunchPluginLegacy.getClassNode(MixinLaunchPluginLegacy.java:207) ~[mixin-0.8.5.jar:0.8.5+Jenkins-b310.git-155314e6e91465dad727e621a569906a410cd6f4]
	at org.spongepowered.asm.mixin.transformer.ClassInfo.forName(ClassInfo.java:2005) ~[mixin-0.8.5.jar:0.8.5+Jenkins-b310.git-155314e6e91465dad727e621a569906a410cd6f4]
	at org.spongepowered.asm.mixin.transformer.MixinInfo.getTargetClass(MixinInfo.java:1017) ~[mixin-0.8.5.jar:0.8.5+Jenkins-b310.git-155314e6e91465dad727e621a569906a410cd6f4]
	at org.spongepowered.asm.mixin.transformer.MixinInfo.readTargetClasses(MixinInfo.java:1007) ~[mixin-0.8.5.jar:0.8.5+Jenkins-b310.git-155314e6e91465dad727e621a569906a410cd6f4]
	at org.spongepowered.asm.mixin.transformer.MixinInfo.parseTargets(MixinInfo.java:895) ~[mixin-0.8.5.jar:0.8.5+Jenkins-b310.git-155314e6e91465dad727e621a569906a410cd6f4]
	at org.spongepowered.asm.mixin.transformer.MixinConfig.prepareMixins(MixinConfig.java:867) ~[mixin-0.8.5.jar:0.8.5+Jenkins-b310.git-155314e6e91465dad727e621a569906a410cd6f4]
	at org.spongepowered.asm.mixin.transformer.MixinConfig.prepare(MixinConfig.java:775) ~[mixin-0.8.5.jar:0.8.5+Jenkins-b310.git-155314e6e91465dad727e621a569906a410cd6f4]
	at org.spongepowered.asm.mixin.transformer.MixinProcessor.prepareConfigs(MixinProcessor.java:539) ~[mixin-0.8.5.jar:0.8.5+Jenkins-b310.git-155314e6e91465dad727e621a569906a410cd6f4]
	at org.spongepowered.asm.mixin.transformer.MixinProcessor.select(MixinProcessor.java:462) ~[mixin-0.8.5.jar:0.8.5+Jenkins-b310.git-155314e6e91465dad727e621a569906a410cd6f4]
	at org.spongepowered.asm.mixin.transformer.MixinProcessor.checkSelect(MixinProcessor.java:438) ~[mixin-0.8.5.jar:0.8.5+Jenkins-b310.git-155314e6e91465dad727e621a569906a410cd6f4]
	at org.spongepowered.asm.mixin.transformer.MixinProcessor.applyMixins(MixinProcessor.java:290) ~[mixin-0.8.5.jar:0.8.5+Jenkins-b310.git-155314e6e91465dad727e621a569906a410cd6f4]
	at org.spongepowered.asm.mixin.transformer.MixinTransformer.transformClass(MixinTransformer.java:250) ~[mixin-0.8.5.jar:0.8.5+Jenkins-b310.git-155314e6e91465dad727e621a569906a410cd6f4]
	at org.spongepowered.asm.service.modlauncher.MixinTransformationHandler.processClass(MixinTransformationHandler.java:131) ~[mixin-0.8.5.jar:0.8.5+Jenkins-b310.git-155314e6e91465dad727e621a569906a410cd6f4]
	at org.spongepowered.asm.launch.MixinLaunchPluginLegacy.processClass(MixinLaunchPluginLegacy.java:131) ~[mixin-0.8.5.jar:0.8.5+Jenkins-b310.git-155314e6e91465dad727e621a569906a410cd6f4]
	at cpw.mods.modlauncher.serviceapi.ILaunchPluginService.processClassWithFlags(ILaunchPluginService.java:156) ~[modlauncher-10.0.9.jar:10.0.9+10.0.9+main.dcd20f30]
	at cpw.mods.modlauncher.LaunchPluginHandler.offerClassNodeToPlugins(LaunchPluginHandler.java:88) ~[modlauncher-10.0.9.jar:?]
	at cpw.mods.modlauncher.ClassTransformer.transform(ClassTransformer.java:120) ~[modlauncher-10.0.9.jar:?]
	at cpw.mods.modlauncher.TransformingClassLoader.maybeTransformClassBytes(TransformingClassLoader.java:50) ~[modlauncher-10.0.9.jar:?]
	at cpw.mods.cl.ModuleClassLoader.readerToClass(ModuleClassLoader.java:113) ~[securejarhandler-2.1.10.jar:?]
	at cpw.mods.cl.ModuleClassLoader.lambda$findClass$15(ModuleClassLoader.java:219) ~[securejarhandler-2.1.10.jar:?]
	at cpw.mods.cl.ModuleClassLoader.loadFromModule(ModuleClassLoader.java:229) ~[securejarhandler-2.1.10.jar:?]
	at cpw.mods.cl.ModuleClassLoader.findClass(ModuleClassLoader.java:219) ~[securejarhandler-2.1.10.jar:?]
	at java.lang.ClassLoader.loadClass(ClassLoader.java:637) ~[?:?]
	at java.lang.Class.forName(Class.java:545) ~[?:?]
	at net.minecraftforge.fml.earlydisplay.DisplayWindow.lambda$updateModuleReads$13(DisplayWindow.java:615) ~[fmlearlydisplay-1.20.1-47.4.10.jar:1.0]
	at java.util.Optional.map(Optional.java:260) ~[?:?]
	at net.minecraftforge.fml.earlydisplay.DisplayWindow.updateModuleReads(DisplayWindow.java:615) ~[fmlearlydisplay-1.20.1-47.4.10.jar:1.0]
	at net.minecraftforge.fml.loading.ImmediateWindowHandler.acceptGameLayer(ImmediateWindowHandler.java:71) ~[fmlloader-1.20.1-47.4.10.jar:1.0]
	at net.minecraftforge.fml.loading.FMLLoader.beforeStart(FMLLoader.java:216) ~[fmlloader-1.20.1-47.4.10.jar:1.0]
	at net.minecraftforge.fml.loading.targets.CommonLaunchHandler.launchService(CommonLaunchHandler.java:92) ~[fmlloader-1.20.1-47.4.10.jar:?]
	at cpw.mods.modlauncher.LaunchServiceHandlerDecorator.launch(LaunchServiceHandlerDecorator.java:30) ~[modlauncher-10.0.9.jar:?]
	at cpw.mods.modlauncher.LaunchServiceHandler.launch(LaunchServiceHandler.java:53) ~[modlauncher-10.0.9.jar:?]
	at cpw.mods.modlauncher.LaunchServiceHandler.launch(LaunchServiceHandler.java:71) ~[modlauncher-10.0.9.jar:?]
	at cpw.mods.modlauncher.Launcher.run(Launcher.java:108) ~[modlauncher-10.0.9.jar:?]
	at cpw.mods.modlauncher.Launcher.main(Launcher.java:78) ~[modlauncher-10.0.9.jar:?]
	at cpw.mods.modlauncher.BootstrapLaunchConsumer.accept(BootstrapLaunchConsumer.java:26) ~[modlauncher-10.0.9.jar:?]
	at cpw.mods.modlauncher.BootstrapLaunchConsumer.accept(BootstrapLaunchConsumer.java:23) ~[modlauncher-10.0.9.jar:?]
	at cpw.mods.bootstraplauncher.BootstrapLauncher.main(BootstrapLauncher.java:141) ~[bootstraplauncher-1.1.2.jar:?]
	at jdk.internal.reflect.NativeMethodAccessorImpl.invoke0(Native Method) ~[?:?]
	at jdk.internal.reflect.NativeMethodAccessorImpl.invoke(NativeMethodAccessorImpl.java:77) ~[?:?]
	at jdk.internal.reflect.DelegatingMethodAccessorImpl.invoke(DelegatingMethodAccessorImpl.java:43) ~[?:?]
	at java.lang.reflect.Method.invoke(Method.java:569) ~[?:?]
	at io.github.zekerzhayard.forgewrapper.installer.Main.main(Main.java:67) ~[?:?]
	at org.prismlauncher.launcher.impl.StandardLauncher.launch(StandardLauncher.java:115) ~[?:?]
	at org.prismlauncher.EntryPoint.listen(EntryPoint.java:129) ~[?:?]
	at org.prismlauncher.EntryPoint.main(EntryPoint.java:70) ~[?:?]
[06Aug2026 20:33:01.330] [main/WARN] [mixin/]: Error loading class: net/mehvahdjukaar/stone_zone/api/set/stone/StoneType (java.lang.ClassNotFoundException: net.mehvahdjukaar.stone_zone.api.set.stone.StoneType)
[06Aug2026 20:33:01.346] [main/WARN] [mixin/]: Error loading class: jeresources/api/util/BiomeHelper (java.lang.ClassNotFoundException: jeresources.api.util.BiomeHelper)
[06Aug2026 20:33:01.540] [main/WARN] [Radium Config/]: Force-disabling mixin 'alloc.blockstate.StateMixin' as option 'mixin.alloc.blockstate' (added by mods [ferritecore]) disables it and children
[06Aug2026 20:33:01.930] [main/WARN] [mixin/]: Error loading class: com/legacy/lost_aether/entity/AerwhaleKingEntity (java.lang.ClassNotFoundException: com.legacy.lost_aether.entity.AerwhaleKingEntity)
[06Aug2026 20:33:01.990] [main/WARN] [mixin/]: Error loading class: dev/tr7zw/skinlayers/render/CustomizableModelPart (java.lang.ClassNotFoundException: dev.tr7zw.skinlayers.render.CustomizableModelPart)
[06Aug2026 20:33:02.004] [main/WARN] [mixin/]: Error loading class: net/irisshaders/batchedentityrendering/impl/FullyBufferedMultiBufferSource (java.lang.ClassNotFoundException: net.irisshaders.batchedentityrendering.impl.FullyBufferedMultiBufferSource)
[06Aug2026 20:33:02.004] [main/WARN] [mixin/]: Error loading class: net/irisshaders/iris/layer/InnerWrappedRenderType (java.lang.ClassNotFoundException: net.irisshaders.iris.layer.InnerWrappedRenderType)
[06Aug2026 20:33:02.004] [main/WARN] [mixin/]: Error loading class: net/irisshaders/iris/layer/OuterWrappedRenderType (java.lang.ClassNotFoundException: net.irisshaders.iris.layer.OuterWrappedRenderType)
[06Aug2026 20:33:02.364] [main/WARN] [mixin/]: Error loading class: xaero/map/gui/GuiMap (java.lang.ClassNotFoundException: xaero.map.gui.GuiMap)
[06Aug2026 20:33:02.364] [main/WARN] [mixin/]: @Mixin target xaero.map.gui.GuiMap was not found create.mixins.json:compat.xaeros.XaeroFullscreenMapAccessor
[06Aug2026 20:33:02.364] [main/WARN] [mixin/]: Error loading class: xaero/map/gui/GuiMap (java.lang.ClassNotFoundException: xaero.map.gui.GuiMap)
[06Aug2026 20:33:02.364] [main/WARN] [mixin/]: @Mixin target xaero.map.gui.GuiMap was not found create.mixins.json:compat.xaeros.XaeroFullscreenMapMixin
[06Aug2026 20:33:02.516] [main/INFO] [ModdingLegacy/Lucent/]: [lucent] Found Create
[06Aug2026 20:33:02.703] [main/INFO] [MixinExtras|Service/]: Initializing MixinExtras via com.llamalad7.mixinextras.service.MixinExtrasServiceImpl(version=0.5.3).
[06Aug2026 20:33:04.388] [main/ERROR] [mixin/]: Write access detected to @Final field f_96729_:Lnet/minecraft/client/renderer/PanoramaRenderer; in mixins.prehistoricfauna.json:TitleScreenMixin::handler$fed004$onInit
[06Aug2026 20:33:04.592] [pool-4-thread-1/INFO] [net.minecraft.server.Bootstrap/]: ModernFix reached bootstrap stage (18.37 s after launch)
[06Aug2026 20:33:04.697] [pool-4-thread-1/WARN] [mixin/]: @Final field delegatesByName:Ljava/util/Map; in modernfix-modernfix.mixins.json:perf.forge_registry_alloc.ForgeRegistryMixin should be final
[06Aug2026 20:33:04.697] [pool-4-thread-1/WARN] [mixin/]: @Final field delegatesByValue:Ljava/util/Map; in modernfix-modernfix.mixins.json:perf.forge_registry_alloc.ForgeRegistryMixin should be final
[06Aug2026 20:33:04.743] [pool-4-thread-1/INFO] [ModernFix/]: Injecting BlockStateBase cache population hook into getNeighborPathNodeType from me.jellysquid.mods.lithium.mixin.ai.pathing.AbstractBlockStateMixin
[06Aug2026 20:33:04.743] [pool-4-thread-1/INFO] [ModernFix/]: Injecting BlockStateBase cache population hook into getPathNodeType from me.jellysquid.mods.lithium.mixin.ai.pathing.AbstractBlockStateMixin
[06Aug2026 20:33:04.744] [pool-4-thread-1/INFO] [ModernFix/]: Injecting BlockStateBase cache population hook into getAllFlags from me.jellysquid.mods.lithium.mixin.util.block_tracking.AbstractBlockStateMixin
[06Aug2026 20:33:05.167] [pool-4-thread-1/INFO] [net.minecraft.server.Bootstrap/]: Vanilla bootstrap took 560 milliseconds
[06Aug2026 20:33:07.929] [pool-4-thread-1/WARN] [mixin/]: Mixin alexscaves.mixins.json:SwampHutPieceMixin has multiple constructors, (Lnet/minecraft/world/level/levelgen/structure/pieces/StructurePieceType;IIIIIILnet/minecraft/core/Direction;)V was selected

[06Aug2026 20:33:08.030] [pool-4-thread-1/WARN] [mixin/]: Method overwrite conflict for modifyBiomeSet in mixins.endlessbiomes.json:BiomeSourceMixin, previously written by net.mcreator.endlessheart.mixins.BiomeSourceMixin. Skipping method.
[06Aug2026 20:33:08.030] [pool-4-thread-1/WARN] [mixin/]: @Redirect conflict. Skipping mixins.endlessbiomes.json:BiomeSourceMixin->@Redirect::getBiomes(Ljava/util/function/Supplier;)Ljava/lang/Object; with priority 1000, already redirected by mixins.endless_heart.json:BiomeSourceMixin->@Redirect::getBiomes(Ljava/util/function/Supplier;)Ljava/lang/Object; with priority 1000
[06Aug2026 20:33:08.034] [pool-4-thread-1/ERROR] [net.minecraftforge.coremod.transformer.CoreModBaseTransformer/COREMOD]: Error occurred applying transform of coremod coremods/field_to_method.js function biome
java.lang.IllegalStateException: Field f_47437_ is not private and an instance field
	at net.minecraftforge.coremod.api.ASMAPI.redirectFieldToMethod(ASMAPI.java:1069) ~[coremods-5.2.4.jar:?]
	at org.openjdk.nashorn.internal.scripts.Script$Recompilation$104$292A$\^eval\_.initializeCoreMod#transformer(<eval>:11) ~[?:?]
	at org.openjdk.nashorn.internal.runtime.ScriptFunctionData.invoke(ScriptFunctionData.java:648) ~[nashorn-core-15.4.jar:?]
	at org.openjdk.nashorn.internal.runtime.ScriptFunction.invoke(ScriptFunction.java:513) ~[nashorn-core-15.4.jar:?]
	at org.openjdk.nashorn.internal.runtime.ScriptRuntime.apply(ScriptRuntime.java:520) ~[nashorn-core-15.4.jar:?]
	at org.openjdk.nashorn.api.scripting.ScriptObjectMirror.call(ScriptObjectMirror.java:111) ~[nashorn-core-15.4.jar:?]
	at net.minecraftforge.coremod.NashornFactory.lambda$getFunction$0(NashornFactory.java:37) ~[coremods-5.2.4.jar:5.2.4]
	at net.minecraftforge.coremod.transformer.CoreModClassTransformer.runCoremod(CoreModClassTransformer.java:22) ~[coremods-5.2.4.jar:?]
	at net.minecraftforge.coremod.transformer.CoreModClassTransformer.runCoremod(CoreModClassTransformer.java:14) ~[coremods-5.2.4.jar:?]
	at net.minecraftforge.coremod.transformer.CoreModBaseTransformer.transform(CoreModBaseTransformer.java:60) ~[coremods-5.2.4.jar:?]
	at cpw.mods.modlauncher.TransformerHolder.transform(TransformerHolder.java:41) ~[modlauncher-10.0.9.jar:?]
	at cpw.mods.modlauncher.ClassTransformer.performVote(ClassTransformer.java:179) ~[modlauncher-10.0.9.jar:?]
	at cpw.mods.modlauncher.ClassTransformer.transform(ClassTransformer.java:117) ~[modlauncher-10.0.9.jar:?]
	at cpw.mods.modlauncher.TransformingClassLoader.maybeTransformClassBytes(TransformingClassLoader.java:50) ~[modlauncher-10.0.9.jar:?]
	at cpw.mods.cl.ModuleClassLoader.readerToClass(ModuleClassLoader.java:113) ~[securejarhandler-2.1.10.jar:?]
	at cpw.mods.cl.ModuleClassLoader.lambda$findClass$15(ModuleClassLoader.java:219) ~[securejarhandler-2.1.10.jar:?]
	at cpw.mods.cl.ModuleClassLoader.loadFromModule(ModuleClassLoader.java:229) ~[securejarhandler-2.1.10.jar:?]
	at cpw.mods.cl.ModuleClassLoader.findClass(ModuleClassLoader.java:219) ~[securejarhandler-2.1.10.jar:?]
	at cpw.mods.cl.ModuleClassLoader.loadClass(ModuleClassLoader.java:135) ~[securejarhandler-2.1.10.jar:?]
	at java.lang.ClassLoader.loadClass(ClassLoader.java:525) ~[?:?]
	at net.minecraft.world.level.biome.FixedBiomeSource.<clinit>(FixedBiomeSource.java:17) ~[client-1.20.1-20230612.114412-srg.jar%23764!/:?]
	at net.minecraft.world.level.biome.BiomeSources.m_220586_(BiomeSources.java:8) ~[client-1.20.1-20230612.114412-srg.jar%23764!/:?]
	at net.minecraft.core.registries.BuiltInRegistries.m_258029_(BuiltInRegistries.java:448) ~[client-1.20.1-20230612.114412-srg.jar%23764!/:?]
	at net.minecraft.core.registries.BuiltInRegistries.m_258037_(BuiltInRegistries.java:462) ~[client-1.20.1-20230612.114412-srg.jar%23764!/:?]
	at java.util.LinkedHashMap.forEach(LinkedHashMap.java:721) ~[?:?]
	at net.minecraft.core.registries.BuiltInRegistries.m_257453_(BuiltInRegistries.java:461) ~[client-1.20.1-20230612.114412-srg.jar%23764!/:?]
	at net.minecraft.core.registries.BuiltInRegistries.m_257498_(BuiltInRegistries.java:455) ~[client-1.20.1-20230612.114412-srg.jar%23764!/:?]
	at net.minecraft.server.Bootstrap.m_135870_(Bootstrap.java:55) ~[client-1.20.1-20230612.114412-srg.jar%23764!/:?]
	at net.minecraft.client.main.Main.lambda$main$0(Main.java:151) ~[client-1.20.1-20230612.114412-srg.jar%23764!/:?]
	at java.util.concurrent.Executors$RunnableAdapter.call(Executors.java:539) ~[?:?]
	at java.util.concurrent.FutureTask.run(FutureTask.java:264) ~[?:?]
	at java.util.concurrent.ThreadPoolExecutor.runWorker(ThreadPoolExecutor.java:1136) ~[?:?]
	at java.util.concurrent.ThreadPoolExecutor$Worker.run(ThreadPoolExecutor.java:635) ~[?:?]
	at java.lang.Thread.run(Thread.java:840) ~[?:?]
[06Aug2026 20:33:08.035] [pool-4-thread-1/WARN] [mixin/]: Static binding violation: PRIVATE @Overwrite method m_47505_ in modernfix-modernfix.mixins.json:perf.remove_biome_temperature_cache.BiomeMixin cannot reduce visibiliy of PUBLIC target method, visibility will be upgraded.
[06Aug2026 20:33:08.037] [pool-4-thread-1/WARN] [mixin/]: Method overwrite conflict for m_47505_ in lithium.mixins.json:world.temperature_cache.BiomeMixin, previously written by org.embeddedt.modernfix.common.mixin.perf.remove_biome_temperature_cache.BiomeMixin. Skipping method.
[06Aug2026 20:33:08.093] [pool-4-thread-1/WARN] [mixin/]: Method overwrite conflict for modifyBiomeSet in mixins.endlessbiomes.json:TheEndBiomeSourceMixin, previously written by net.mcreator.endlessheart.mixins.TheEndBiomeSourceMixin. Skipping method.
[06Aug2026 20:33:08.546] [Render thread/WARN] [net.minecraft.server.packs.VanillaPackResourcesBuilder/]: Assets URL 'union:/C:/Users/Eduard/AppData/Roaming/PrismLauncher/libraries/net/minecraft/client/1.20.1-20230612.114412/client-1.20.1-20230612.114412-srg.jar%23764!/assets/.mcassetsroot' uses unexpected schema
[06Aug2026 20:33:08.546] [Render thread/WARN] [net.minecraft.server.packs.VanillaPackResourcesBuilder/]: Assets URL 'union:/C:/Users/Eduard/AppData/Roaming/PrismLauncher/libraries/net/minecraft/client/1.20.1-20230612.114412/client-1.20.1-20230612.114412-srg.jar%23764!/data/.mcassetsroot' uses unexpected schema
[06Aug2026 20:33:08.584] [Render thread/INFO] [com.mojang.authlib.yggdrasil.YggdrasilAuthenticationService/]: Environment: authHost='https://authserver.mojang.com', accountsHost='https://api.mojang.com', sessionHost='https://sessionserver.mojang.com', servicesHost='https://api.minecraftservices.com', name='PROD'
[06Aug2026 20:33:09.431] [Render thread/INFO] [net.minecraft.client.Minecraft/]: Setting user: Baven11
[06Aug2026 20:33:09.504] [Render thread/INFO] [ModernFix/]: Bypassed Mojang DFU
[06Aug2026 20:33:09.604] [Render thread/INFO] [net.minecraft.client.Minecraft/]: Backend library: LWJGL version 3.3.1 build 7
[06Aug2026 20:33:09.651] [Render thread/WARN] [Embeddium-NvidiaWorkarounds/]: Applying workaround: Prevent the NVIDIA OpenGL driver from using broken optimizations (NVIDIA_THREADED_OPTIMIZATIONS)
[06Aug2026 20:33:09.671] [Render thread/INFO] [Embeddium-PostlaunchChecks/]: OpenGL Vendor: NVIDIA Corporation
[06Aug2026 20:33:09.671] [Render thread/INFO] [Embeddium-PostlaunchChecks/]: OpenGL Renderer: NVIDIA GeForce RTX 5060/PCIe/SSE2
[06Aug2026 20:33:09.671] [Render thread/INFO] [Embeddium-PostlaunchChecks/]: OpenGL Version: 4.6.0 NVIDIA 610.47
[06Aug2026 20:33:09.672] [Render thread/WARN] [Embeddium-PostlaunchChecks/]: Enabling secondary workaround for NVIDIA threaded optimizations
[06Aug2026 20:33:09.747] [Render thread/INFO] [ImmediatelyFast/]: Initializing ImmediatelyFast 1.5.5+1.20.4 on NVIDIA GeForce RTX 5060/PCIe/SSE2 (NVIDIA Corporation) with OpenGL 4.6.0 NVIDIA 610.47
[06Aug2026 20:33:10.237] [modloading-worker-0/INFO] [com.hyrrx.hardcoretruedarkness.HardcoreTrueDarkness/]: Hardcore True Darkness v6 loaded. Required client/server network protocol 6.0 is active.
[06Aug2026 20:33:10.268] [modloading-worker-0/INFO] [biolith/]: Biolith for Forge is initializing...
[06Aug2026 20:33:10.303] [modloading-worker-0/INFO] [biolith/]: Enabling Biolith's TerraBlender compatibility layer.
[06Aug2026 20:33:10.360] [modloading-worker-0/WARN] [mixin/]: Method overwrite conflict for getSelectionBox in onlyhammersandexcavators.mixins.json:LevelRendererHammerMixin, previously written by com.blocklegend001.onlyhammersandexcavators.mixin.LevelRendererExcavatorMixin. Skipping method.
[06Aug2026 20:33:10.394] [modloading-worker-0/INFO] [io.wispforest.lmft.LMFTCommon/]: [LMFT]: Loaded Config File!
[06Aug2026 20:33:10.543] [modloading-worker-0/INFO] [Advanced Wall Climber API/]: Advanced Wall Climber API initialized!
[06Aug2026 20:33:11.465] [modloading-worker-0/INFO] [Ksyxis/MOD_KSYXIS]: Ksyxis: Enabled compatibility hack with ModernFix. (removeSpawnChunks: false)
[06Aug2026 20:33:11.698] [modloading-worker-0/WARN] [mixin/]: Method overwrite conflict for getPools in croptopia.forge.mixins.json:LootTableAccessor, previously written by com.blackgear.platform.core.mixin.forge.LootTableMixin. Skipping method.
[06Aug2026 20:33:11.925] [modloading-worker-0/INFO] [org.berezka.berezka_api.Berezka_api/]: [Berezka API] Berezka is loading...
[06Aug2026 20:33:11.945] [modloading-worker-0/INFO] [org.berezka.berezka_api.Berezka_api/]: [Berezka API] loading on client...
[06Aug2026 20:33:11.948] [modloading-worker-0/INFO] [org.berezka.berezka_api.API/]: [Berezka API] createConfig info: namespace: berezka_api, configName: BerezkaAPI
[06Aug2026 20:33:11.949] [modloading-worker-0/INFO] [org.berezka.berezka_api.API/]: [Berezka API] Config param list for berezka_api is {DebugMode=org.berezka.berezka_api.data.ConfigParam@5390119e, DevMode=org.berezka.berezka_api.data.ConfigParam@57aebcb5, DefaultDoExtraChecksValue=org.berezka.berezka_api.data.ConfigParam@63e0a7f3, UseFolderPluginSystem=org.berezka.berezka_api.data.ConfigParam@31d502fe, FolderPluginSystemList=org.berezka.berezka_api.data.ConfigParam@629af9bb, SpawnLessLoot=org.berezka.berezka_api.data.ConfigParam@4073aa49, MaxSizeOfStructuresCache=org.berezka.berezka_api.data.ConfigParam@264a528b, LifeTimeOfStricturesCacheEntry=org.berezka.berezka_api.data.ConfigParam@3f11664e, StructuresRarityMultiplier=org.berezka.berezka_api.data.ConfigParam@af30736, GlobalStructuresRotation=org.berezka.berezka_api.data.ConfigParam@578fc5c3, UseGlobalStructuresRotation=org.berezka.berezka_api.data.ConfigParam@23251bb3}
[06Aug2026 20:33:11.955] [modloading-worker-0/INFO] [org.berezka.berezka_api.API/]: [Berezka API] Config for berezka_api successfully registered!
[06Aug2026 20:33:11.955] [modloading-worker-0/INFO] [org.berezka.berezka_api.API/]: [Berezka API] Config spec: net.minecraftforge.common.ForgeConfigSpec@11215f06
[06Aug2026 20:33:11.956] [modloading-worker-0/INFO] [org.berezka.berezka_api.API/]: [Berezka API] Config file path: C:\Users\Eduard\AppData\Roaming\PrismLauncher\instances\1.20.1 Horror Forge\minecraft\config\BerezkaAPI.toml
[06Aug2026 20:33:11.956] [modloading-worker-0/INFO] [org.berezka.berezka_api.API/]: [Berezka API] config for berezka_api was created in 7ms
[06Aug2026 20:33:12.188] [modloading-worker-0/INFO] [com.axperty.cratedelight.CrateDelight/]: Crate Delight loaded
[06Aug2026 20:33:12.236] [modloading-worker-0/INFO] [net.minecraftforge.common.ForgeMod/FORGEMOD]: Forge mod loading, version 47.4.10, for MC 1.20.1 with MCP 20230612.114412
[06Aug2026 20:33:12.237] [modloading-worker-0/INFO] [net.minecraftforge.common.MinecraftForge/FORGE]: MinecraftForge v47.4.10 Initialized
[06Aug2026 20:33:12.543] [modloading-worker-0/INFO] [graveyard/]: Registered JSON trade offer adapter.
[06Aug2026 20:33:12.789] [modloading-worker-0/INFO] [mezz.jei.library.load.PluginCaller/]: Sending ConfigManager...
[06Aug2026 20:33:12.889] [modloading-worker-0/INFO] [mezz.jei.library.load.PluginCaller/]: Sending ConfigManager took 98.50 ms
[06Aug2026 20:33:12.977] [modloading-worker-0/INFO] [STDOUT/]: [yalter.mousetweaks.Logger:Log:6]: [Mouse Tweaks] Main.initialize()
[06Aug2026 20:33:12.989] [modloading-worker-0/INFO] [STDOUT/]: [yalter.mousetweaks.Logger:Log:6]: [Mouse Tweaks] Initialized.
[06Aug2026 20:33:13.191] [modloading-worker-0/INFO] [Ksyxis/MOD_KSYXIS]: Ksyxis: Loading... (platform: forge, version: 1.4.3, manual: false)
[06Aug2026 20:33:13.191] [modloading-worker-0/INFO] [Ksyxis/MOD_KSYXIS]: Ksyxis: Ready to remove unneeded chunks. (mixinVersion: 0.8.5, time: 0 ms)
[06Aug2026 20:33:13.435] [modloading-worker-0/INFO] [xaero.hud.minimap.MinimapLogs/]: No Optifine!
[06Aug2026 20:33:13.435] [modloading-worker-0/INFO] [xaero.hud.minimap.MinimapLogs/]: Xaero's Minimap: No Vivecraft!
[06Aug2026 20:33:13.492] [modloading-worker-0/INFO] [Midnight/]: Welcome back to The Midnight. Shall we resume the spread of the malaise?
[06Aug2026 20:33:13.800] [Modding Legacy/blue_skies/Supporters thread/INFO] [ModdingLegacy/blue_skies/Supporter/]: Attempting to load the Modding Legacy supporters list from https://moddinglegacy.com/supporters-changelogs/supporters.txt
[06Aug2026 20:33:13.915] [modloading-worker-0/INFO] [xaero.common.HudMod/]: Registering common data for channel xaerominimap:main!
[06Aug2026 20:33:14.057] [modloading-worker-0/INFO] [ModernFix/]: Instantiating Mojang DFU
[06Aug2026 20:33:14.143] [modloading-worker-0/INFO] [com.epherical.epherolib.config.CommonConfig/]: Creating default config file: croptopia_v3.conf
[06Aug2026 20:33:14.251] [modloading-worker-0/INFO] [xaero.common.HudMod/]: Registering client data for channel xaerominimap:main!
[06Aug2026 20:33:14.297] [Modding Legacy/blue_skies/Supporters thread/INFO] [ModdingLegacy/blue_skies/Supporter/]: Successfully loaded the Modding Legacy supporters list.
[06Aug2026 20:33:14.428] [modloading-worker-0/INFO] [xaero.common.HudMod/]: Loading primary common config for channel xaerominimap:main!
[06Aug2026 20:33:14.442] [modloading-worker-0/INFO] [xaero.common.HudMod/]: Loading server config profiles for channel xaerominimap:main!
[06Aug2026 20:33:14.451] [modloading-worker-0/INFO] [xaero.common.HudMod/]: Loading primary client config for channel xaerominimap:main!
[06Aug2026 20:33:14.454] [modloading-worker-0/INFO] [FirstPersonModel/]: Loading FirstPerson Mod
[06Aug2026 20:33:14.455] [modloading-worker-0/INFO] [xaero.common.HudMod/]: Loading client config profiles for channel xaerominimap:main!
[06Aug2026 20:33:14.983] [modloading-worker-0/INFO] [com.axperty.storagedelight.StorageDelight/]: Storage Delight loaded
[06Aug2026 20:33:15.564] [modloading-worker-0/INFO] [Ok Zoomer/]: [Ok Zoomer] uwu what's this
[06Aug2026 20:33:15.567] [modloading-worker-0/INFO] [Ok Zoomer/]: Mixining into Embeddium in order to implement a missing change that new Sodium updates implements. If you find any zoom issues, report it to us on our issue tracker! It should be fine though!
[06Aug2026 20:33:15.657] [modloading-worker-0/INFO] [Entity Texture Features/]: Loading Entity Texture Features, breaking your resource packs since 17 Jan 2022.
[06Aug2026 20:33:15.672] [modloading-worker-0/INFO] [Entity Texture Features/]: [ETF]: Modifying ETF Render State constructor because: for EMF
[06Aug2026 20:33:15.674] [modloading-worker-0/INFO] [traben.entity_model_features.EMF/]: Loading Entity Model Features, now compatible with Minecraft Legends!
[06Aug2026 20:33:15.744] [modloading-worker-0/INFO] [com.st0x0ef.beyond_earth.BeyondEarth/]: Beyond Earth Loaded Successfully!
[06Aug2026 20:33:16.044] [modloading-worker-0/INFO] [Entity Texture Features/]: [ETF]: 6 new ETF Random Properties registered by entity_model_features
[06Aug2026 20:33:16.159] [modloading-worker-0/INFO] [net.minecraftforge.coremod.CoreMod.voidscape/COREMODLOG]: org.objectweb.asm.tree.MethodInsnNode@673247ac
[06Aug2026 20:33:16.190] [modloading-worker-0/INFO] [Spartan Weaponry/]: Constructing Mod: Spartan Weaponry
[06Aug2026 20:33:16.190] [modloading-worker-0/INFO] [Spartan Weaponry/]: Initialising API! Version: 12
[06Aug2026 20:33:16.205] [modloading-worker-0/INFO] [Spartan Weaponry/]: Spartan Weaponry API version 12 has been initalized!
[06Aug2026 20:33:16.261] [Datafixer Bootstrap/INFO] [com.mojang.datafixers.DataFixerBuilder/]: 188 Datafixer optimizations took 362 milliseconds
[06Aug2026 20:33:16.454] [modloading-worker-0/INFO] [com.cupboard.Cupboard/]: Loaded config for: cupboard.json
[06Aug2026 20:33:16.536] [modloading-worker-0/INFO] [dev.architectury.networking.forge.NetworkManagerImpl/]: Registering S2C receiver with id architectury:sync_ids
[06Aug2026 20:33:16.540] [modloading-worker-0/INFO] [dev.architectury.networking.forge.NetworkManagerImpl/]: Registering C2S receiver with id architectury:sync_ids
[06Aug2026 20:33:16.723] [modloading-worker-0/INFO] [voidscape/]: Starting Donator Handler
[06Aug2026 20:33:16.725] [Voidscape Donator Loader/INFO] [voidscape/]: Loading donor data
[06Aug2026 20:33:17.100] [modloading-worker-0/INFO] [xaero.lib.XaeroLib/]: Registering common data for channel xaerolib:main!
[06Aug2026 20:33:17.104] [modloading-worker-0/INFO] [xaero.lib.XaeroLib/]: Registering client data for channel xaerolib:main!
[06Aug2026 20:33:17.106] [modloading-worker-0/INFO] [xaero.lib.XaeroLib/]: Loading primary common config for channel xaerolib:main!
[06Aug2026 20:33:17.111] [modloading-worker-0/INFO] [xaero.lib.XaeroLib/]: Loading server config profiles for channel xaerolib:main!
[06Aug2026 20:33:17.115] [modloading-worker-0/INFO] [xaero.lib.XaeroLib/]: Loading primary client config for channel xaerolib:main!
[06Aug2026 20:33:17.119] [modloading-worker-0/INFO] [xaero.lib.XaeroLib/]: Loading client config profiles for channel xaerolib:main!
[06Aug2026 20:33:17.214] [modloading-worker-0/INFO] [STDOUT/]: [dev.tr7zw.trender.gui.impl.client.LibGuiClient:onInitializeClient:37]: [TRender] Initializing Client...
[06Aug2026 20:33:17.290] [modloading-worker-0/INFO] [com.simibubi.create.Create/]: Create 6.0.8 initializing! Commit hash: 1a1a9a2819b4f89f78caec41b55ed8cb222fa24b
[06Aug2026 20:33:17.312] [Voidscape Donator Loader/INFO] [voidscape/]: Donor data loaded
[06Aug2026 20:33:17.493] [modloading-worker-0/INFO] [geologicexpansion/]: Initializing tags of type: block
[06Aug2026 20:33:17.494] [modloading-worker-0/INFO] [geologicexpansion/]: Initializing tags of type: worldgen/biome
[06Aug2026 20:33:17.852] [modloading-worker-0/INFO] [net.dixta.dixtas_armory.config.DixtasArmoryJsonConfig/]: Didn't write a new file because none was created
[06Aug2026 20:33:17.871] [modloading-worker-0/INFO] [net.dixta.dixtas_armory.config.DixtasArmoryJsonConfig/]: wooden_throwing_knife
[06Aug2026 20:33:17.876] [modloading-worker-0/INFO] [net.dixta.dixtas_armory.config.DixtasArmoryJsonConfig/]: Found use Anim: spear
[06Aug2026 20:33:17.878] [modloading-worker-0/INFO] [net.dixta.dixtas_armory.config.DixtasArmoryJsonConfig/]: wooden_shuriken
[06Aug2026 20:33:17.878] [modloading-worker-0/INFO] [net.dixta.dixtas_armory.config.DixtasArmoryJsonConfig/]: Found use Anim: spear
[06Aug2026 20:33:17.878] [modloading-worker-0/INFO] [net.dixta.dixtas_armory.config.DixtasArmoryJsonConfig/]: wooden_chakram
[06Aug2026 20:33:17.878] [modloading-worker-0/INFO] [net.dixta.dixtas_armory.config.DixtasArmoryJsonConfig/]: Found use Anim: spear
[06Aug2026 20:33:17.878] [modloading-worker-0/INFO] [net.dixta.dixtas_armory.config.DixtasArmoryJsonConfig/]: wooden_javelin
[06Aug2026 20:33:17.878] [modloading-worker-0/INFO] [net.dixta.dixtas_armory.config.DixtasArmoryJsonConfig/]: Found use Anim: spear
[06Aug2026 20:33:17.878] [modloading-worker-0/INFO] [net.dixta.dixtas_armory.config.DixtasArmoryJsonConfig/]: stone_throwing_knife
[06Aug2026 20:33:17.878] [modloading-worker-0/INFO] [net.dixta.dixtas_armory.config.DixtasArmoryJsonConfig/]: Found use Anim: spear
[06Aug2026 20:33:17.878] [modloading-worker-0/INFO] [net.dixta.dixtas_armory.config.DixtasArmoryJsonConfig/]: stone_shuriken
[06Aug2026 20:33:17.878] [modloading-worker-0/INFO] [net.dixta.dixtas_armory.config.DixtasArmoryJsonConfig/]: Found use Anim: spear
[06Aug2026 20:33:17.878] [modloading-worker-0/INFO] [net.dixta.dixtas_armory.config.DixtasArmoryJsonConfig/]: stone_chakram
[06Aug2026 20:33:17.878] [modloading-worker-0/INFO] [net.dixta.dixtas_armory.config.DixtasArmoryJsonConfig/]: Found use Anim: spear
[06Aug2026 20:33:17.878] [modloading-worker-0/INFO] [net.dixta.dixtas_armory.config.DixtasArmoryJsonConfig/]: stone_javelin
[06Aug2026 20:33:17.878] [modloading-worker-0/INFO] [net.dixta.dixtas_armory.config.DixtasArmoryJsonConfig/]: Found use Anim: spear
[06Aug2026 20:33:17.878] [modloading-worker-0/INFO] [net.dixta.dixtas_armory.config.DixtasArmoryJsonConfig/]: golden_throwing_knife
[06Aug2026 20:33:17.878] [modloading-worker-0/INFO] [net.dixta.dixtas_armory.config.DixtasArmoryJsonConfig/]: Found use Anim: spear
[06Aug2026 20:33:17.878] [modloading-worker-0/INFO] [net.dixta.dixtas_armory.config.DixtasArmoryJsonConfig/]: golden_shuriken
[06Aug2026 20:33:17.879] [modloading-worker-0/INFO] [net.dixta.dixtas_armory.config.DixtasArmoryJsonConfig/]: Found use Anim: spear
[06Aug2026 20:33:17.879] [modloading-worker-0/INFO] [net.dixta.dixtas_armory.config.DixtasArmoryJsonConfig/]: golden_chakram
[06Aug2026 20:33:17.879] [modloading-worker-0/INFO] [net.dixta.dixtas_armory.config.DixtasArmoryJsonConfig/]: Found use Anim: spear
[06Aug2026 20:33:17.879] [modloading-worker-0/INFO] [net.dixta.dixtas_armory.config.DixtasArmoryJsonConfig/]: golden_javelin
[06Aug2026 20:33:17.879] [modloading-worker-0/INFO] [net.dixta.dixtas_armory.config.DixtasArmoryJsonConfig/]: Found use Anim: spear
[06Aug2026 20:33:17.879] [modloading-worker-0/INFO] [net.dixta.dixtas_armory.config.DixtasArmoryJsonConfig/]: iron_throwing_knife
[06Aug2026 20:33:17.879] [modloading-worker-0/INFO] [net.dixta.dixtas_armory.config.DixtasArmoryJsonConfig/]: Found use Anim: spear
[06Aug2026 20:33:17.879] [modloading-worker-0/INFO] [net.dixta.dixtas_armory.config.DixtasArmoryJsonConfig/]: iron_shuriken
[06Aug2026 20:33:17.879] [modloading-worker-0/INFO] [net.dixta.dixtas_armory.config.DixtasArmoryJsonConfig/]: Found use Anim: spear
[06Aug2026 20:33:17.879] [modloading-worker-0/INFO] [net.dixta.dixtas_armory.config.DixtasArmoryJsonConfig/]: iron_chakram
[06Aug2026 20:33:17.879] [modloading-worker-0/INFO] [net.dixta.dixtas_armory.config.DixtasArmoryJsonConfig/]: Found use Anim: spear
[06Aug2026 20:33:17.879] [modloading-worker-0/INFO] [net.dixta.dixtas_armory.config.DixtasArmoryJsonConfig/]: iron_javelin
[06Aug2026 20:33:17.879] [modloading-worker-0/INFO] [net.dixta.dixtas_armory.config.DixtasArmoryJsonConfig/]: Found use Anim: spear
[06Aug2026 20:33:17.897] [modloading-worker-0/INFO] [net.dixta.dixtas_armory.config.DixtasArmoryJsonConfig/]: silver_throwing_knife
[06Aug2026 20:33:17.897] [modloading-worker-0/INFO] [net.dixta.dixtas_armory.config.DixtasArmoryJsonConfig/]: Found use Anim: spear
[06Aug2026 20:33:17.897] [modloading-worker-0/INFO] [net.dixta.dixtas_armory.config.DixtasArmoryJsonConfig/]: silver_shuriken
[06Aug2026 20:33:17.897] [modloading-worker-0/INFO] [net.dixta.dixtas_armory.config.DixtasArmoryJsonConfig/]: Found use Anim: spear
[06Aug2026 20:33:17.897] [modloading-worker-0/INFO] [net.dixta.dixtas_armory.config.DixtasArmoryJsonConfig/]: silver_chakram
[06Aug2026 20:33:17.897] [modloading-worker-0/INFO] [net.dixta.dixtas_armory.config.DixtasArmoryJsonConfig/]: Found use Anim: spear
[06Aug2026 20:33:17.897] [modloading-worker-0/INFO] [net.dixta.dixtas_armory.config.DixtasArmoryJsonConfig/]: silver_javelin
[06Aug2026 20:33:17.897] [modloading-worker-0/INFO] [net.dixta.dixtas_armory.config.DixtasArmoryJsonConfig/]: Found use Anim: spear
[06Aug2026 20:33:17.898] [modloading-worker-0/INFO] [net.dixta.dixtas_armory.config.DixtasArmoryJsonConfig/]: diamond_throwing_knife
[06Aug2026 20:33:17.898] [modloading-worker-0/INFO] [net.dixta.dixtas_armory.config.DixtasArmoryJsonConfig/]: Found use Anim: spear
[06Aug2026 20:33:17.898] [modloading-worker-0/INFO] [net.dixta.dixtas_armory.config.DixtasArmoryJsonConfig/]: diamond_shuriken
[06Aug2026 20:33:17.898] [modloading-worker-0/INFO] [net.dixta.dixtas_armory.config.DixtasArmoryJsonConfig/]: Found use Anim: spear
[06Aug2026 20:33:17.898] [modloading-worker-0/INFO] [net.dixta.dixtas_armory.config.DixtasArmoryJsonConfig/]: diamond_chakram
[06Aug2026 20:33:17.898] [modloading-worker-0/INFO] [net.dixta.dixtas_armory.config.DixtasArmoryJsonConfig/]: Found use Anim: spear
[06Aug2026 20:33:17.898] [modloading-worker-0/INFO] [net.dixta.dixtas_armory.config.DixtasArmoryJsonConfig/]: diamond_javelin
[06Aug2026 20:33:17.898] [modloading-worker-0/INFO] [net.dixta.dixtas_armory.config.DixtasArmoryJsonConfig/]: Found use Anim: spear
[06Aug2026 20:33:17.898] [modloading-worker-0/INFO] [net.dixta.dixtas_armory.config.DixtasArmoryJsonConfig/]: netherite_throwing_knife
[06Aug2026 20:33:17.898] [modloading-worker-0/INFO] [net.dixta.dixtas_armory.config.DixtasArmoryJsonConfig/]: Found use Anim: spear
[06Aug2026 20:33:17.898] [modloading-worker-0/INFO] [net.dixta.dixtas_armory.config.DixtasArmoryJsonConfig/]: netherite_shuriken
[06Aug2026 20:33:17.898] [modloading-worker-0/INFO] [net.dixta.dixtas_armory.config.DixtasArmoryJsonConfig/]: Found use Anim: spear
[06Aug2026 20:33:17.898] [modloading-worker-0/INFO] [net.dixta.dixtas_armory.config.DixtasArmoryJsonConfig/]: netherite_chakram
[06Aug2026 20:33:17.898] [modloading-worker-0/INFO] [net.dixta.dixtas_armory.config.DixtasArmoryJsonConfig/]: Found use Anim: spear
[06Aug2026 20:33:17.898] [modloading-worker-0/INFO] [net.dixta.dixtas_armory.config.DixtasArmoryJsonConfig/]: netherite_javelin
[06Aug2026 20:33:17.898] [modloading-worker-0/INFO] [net.dixta.dixtas_armory.config.DixtasArmoryJsonConfig/]: Found use Anim: spear
[06Aug2026 20:33:17.898] [modloading-worker-0/INFO] [net.dixta.dixtas_armory.config.DixtasArmoryJsonConfig/]: necromium_throwing_knife
[06Aug2026 20:33:17.898] [modloading-worker-0/INFO] [net.dixta.dixtas_armory.config.DixtasArmoryJsonConfig/]: Found use Anim: spear
[06Aug2026 20:33:17.898] [modloading-worker-0/INFO] [net.dixta.dixtas_armory.config.DixtasArmoryJsonConfig/]: necromium_shuriken
[06Aug2026 20:33:17.898] [modloading-worker-0/INFO] [net.dixta.dixtas_armory.config.DixtasArmoryJsonConfig/]: Found use Anim: spear
[06Aug2026 20:33:17.899] [modloading-worker-0/INFO] [net.dixta.dixtas_armory.config.DixtasArmoryJsonConfig/]: necromium_chakram
[06Aug2026 20:33:17.899] [modloading-worker-0/INFO] [net.dixta.dixtas_armory.config.DixtasArmoryJsonConfig/]: Found use Anim: spear
[06Aug2026 20:33:17.899] [modloading-worker-0/INFO] [net.dixta.dixtas_armory.config.DixtasArmoryJsonConfig/]: necromium_javelin
[06Aug2026 20:33:17.899] [modloading-worker-0/INFO] [net.dixta.dixtas_armory.config.DixtasArmoryJsonConfig/]: Found use Anim: spear
[06Aug2026 20:33:18.049] [modloading-worker-0/INFO] [dev.architectury.networking.forge.NetworkManagerImpl/]: Registering C2S receiver with id magistuarmory:packet_long_reach_attack
[06Aug2026 20:33:18.053] [modloading-worker-0/INFO] [dev.architectury.networking.forge.NetworkManagerImpl/]: Registering C2S receiver with id magistuarmory:packet_lance_collision
[06Aug2026 20:33:18.058] [modloading-worker-0/INFO] [dev.architectury.networking.forge.NetworkManagerImpl/]: Registering S2C receiver with id magistuarmory:packet_bc_or_ef_installed
[06Aug2026 20:33:18.339] [modloading-worker-0/INFO] [STDOUT/]: [com.magistuarmory.item.armor.ArmorType:<init>:64]: magistuarmory:minicrown
[06Aug2026 20:33:18.340] [modloading-worker-0/INFO] [STDOUT/]: [com.magistuarmory.item.armor.ArmorType:<init>:64]: magistuarmory:crown
[06Aug2026 20:33:18.342] [modloading-worker-0/INFO] [STDOUT/]: [com.magistuarmory.item.armor.ArmorType:<init>:64]: magistuarmory:flowercrown
[06Aug2026 20:33:18.343] [modloading-worker-0/INFO] [STDOUT/]: [com.magistuarmory.item.armor.ArmorType:<init>:64]: minecraft:default
[06Aug2026 20:33:18.344] [modloading-worker-0/INFO] [com.axperty.delightlib.api.DelightAddon/]: Delight Lib initialized for: moredelight
[06Aug2026 20:33:18.345] [modloading-worker-0/INFO] [STDOUT/]: [com.magistuarmory.item.armor.ArmorType:<init>:64]: magistuarmory:armet
[06Aug2026 20:33:18.346] [modloading-worker-0/INFO] [STDOUT/]: [com.magistuarmory.item.armor.ArmorType:<init>:64]: magistuarmory:stechhelm
[06Aug2026 20:33:18.347] [modloading-worker-0/INFO] [STDOUT/]: [com.magistuarmory.item.armor.ArmorType:<init>:64]: minecraft:default
[06Aug2026 20:33:18.348] [modloading-worker-0/INFO] [STDOUT/]: [com.magistuarmory.item.armor.ArmorType:<init>:64]: magistuarmory:sallet
[06Aug2026 20:33:18.350] [modloading-worker-0/INFO] [STDOUT/]: [com.magistuarmory.item.armor.ArmorType:<init>:64]: minecraft:default
[06Aug2026 20:33:18.351] [modloading-worker-0/INFO] [STDOUT/]: [com.magistuarmory.item.armor.ArmorType:<init>:64]: magistuarmory:maximilian_helmet
[06Aug2026 20:33:18.352] [modloading-worker-0/INFO] [STDOUT/]: [com.magistuarmory.item.armor.ArmorType:<init>:64]: minecraft:default
[06Aug2026 20:33:18.353] [modloading-worker-0/INFO] [STDOUT/]: [com.magistuarmory.item.armor.ArmorType:<init>:64]: minecraft:default
[06Aug2026 20:33:18.354] [modloading-worker-0/INFO] [STDOUT/]: [com.magistuarmory.item.armor.ArmorType:<init>:64]: magistuarmory:kettlehat
[06Aug2026 20:33:18.355] [modloading-worker-0/INFO] [STDOUT/]: [com.magistuarmory.item.armor.ArmorType:<init>:64]: minecraft:default
[06Aug2026 20:33:18.356] [modloading-worker-0/INFO] [STDOUT/]: [com.magistuarmory.item.armor.ArmorType:<init>:64]: magistuarmory:barbute
[06Aug2026 20:33:18.357] [modloading-worker-0/INFO] [STDOUT/]: [com.magistuarmory.item.armor.ArmorType:<init>:64]: minecraft:default
[06Aug2026 20:33:18.359] [modloading-worker-0/INFO] [STDOUT/]: [com.magistuarmory.item.armor.ArmorType:<init>:64]: magistuarmory:crusader
[06Aug2026 20:33:18.360] [modloading-worker-0/INFO] [STDOUT/]: [com.magistuarmory.item.armor.ArmorType:<init>:64]: minecraft:default
[06Aug2026 20:33:18.361] [modloading-worker-0/INFO] [STDOUT/]: [com.magistuarmory.item.armor.ArmorType:<init>:64]: minecraft:default
[06Aug2026 20:33:18.363] [modloading-worker-0/INFO] [STDOUT/]: [com.magistuarmory.item.armor.ArmorType:<init>:64]: minecraft:default
[06Aug2026 20:33:18.364] [modloading-worker-0/INFO] [STDOUT/]: [com.magistuarmory.item.armor.ArmorType:<init>:64]: magistuarmory:armet
[06Aug2026 20:33:18.365] [modloading-worker-0/INFO] [STDOUT/]: [com.magistuarmory.item.armor.ArmorType:<init>:64]: minecraft:default
[06Aug2026 20:33:18.366] [modloading-worker-0/INFO] [STDOUT/]: [com.magistuarmory.item.armor.ArmorType:<init>:64]: magistuarmory:conic_helmet
[06Aug2026 20:33:18.367] [modloading-worker-0/INFO] [org.infernalstudios.miningmaster.MiningMaster/]: Mining Master: Blocks Registered!
[06Aug2026 20:33:18.367] [modloading-worker-0/INFO] [org.infernalstudios.miningmaster.MiningMaster/]: Mining Master: Items Registered!
[06Aug2026 20:33:18.368] [modloading-worker-0/INFO] [STDOUT/]: [com.magistuarmory.item.armor.ArmorType:<init>:64]: magistuarmory:conic_helmet
[06Aug2026 20:33:18.369] [modloading-worker-0/INFO] [STDOUT/]: [com.magistuarmory.item.armor.ArmorType:<init>:64]: magistuarmory:barbute
[06Aug2026 20:33:18.370] [modloading-worker-0/INFO] [STDOUT/]: [com.magistuarmory.item.armor.ArmorType:<init>:64]: minecraft:default
[06Aug2026 20:33:18.371] [modloading-worker-0/INFO] [STDOUT/]: [com.magistuarmory.item.armor.ArmorType:<init>:64]: minecraft:default
[06Aug2026 20:33:18.372] [modloading-worker-0/INFO] [STDOUT/]: [com.magistuarmory.item.armor.ArmorType:<init>:64]: magistuarmory:kettlehat
[06Aug2026 20:33:18.373] [modloading-worker-0/INFO] [STDOUT/]: [com.magistuarmory.item.armor.ArmorType:<init>:64]: magistuarmory:conic_helmet
[06Aug2026 20:33:18.374] [modloading-worker-0/INFO] [STDOUT/]: [com.magistuarmory.item.armor.ArmorType:<init>:64]: magistuarmory:crusader
[06Aug2026 20:33:18.375] [modloading-worker-0/INFO] [STDOUT/]: [com.magistuarmory.item.armor.ArmorType:<init>:64]: minecraft:default
[06Aug2026 20:33:18.376] [modloading-worker-0/INFO] [STDOUT/]: [com.magistuarmory.item.armor.ArmorType:<init>:64]: magistuarmory:bascinet
[06Aug2026 20:33:18.377] [modloading-worker-0/INFO] [STDOUT/]: [com.magistuarmory.item.armor.ArmorType:<init>:64]: minecraft:default
[06Aug2026 20:33:18.378] [modloading-worker-0/INFO] [STDOUT/]: [com.magistuarmory.item.armor.ArmorType:<init>:64]: magistuarmory:wingedhussarchestplate
[06Aug2026 20:33:18.378] [modloading-worker-0/INFO] [org.infernalstudios.miningmaster.MiningMaster/]: Mining Master: Enchantments Registered!
[06Aug2026 20:33:18.379] [modloading-worker-0/INFO] [STDOUT/]: [com.magistuarmory.item.armor.ArmorType:<init>:64]: minecraft:default
[06Aug2026 20:33:18.380] [modloading-worker-0/INFO] [STDOUT/]: [com.magistuarmory.item.armor.ArmorType:<init>:64]: minecraft:default
[06Aug2026 20:33:18.381] [modloading-worker-0/INFO] [STDOUT/]: [com.magistuarmory.item.armor.ArmorType:<init>:64]: magistuarmory:grand_bascinet
[06Aug2026 20:33:18.383] [modloading-worker-0/INFO] [STDOUT/]: [com.magistuarmory.item.armor.ArmorType:<init>:64]: minecraft:default
[06Aug2026 20:33:18.391] [modloading-worker-0/INFO] [org.infernalstudios.miningmaster.MiningMaster/]: Mining Master: Recipes Registered!
[06Aug2026 20:33:18.394] [modloading-worker-0/INFO] [org.infernalstudios.miningmaster.MiningMaster/]: Mining Master: Container Types Registered!
[06Aug2026 20:33:18.396] [modloading-worker-0/INFO] [org.infernalstudios.miningmaster.MiningMaster/]: Mining Master: Tile Entity Types Registered!
[06Aug2026 20:33:18.399] [modloading-worker-0/INFO] [org.infernalstudios.miningmaster.MiningMaster/]: Mining Master: Sounds Registered!
[06Aug2026 20:33:18.403] [modloading-worker-0/INFO] [org.infernalstudios.miningmaster.MiningMaster/]: Mining Master: Loot Modifiers Registered!
[06Aug2026 20:33:18.407] [modloading-worker-0/INFO] [org.infernalstudios.miningmaster.MiningMaster/]: Mining Master: Features Registered!
[06Aug2026 20:33:18.464] [modloading-worker-0/WARN] [mixin/]: Method overwrite conflict for getEntries in croptopia.forge.mixins.json:LootPoolAccessor, previously written by com.blackgear.platform.core.mixin.forge.LootPoolMixin. Skipping method.
[06Aug2026 20:33:19.016] [modloading-worker-0/INFO] [Archery Expansion/]: Finished Loading Archery Expansion
[06Aug2026 20:33:19.204] [modloading-worker-0/INFO] [Mystical Agriculture/]: Registered plugin: com.blakebr0.mysticalagriculture.lib.ModCorePlugin
[06Aug2026 20:33:19.213] [modloading-worker-0/INFO] [dev.architectury.networking.forge.NetworkManagerImpl/]: Registering C2S receiver with id gardens_of_the_dead:networking_channel/bc2f24ca5d503301bb3abf7b928d614e
[06Aug2026 20:33:19.213] [modloading-worker-0/INFO] [dev.architectury.networking.forge.NetworkManagerImpl/]: Registering S2C receiver with id gardens_of_the_dead:networking_channel/bc2f24ca5d503301bb3abf7b928d614e
[06Aug2026 20:33:19.225] [modloading-worker-0/INFO] [Mystical Agriculture/]: Loaded 1 plugins
[06Aug2026 20:33:19.465] [modloading-worker-0/INFO] [com.axperty.delightlib.DelightLib/]: Delight Lib loaded
[06Aug2026 20:33:19.653] [modloading-worker-0/INFO] [toughasnails/]: Serene Seasons detected. Enabling season modifier.
[06Aug2026 20:33:30.287] [Render thread/WARN] [dev.architectury.registry.registries.forge.RegistrarManagerImpl/]: Registry entry listened Registry Entry [minecraft:entity_type / zombie_variants:cave_zombie] was not realized!
[06Aug2026 20:33:30.287] [Render thread/WARN] [dev.architectury.registry.registries.forge.RegistrarManagerImpl/]: Registry entry listened Registry Entry [minecraft:entity_type / zombie_variants:deep_dark_zombie] was not realized!
[06Aug2026 20:33:30.287] [Render thread/WARN] [dev.architectury.registry.registries.forge.RegistrarManagerImpl/]: Registry entry listened Registry Entry [minecraft:entity_type / zombie_variants:jungle_zombie] was not realized!
[06Aug2026 20:33:30.287] [Render thread/WARN] [dev.architectury.registry.registries.forge.RegistrarManagerImpl/]: Registry entry listened Registry Entry [minecraft:entity_type / zombie_variants:swamp_zombie] was not realized!
[06Aug2026 20:33:30.287] [Render thread/WARN] [dev.architectury.registry.registries.forge.RegistrarManagerImpl/]: Registry entry listened Registry Entry [minecraft:entity_type / zombie_variants:desert_zombie] was not realized!
[06Aug2026 20:33:30.287] [Render thread/WARN] [dev.architectury.registry.registries.forge.RegistrarManagerImpl/]: Registry entry listened Registry Entry [minecraft:entity_type / zombie_variants:dripstone_zombie] was not realized!
[06Aug2026 20:33:30.287] [Render thread/WARN] [dev.architectury.registry.registries.forge.RegistrarManagerImpl/]: Registry entry listened Registry Entry [minecraft:entity_type / zombie_variants:bamboo_zombie] was not realized!
[06Aug2026 20:33:30.287] [Render thread/WARN] [dev.architectury.registry.registries.forge.RegistrarManagerImpl/]: Registry entry listened Registry Entry [minecraft:entity_type / zombie_variants:mushroom_zombie] was not realized!
[06Aug2026 20:33:30.287] [Render thread/WARN] [dev.architectury.registry.registries.forge.RegistrarManagerImpl/]: Registry entry listened Registry Entry [minecraft:entity_type / zombie_variants:savanna_zombie] was not realized!
[06Aug2026 20:33:30.287] [Render thread/WARN] [dev.architectury.registry.registries.forge.RegistrarManagerImpl/]: Registry entry listened Registry Entry [minecraft:entity_type / zombie_variants:cherry_zombie] was not realized!
[06Aug2026 20:33:30.287] [Render thread/WARN] [dev.architectury.registry.registries.forge.RegistrarManagerImpl/]: Registry entry listened Registry Entry [minecraft:entity_type / zombie_variants:mangrove_zombie] was not realized!
[06Aug2026 20:33:30.287] [Render thread/WARN] [dev.architectury.registry.registries.forge.RegistrarManagerImpl/]: Registry entry listened Registry Entry [minecraft:entity_type / zombie_variants:lush_zombie] was not realized!
[06Aug2026 20:33:30.287] [Render thread/WARN] [dev.architectury.registry.registries.forge.RegistrarManagerImpl/]: Registry entry listened Registry Entry [minecraft:entity_type / zombie_variants:frozen_zombie] was not realized!
[06Aug2026 20:33:30.287] [Render thread/WARN] [dev.architectury.registry.registries.forge.RegistrarManagerImpl/]: Registry entry listened Registry Entry [minecraft:entity_type / zombie_variants:badlands_zombie] was not realized!
[06Aug2026 20:33:30.287] [Render thread/WARN] [dev.architectury.registry.registries.forge.RegistrarManagerImpl/]: Registry entry listened Registry Entry [minecraft:entity_type / zombie_variants:pale_garden_zombie] was not realized!
[06Aug2026 20:33:30.368] [Render thread/WARN] [Moonlight/]: Failed to find child for WoodType: caverns_and_chasms:azalea - leaves. Ignored! ERROR: No value present
[06Aug2026 20:33:30.428] [Render thread/INFO] [Moonlight/]: Initialized block sets in 74ms
[06Aug2026 20:33:30.455] [Render thread/WARN] [dev.architectury.registry.registries.forge.RegistrarManagerImpl/]: Registry entry listened Registry Entry [minecraft:entity_type / zombie_variants:cave_zombie] was not realized!
[06Aug2026 20:33:30.455] [Render thread/WARN] [dev.architectury.registry.registries.forge.RegistrarManagerImpl/]: Registry entry listened Registry Entry [minecraft:entity_type / zombie_variants:deep_dark_zombie] was not realized!
[06Aug2026 20:33:30.455] [Render thread/WARN] [dev.architectury.registry.registries.forge.RegistrarManagerImpl/]: Registry entry listened Registry Entry [minecraft:entity_type / zombie_variants:jungle_zombie] was not realized!
[06Aug2026 20:33:30.455] [Render thread/WARN] [dev.architectury.registry.registries.forge.RegistrarManagerImpl/]: Registry entry listened Registry Entry [minecraft:entity_type / zombie_variants:swamp_zombie] was not realized!
[06Aug2026 20:33:30.455] [Render thread/WARN] [dev.architectury.registry.registries.forge.RegistrarManagerImpl/]: Registry entry listened Registry Entry [minecraft:entity_type / zombie_variants:desert_zombie] was not realized!
[06Aug2026 20:33:30.455] [Render thread/WARN] [dev.architectury.registry.registries.forge.RegistrarManagerImpl/]: Registry entry listened Registry Entry [minecraft:entity_type / zombie_variants:dripstone_zombie] was not realized!
[06Aug2026 20:33:30.455] [Render thread/WARN] [dev.architectury.registry.registries.forge.RegistrarManagerImpl/]: Registry entry listened Registry Entry [minecraft:entity_type / zombie_variants:bamboo_zombie] was not realized!
[06Aug2026 20:33:30.455] [Render thread/WARN] [dev.architectury.registry.registries.forge.RegistrarManagerImpl/]: Registry entry listened Registry Entry [minecraft:entity_type / zombie_variants:mushroom_zombie] was not realized!
[06Aug2026 20:33:30.455] [Render thread/WARN] [dev.architectury.registry.registries.forge.RegistrarManagerImpl/]: Registry entry listened Registry Entry [minecraft:entity_type / zombie_variants:savanna_zombie] was not realized!
[06Aug2026 20:33:30.455] [Render thread/WARN] [dev.architectury.registry.registries.forge.RegistrarManagerImpl/]: Registry entry listened Registry Entry [minecraft:entity_type / zombie_variants:cherry_zombie] was not realized!
[06Aug2026 20:33:30.455] [Render thread/WARN] [dev.architectury.registry.registries.forge.RegistrarManagerImpl/]: Registry entry listened Registry Entry [minecraft:entity_type / zombie_variants:mangrove_zombie] was not realized!
[06Aug2026 20:33:30.455] [Render thread/WARN] [dev.architectury.registry.registries.forge.RegistrarManagerImpl/]: Registry entry listened Registry Entry [minecraft:entity_type / zombie_variants:lush_zombie] was not realized!
[06Aug2026 20:33:30.455] [Render thread/WARN] [dev.architectury.registry.registries.forge.RegistrarManagerImpl/]: Registry entry listened Registry Entry [minecraft:entity_type / zombie_variants:frozen_zombie] was not realized!
[06Aug2026 20:33:30.455] [Render thread/WARN] [dev.architectury.registry.registries.forge.RegistrarManagerImpl/]: Registry entry listened Registry Entry [minecraft:entity_type / zombie_variants:badlands_zombie] was not realized!
[06Aug2026 20:33:30.455] [Render thread/WARN] [dev.architectury.registry.registries.forge.RegistrarManagerImpl/]: Registry entry listened Registry Entry [minecraft:entity_type / zombie_variants:pale_garden_zombie] was not realized!
[06Aug2026 20:33:31.063] [Render thread/INFO] [evilcraft/]: 2205 possible Broom base combinations are ready for flying!
[06Aug2026 20:33:32.025] [Render thread/WARN] [mixin/]: Method overwrite conflict for setSeed in mixins.endlessbiomes.json:ClimateSamplerMixin, previously written by net.mcreator.endlessheart.mixins.ClimateSamplerMixin. Skipping method.
[06Aug2026 20:33:32.025] [Render thread/WARN] [mixin/]: Method overwrite conflict for getSeed in mixins.endlessbiomes.json:ClimateSamplerMixin, previously written by net.mcreator.endlessheart.mixins.ClimateSamplerMixin. Skipping method.
[06Aug2026 20:33:32.026] [Render thread/WARN] [mixin/]: Method overwrite conflict for getEndBiomesSampler in mixins.endlessbiomes.json:ClimateSamplerMixin, previously written by net.mcreator.endlessheart.mixins.ClimateSamplerMixin. Skipping method.
[06Aug2026 20:33:33.526] [Render thread/INFO] [ModdingLegacy/StructureGel/]: [structure_gel] Registering data for structure_gel:loot_table_alias
[06Aug2026 20:33:33.535] [Render thread/INFO] [ModdingLegacy/StructureGel/]: [structure_gel] Registering data for structure_gel:data_handler_type
[06Aug2026 20:33:33.535] [Render thread/INFO] [ModdingLegacy/StructureGel/]: [structure_gel] Registering data for structure_gel:dynamic_spawner
[06Aug2026 20:33:33.537] [Render thread/INFO] [ModdingLegacy/StructureGel/]: [structure_gel] Registering data for structure_gel:jigsaw_type
[06Aug2026 20:33:33.639] [Render thread/WARN] [net.minecraftforge.registries.ForgeRegistry/REGISTRIES]: Registry forge:global_loot_modifier_serializers: The object RecordCodec[UnitDecoder[vectorwing.farmersdelight.common.loot.modifier.AddItemModifier$$Lambda$80441/0x000000080a100000@22776092] * Field[conditions: passthrough[flatXmapped]] * Field[item: net.minecraftforge.registries.ForgeRegistry$RegistryCodec@7ea6e33a] * OptionalFieldCodec[count: Int][xmapped]] has been registered twice for the same name farmersdelight:add_item.
[06Aug2026 20:33:33.639] [Render thread/WARN] [net.minecraftforge.registries.ForgeRegistry/REGISTRIES]: Registry forge:global_loot_modifier_serializers: The object RecordCodec[UnitDecoder[vectorwing.farmersdelight.common.loot.modifier.ReplaceItemModifier$$Lambda$80446/0x000000080a100b18@209b269f] * Field[conditions: passthrough[flatXmapped]] * Field[removed_item: net.minecraftforge.registries.ForgeRegistry$RegistryCodec@7ea6e33a] * Field[added_item: net.minecraftforge.registries.ForgeRegistry$RegistryCodec@7ea6e33a] * OptionalFieldCodec[count: Int][xmapped]] has been registered twice for the same name farmersdelight:replace_item.
[06Aug2026 20:33:33.639] [Render thread/WARN] [net.minecraftforge.registries.ForgeRegistry/REGISTRIES]: Registry forge:global_loot_modifier_serializers: The object RecordCodec[UnitDecoder[vectorwing.farmersdelight.common.loot.modifier.AddLootTableModifier$$Lambda$80449/0x000000080a1011d0@16a3c5dc] * Field[conditions: passthrough[flatXmapped]] * Field[lootTable: String[comapFlatMapped]]] has been registered twice for the same name farmersdelight:add_loot_table.
[06Aug2026 20:33:33.639] [Render thread/WARN] [net.minecraftforge.registries.ForgeRegistry/REGISTRIES]: Registry forge:global_loot_modifier_serializers: The object RecordCodec[UnitDecoder[vectorwing.farmersdelight.common.loot.modifier.PastrySlicingModifier$$Lambda$80452/0x000000080a101868@f49546a] * Field[conditions: passthrough[flatXmapped]] * Field[slice: net.minecraftforge.registries.ForgeRegistry$RegistryCodec@7ea6e33a]] has been registered twice for the same name farmersdelight:pastry_slicing.
[06Aug2026 20:33:34.015] [Render thread/WARN] [net.minecraft.network.syncher.SynchedEntityData/]: defineId called for: class com.naterbobber.darkerdepths.entities.VoidSoulKnightEntity from class com.naterbobber.darkerdepths.entities.VoidSoulEntity
[06Aug2026 20:33:34.056] [Render thread/WARN] [net.minecraft.network.syncher.SynchedEntityData/]: defineId called for: class net.minecraft.world.entity.monster.Creeper from class blueduck.blighted_beasts.entity.Bloater
[06Aug2026 20:33:34.056] [Render thread/WARN] [net.minecraft.network.syncher.SynchedEntityData/]: defineId called for: class net.minecraft.world.entity.monster.Creeper from class blueduck.blighted_beasts.entity.Bloater
[06Aug2026 20:33:34.056] [Render thread/WARN] [net.minecraft.network.syncher.SynchedEntityData/]: defineId called for: class net.minecraft.world.entity.monster.Creeper from class blueduck.blighted_beasts.entity.Bloater
[06Aug2026 20:33:34.166] [Render thread/WARN] [net.minecraft.network.syncher.SynchedEntityData/]: defineId called for: class net.minecraft.world.entity.animal.Bee from class com.github.sculkhorde.common.entity.SculkBeeHarvesterEntity
[06Aug2026 20:33:34.166] [Render thread/WARN] [net.minecraft.network.syncher.SynchedEntityData/]: defineId called for: class com.github.sculkhorde.common.entity.boss.sculk_enderman.SculkEndermanEntity from class com.github.sculkhorde.common.entity.SculkSporeSpewerEntity
[06Aug2026 20:33:34.166] [Render thread/WARN] [net.minecraft.network.syncher.SynchedEntityData/]: defineId called for: class com.github.sculkhorde.common.entity.boss.sculk_enderman.SculkEndermanEntity from class com.github.sculkhorde.common.entity.SculkPhantomCorpseEntity
[06Aug2026 20:33:34.189] [Render thread/WARN] [net.minecraft.network.syncher.SynchedEntityData/]: defineId called for: class net.mcreator.borninchaosv.entity.BabySpiderEntity from class net.mcreator.borninchaosv.entity.MotherSpiderEntity
[06Aug2026 20:33:34.232] [Render thread/WARN] [net.minecraft.network.syncher.SynchedEntityData/]: defineId called for: class com.github.alexmodguy.alexscaves.server.entity.living.TremorzillaEntity from class com.github.alexmodguy.alexscaves.server.entity.living.LicowitchEntity
[06Aug2026 20:33:34.238] [Render thread/WARN] [net.minecraft.network.syncher.SynchedEntityData/]: defineId called for: class net.mcreator.endlessheart.entity.EndersentEntity from class net.mcreator.endlessheart.entity.SnarelingEntity
[06Aug2026 20:33:34.238] [Render thread/WARN] [net.minecraft.network.syncher.SynchedEntityData/]: defineId called for: class net.mcreator.endlessheart.entity.EndersentEntity from class net.mcreator.endlessheart.entity.BlastlingEntity
[06Aug2026 20:33:34.238] [Render thread/WARN] [net.minecraft.network.syncher.SynchedEntityData/]: defineId called for: class net.mcreator.endlessheart.entity.EndersentEntity from class net.mcreator.endlessheart.entity.WatchlingEntity
[06Aug2026 20:33:34.314] [Render thread/INFO] [ModernFix/]: Replacing search trees with 'JEI' provider
[06Aug2026 20:33:34.560] [Render thread/INFO] [org.berezka.berezka_api.Berezka_api/]: [Berezka API] loading pack for namespaces: [berezka_api] (deprecated) and []
[06Aug2026 20:33:34.667] [Render thread/INFO] [Embeddium/]: Block minecraft:birch_leaves had its color provider replaced and will not use per-vertex coloring
[06Aug2026 20:33:34.671] [Render thread/INFO] [Embeddium/]: Block minecraft:fern had its color provider replaced and will not use per-vertex coloring
[06Aug2026 20:33:34.671] [Render thread/INFO] [Embeddium/]: Block minecraft:tall_grass had its color provider replaced and will not use per-vertex coloring
[06Aug2026 20:33:34.671] [Render thread/INFO] [Embeddium/]: Block minecraft:grass had its color provider replaced and will not use per-vertex coloring
[06Aug2026 20:33:34.671] [Render thread/INFO] [Embeddium/]: Block minecraft:large_fern had its color provider replaced and will not use per-vertex coloring
[06Aug2026 20:33:34.671] [Render thread/INFO] [com.github.alexthe666.alexsmobs.AlexsMobs/]: loaded in block colorizer
[06Aug2026 20:33:34.674] [Render thread/INFO] [Embeddium/]: Block undergarden:gloomgourd_stem had its color provider replaced and will not use per-vertex coloring
[06Aug2026 20:33:34.674] [Render thread/INFO] [Embeddium/]: Block undergarden:gloomgourd_stem_attached had its color provider replaced and will not use per-vertex coloring
[06Aug2026 20:33:34.683] [Render thread/INFO] [Embeddium/]: Block minecraft:water_cauldron had its color provider replaced and will not use per-vertex coloring
[06Aug2026 20:33:34.685] [Render thread/INFO] [com.github.alexmodguy.alexscaves.AlexsCaves/]: loaded in block colorizer
[06Aug2026 20:33:34.702] [Render thread/INFO] [com.github.alexthe666.alexsmobs.AlexsMobs/]: loaded in item colorizer
[06Aug2026 20:33:34.713] [Render thread/INFO] [com.github.alexmodguy.alexscaves.AlexsCaves/]: loaded in item colorizer
[06Aug2026 20:33:34.919] [Render thread/ERROR] [Embeddium-MixinTaintDetector/]: Mod mixin into Embeddium internals detected. This instance is now tainted. The Embeddium team does not provide any guarantee of support for issues encountered while such mods are installed.
[06Aug2026 20:33:34.919] [Render thread/WARN] [Embeddium-MixinTaintDetector/]: Mod(s) [entity_texture_features] are modifying Embeddium class me.jellysquid.mods.sodium.client.render.vertex.buffer.SodiumBufferBuilder, which may cause instability.
[06Aug2026 20:33:34.932] [Render thread/WARN] [Embeddium-MixinTaintDetector/]: Mod(s) [ok_zoomer] are modifying Embeddium class me.jellysquid.mods.sodium.client.render.SodiumWorldRenderer, which may cause instability.
[06Aug2026 20:33:35.932] [Render thread/INFO] [Spartan Weaponry/]: Registering Model Layers!
[06Aug2026 20:33:35.935] [Render thread/INFO] [Spartan Weaponry/]: Model Layer registration complete!
[06Aug2026 20:33:37.271] [Render thread/INFO] [Spartan Weaponry/]: Registering Entity Renderers!
[06Aug2026 20:33:37.739] [Render thread/INFO] [evilcraft/]: Registered key bindings
[06Aug2026 20:33:37.818] [Render thread/INFO] [STDOUT/]: [com.st0x0ef.beyond_earth.common.util.Planets$CelestialBody:addChild:406]: Adding child phobos to mars
[06Aug2026 20:33:37.818] [Render thread/INFO] [STDOUT/]: [com.st0x0ef.beyond_earth.common.util.Planets$CelestialBody:addChild:406]: Adding child deimos to mars
[06Aug2026 20:33:37.818] [Render thread/INFO] [STDOUT/]: [com.st0x0ef.beyond_earth.common.util.Planets$CelestialBody:addChild:406]: Adding child moon to earth
[06Aug2026 20:33:37.818] [Render thread/INFO] [STDOUT/]: [com.st0x0ef.beyond_earth.common.util.Planets$CelestialBody:addChild:406]: Adding child mercury to sun
[06Aug2026 20:33:37.818] [Render thread/INFO] [STDOUT/]: [com.st0x0ef.beyond_earth.common.util.Planets$CelestialBody:addChild:406]: Adding child venus to sun
[06Aug2026 20:33:37.818] [Render thread/INFO] [STDOUT/]: [com.st0x0ef.beyond_earth.common.util.Planets$CelestialBody:addChild:406]: Adding child earth to sun
[06Aug2026 20:33:37.818] [Render thread/INFO] [STDOUT/]: [com.st0x0ef.beyond_earth.common.util.Planets$CelestialBody:addChild:406]: Adding child mars to sun
[06Aug2026 20:33:37.819] [Render thread/INFO] [STDOUT/]: [com.st0x0ef.beyond_earth.common.util.Planets$CelestialBody:addChild:406]: Adding child glacio to proxima_centauri
[06Aug2026 20:33:37.820] [Render thread/INFO] [STDOUT/]: [com.st0x0ef.beyond_earth.common.util.Planets$CelestialBody:addChild:406]: Adding child mercury to sun
[06Aug2026 20:33:37.820] [Render thread/INFO] [STDOUT/]: [com.st0x0ef.beyond_earth.common.util.Planets$CelestialBody:addChild:406]: Adding child venus to sun
[06Aug2026 20:33:37.820] [Render thread/INFO] [STDOUT/]: [com.st0x0ef.beyond_earth.common.util.Planets$CelestialBody:addChild:406]: Adding child moon to earth
[06Aug2026 20:33:37.820] [Render thread/INFO] [STDOUT/]: [com.st0x0ef.beyond_earth.common.util.Planets$CelestialBody:addChild:406]: Adding child earth to sun
[06Aug2026 20:33:37.820] [Render thread/INFO] [STDOUT/]: [com.st0x0ef.beyond_earth.common.util.Planets$CelestialBody:addChild:406]: Adding child phobos to mars
[06Aug2026 20:33:37.820] [Render thread/INFO] [STDOUT/]: [com.st0x0ef.beyond_earth.common.util.Planets$CelestialBody:addChild:406]: Adding child deimos to mars
[06Aug2026 20:33:37.820] [Render thread/INFO] [STDOUT/]: [com.st0x0ef.beyond_earth.common.util.Planets$CelestialBody:addChild:406]: Adding child mars to sun
[06Aug2026 20:33:37.820] [Render thread/INFO] [STDOUT/]: [com.st0x0ef.beyond_earth.common.util.Planets$CelestialBody:addChild:406]: Adding child glacio to proxima_centauri
[06Aug2026 20:33:37.955] [Render thread/INFO] [org.berezka.berezka_api.resources.BuiltInResourcePack/]: [Berezka API] Builtin resource pack created.
[06Aug2026 20:33:37.958] [Render thread/INFO] [net.minecraft.server.packs.resources.ReloadableResourceManager/]: Reloading ResourceManager: the_bumblezone:add_pack/shader_emissive, the_bumblezone:add_pack/anti_tropophobia, vanilla, mod_resources, Moonlight Mods Dynamic Assets, builtin/client/deep_aether_emissivity, aether_emissivity-1.20.1-1.0.0-neoforge.jar:packs/model_override, face_of_horror_custom_sounds, netherexp:jne_emissive, netherexp:jne_retextures, midnightlurker:ml_legacy_sounds, midnightlurker:ml_legacy, builtin/client/deep_aether_additional_assets, aether-1.20.1-1.5.2-neoforge.jar:packs/tooltips, builtin/aether_125_art, aether-1.20.1-1.5.2-neoforge.jar:packs/colorblind, builtin/client/deep_aether_tooltips, cullleaves:smartleaves, file/SE Vanilla Consistency 1.20.1.zip, good_nights_sleep:legacy_pack, netherexp:conflicting_retextures, programmer_art, supplementaries:darker_ropes, unique_nether_wood, Freshly Animated, Freshly Animated Legacy, moolands:legacy_pack, blue_skies:legacy_pack, berezka_api_data
[06Aug2026 20:33:37.961] [Render thread/INFO] [org.berezka.berezka_api.resources.BuiltInResourcePack/]: [Berezka API] returning namespaces: [berezka_api]
[06Aug2026 20:33:37.973] [Render thread/INFO] [org.berezka.berezka_api.resources.BuiltInResourcePack/]: [Berezka API] returning namespaces: [berezka_api]
[06Aug2026 20:33:37.997] [Worker-ResourceReload-0/INFO] [Moonlight/]: Starting runtime resource generation for pack type CLIENT_RESOURCES with generators from mods [supplementaries, amendments, supplementaries, moonlight]: [net.mehvahdjukaar.supplementaries.dynamicpack.ClientDynamicResourcesGenerator@3b305fa3, net.mehvahdjukaar.amendments.client.ClientResourceGenerator@710199a7, net.mehvahdjukaar.moonlight.core.MoonlightClient$MLDynamicClientResources@41a056ff]
[06Aug2026 20:33:37.998] [Worker-ResourceReload-0/INFO] [Moonlight/]: Generating runtime assets for pack Moonlight Mods Dynamic Assets (supplementaries)
[06Aug2026 20:33:38.037] [Render thread/INFO] [EMF/]: [EMF]: EMF did not find the Iris API, disabling shadow pass detection
[06Aug2026 20:33:39.304] [pool-10-thread-1/INFO] [org.berezka.berezka_api.resources.BuiltInResourcePack/]: [Berezka API] listResources called with type: CLIENT_RESOURCES, namespace: berezka_api (true - false), path: textures/entity/globes/palettes
[06Aug2026 20:33:39.453] [pool-10-thread-1/ERROR] [Supplementaries/]: Failed to generate Sign Post item texture for for chococraft/sign_post_cinnamomum_verum : java.io.IOException: Failed to open texture at location chococraft:block/13530476-cover_xl-1: no such file
[06Aug2026 20:33:39.534] [pool-10-thread-1/ERROR] [Supplementaries/]: Failed to generate Sign Post block texture for for chococraft/sign_post_cinnamomum_verum : java.io.IOException: Failed to open texture at location chococraft:block/13530476-cover_xl-1: no such file
[06Aug2026 20:33:39.557] [Worker-ResourceReload-0/INFO] [Supplementaries/]: Generated runtime CLIENT_RESOURCES for pack Moonlight Mods Dynamic Assets (supplementaries) in: 1558 ms (multithreaded)
[06Aug2026 20:33:39.557] [Worker-ResourceReload-0/INFO] [Moonlight/]: Generating runtime assets for pack Moonlight Mods Dynamic Assets (amendments)
[06Aug2026 20:33:39.599] [pool-10-thread-1/ERROR] [Moonlight/]: fromAnimatedImage - Palette mask mining_drills:item/shulk-disc-music needs to be at least as large as the target image amendments:block/music_discs/music_disc_mask and have the same frame count. You must alter the mask's 16x16 to match the texture size's 512x512
[06Aug2026 20:33:39.602] [pool-10-thread-1/WARN] [Amendments/]: Failed to generate record item texture for shulkerofend. No model / texture found
[06Aug2026 20:33:39.607] [pool-10-thread-3/WARN] [Amendments/]: Failed to generate hanging sign extension texture for midnight:shadowroot, 
java.io.IOException: Failed to open texture at location midnight:entity/signs/hanging/shadowroot: no such file
	at net.mehvahdjukaar.moonlight.api.resources.textures.TextureImage.open(TextureImage.java:58) ~[moonlight-1.20-2.16.34-forge.jar%23647!/:?]
	at net.mehvahdjukaar.amendments.client.ClientResourceGenerator.generateHangingSignAssets(ClientResourceGenerator.java:330) ~[amendments-1.20-2.2.5.jar%23475!/:?]
	at net.mehvahdjukaar.moonlight.api.resources.pack.DynResourceGenerator.lambda$regenerateDynamicAssets$0(DynResourceGenerator.java:101) ~[moonlight-1.20-2.16.34-forge.jar%23647!/:?]
	at java.util.concurrent.CompletableFuture$AsyncSupply.run(CompletableFuture.java:1768) ~[?:?]
	at java.util.concurrent.ThreadPoolExecutor.runWorker(ThreadPoolExecutor.java:1136) ~[?:?]
	at java.util.concurrent.ThreadPoolExecutor$Worker.run(ThreadPoolExecutor.java:635) ~[?:?]
	at java.lang.Thread.run(Thread.java:840) ~[?:?]
[06Aug2026 20:33:39.608] [pool-10-thread-3/WARN] [Amendments/]: Failed to generate hanging sign extension texture for midnight:dark_willow, 
java.io.IOException: Failed to open texture at location midnight:entity/signs/hanging/dark_willow: no such file
	at net.mehvahdjukaar.moonlight.api.resources.textures.TextureImage.open(TextureImage.java:58) ~[moonlight-1.20-2.16.34-forge.jar%23647!/:?]
	at net.mehvahdjukaar.amendments.client.ClientResourceGenerator.generateHangingSignAssets(ClientResourceGenerator.java:330) ~[amendments-1.20-2.2.5.jar%23475!/:?]
	at net.mehvahdjukaar.moonlight.api.resources.pack.DynResourceGenerator.lambda$regenerateDynamicAssets$0(DynResourceGenerator.java:101) ~[moonlight-1.20-2.16.34-forge.jar%23647!/:?]
	at java.util.concurrent.CompletableFuture$AsyncSupply.run(CompletableFuture.java:1768) ~[?:?]
	at java.util.concurrent.ThreadPoolExecutor.runWorker(ThreadPoolExecutor.java:1136) ~[?:?]
	at java.util.concurrent.ThreadPoolExecutor$Worker.run(ThreadPoolExecutor.java:635) ~[?:?]
	at java.lang.Thread.run(Thread.java:840) ~[?:?]
[06Aug2026 20:33:39.608] [pool-10-thread-4/ERROR] [Moonlight/]: addTextureIfNotPresent <- Failed to generate texture amendments:block/signs/midnight/sign_shadowroot: java.lang.RuntimeException: java.io.IOException: Failed to open texture at location midnight:entity/signs/shadowroot: no such file
[06Aug2026 20:33:39.608] [pool-10-thread-4/ERROR] [Moonlight/]: addTextureIfNotPresent <- Failed to generate texture amendments:block/signs/midnight/sign_dark_willow: java.lang.RuntimeException: java.io.IOException: Failed to open texture at location midnight:entity/signs/dark_willow: no such file
[06Aug2026 20:33:39.608] [pool-10-thread-4/ERROR] [Moonlight/]: addTextureIfNotPresent <- Failed to generate texture amendments:block/signs/midnight/sign_manglewood: java.lang.RuntimeException: java.io.IOException: Failed to open texture at location midnight:entity/signs/manglewood: no such file
[06Aug2026 20:33:39.608] [pool-10-thread-4/ERROR] [Moonlight/]: addTextureIfNotPresent <- Failed to generate texture amendments:block/signs/midnight/sign_nightshroom: java.lang.RuntimeException: java.io.IOException: Failed to open texture at location midnight:entity/signs/nightshroom: no such file
[06Aug2026 20:33:39.608] [pool-10-thread-3/WARN] [Amendments/]: Failed to generate hanging sign extension texture for midnight:manglewood, 
java.io.IOException: Failed to open texture at location midnight:entity/signs/hanging/manglewood: no such file
	at net.mehvahdjukaar.moonlight.api.resources.textures.TextureImage.open(TextureImage.java:58) ~[moonlight-1.20-2.16.34-forge.jar%23647!/:?]
	at net.mehvahdjukaar.amendments.client.ClientResourceGenerator.generateHangingSignAssets(ClientResourceGenerator.java:330) ~[amendments-1.20-2.2.5.jar%23475!/:?]
	at net.mehvahdjukaar.moonlight.api.resources.pack.DynResourceGenerator.lambda$regenerateDynamicAssets$0(DynResourceGenerator.java:101) ~[moonlight-1.20-2.16.34-forge.jar%23647!/:?]
	at java.util.concurrent.CompletableFuture$AsyncSupply.run(CompletableFuture.java:1768) ~[?:?]
	at java.util.concurrent.ThreadPoolExecutor.runWorker(ThreadPoolExecutor.java:1136) ~[?:?]
	at java.util.concurrent.ThreadPoolExecutor$Worker.run(ThreadPoolExecutor.java:635) ~[?:?]
	at java.lang.Thread.run(Thread.java:840) ~[?:?]
[06Aug2026 20:33:39.608] [pool-10-thread-4/ERROR] [Moonlight/]: addTextureIfNotPresent <- Failed to generate texture amendments:block/signs/midnight/sign_dewshroom: java.lang.RuntimeException: java.io.IOException: Failed to open texture at location midnight:entity/signs/dewshroom: no such file
[06Aug2026 20:33:39.608] [pool-10-thread-4/ERROR] [Moonlight/]: addTextureIfNotPresent <- Failed to generate texture amendments:block/signs/midnight/sign_viridshroom: java.lang.RuntimeException: java.io.IOException: Failed to open texture at location midnight:entity/signs/viridshroom: no such file
[06Aug2026 20:33:39.609] [pool-10-thread-4/ERROR] [Moonlight/]: addTextureIfNotPresent <- Failed to generate texture amendments:block/signs/midnight/sign_moonshroom: java.lang.RuntimeException: java.io.IOException: Failed to open texture at location midnight:entity/signs/moonshroom: no such file
[06Aug2026 20:33:39.609] [pool-10-thread-4/ERROR] [Moonlight/]: addTextureIfNotPresent <- Failed to generate texture amendments:block/signs/midnight/sign_bogshroom: java.lang.RuntimeException: java.io.IOException: Failed to open texture at location midnight:entity/signs/bogshroom: no such file
[06Aug2026 20:33:39.609] [pool-10-thread-3/WARN] [Amendments/]: Failed to generate hanging sign extension texture for midnight:nightshroom, 
java.io.IOException: Failed to open texture at location midnight:entity/signs/hanging/nightshroom: no such file
	at net.mehvahdjukaar.moonlight.api.resources.textures.TextureImage.open(TextureImage.java:58) ~[moonlight-1.20-2.16.34-forge.jar%23647!/:?]
	at net.mehvahdjukaar.amendments.client.ClientResourceGenerator.generateHangingSignAssets(ClientResourceGenerator.java:330) ~[amendments-1.20-2.2.5.jar%23475!/:?]
	at net.mehvahdjukaar.moonlight.api.resources.pack.DynResourceGenerator.lambda$regenerateDynamicAssets$0(DynResourceGenerator.java:101) ~[moonlight-1.20-2.16.34-forge.jar%23647!/:?]
	at java.util.concurrent.CompletableFuture$AsyncSupply.run(CompletableFuture.java:1768) ~[?:?]
	at java.util.concurrent.ThreadPoolExecutor.runWorker(ThreadPoolExecutor.java:1136) ~[?:?]
	at java.util.concurrent.ThreadPoolExecutor$Worker.run(ThreadPoolExecutor.java:635) ~[?:?]
	at java.lang.Thread.run(Thread.java:840) ~[?:?]
[06Aug2026 20:33:39.609] [pool-10-thread-3/WARN] [Amendments/]: Failed to generate hanging sign extension texture for midnight:dewshroom, 
java.io.IOException: Failed to open texture at location midnight:entity/signs/hanging/dewshroom: no such file
	at net.mehvahdjukaar.moonlight.api.resources.textures.TextureImage.open(TextureImage.java:58) ~[moonlight-1.20-2.16.34-forge.jar%23647!/:?]
	at net.mehvahdjukaar.amendments.client.ClientResourceGenerator.generateHangingSignAssets(ClientResourceGenerator.java:330) ~[amendments-1.20-2.2.5.jar%23475!/:?]
	at net.mehvahdjukaar.moonlight.api.resources.pack.DynResourceGenerator.lambda$regenerateDynamicAssets$0(DynResourceGenerator.java:101) ~[moonlight-1.20-2.16.34-forge.jar%23647!/:?]
	at java.util.concurrent.CompletableFuture$AsyncSupply.run(CompletableFuture.java:1768) ~[?:?]
	at java.util.concurrent.ThreadPoolExecutor.runWorker(ThreadPoolExecutor.java:1136) ~[?:?]
	at java.util.concurrent.ThreadPoolExecutor$Worker.run(ThreadPoolExecutor.java:635) ~[?:?]
	at java.lang.Thread.run(Thread.java:840) ~[?:?]
[06Aug2026 20:33:39.609] [pool-10-thread-3/WARN] [Amendments/]: Failed to generate hanging sign extension texture for midnight:viridshroom, 
java.io.IOException: Failed to open texture at location midnight:entity/signs/hanging/viridshroom: no such file
	at net.mehvahdjukaar.moonlight.api.resources.textures.TextureImage.open(TextureImage.java:58) ~[moonlight-1.20-2.16.34-forge.jar%23647!/:?]
	at net.mehvahdjukaar.amendments.client.ClientResourceGenerator.generateHangingSignAssets(ClientResourceGenerator.java:330) ~[amendments-1.20-2.2.5.jar%23475!/:?]
	at net.mehvahdjukaar.moonlight.api.resources.pack.DynResourceGenerator.lambda$regenerateDynamicAssets$0(DynResourceGenerator.java:101) ~[moonlight-1.20-2.16.34-forge.jar%23647!/:?]
	at java.util.concurrent.CompletableFuture$AsyncSupply.run(CompletableFuture.java:1768) ~[?:?]
	at java.util.concurrent.ThreadPoolExecutor.runWorker(ThreadPoolExecutor.java:1136) ~[?:?]
	at java.util.concurrent.ThreadPoolExecutor$Worker.run(ThreadPoolExecutor.java:635) ~[?:?]
	at java.lang.Thread.run(Thread.java:840) ~[?:?]
[06Aug2026 20:33:39.609] [pool-10-thread-3/WARN] [Amendments/]: Failed to generate hanging sign extension texture for midnight:moonshroom, 
java.io.IOException: Failed to open texture at location midnight:entity/signs/hanging/moonshroom: no such file
	at net.mehvahdjukaar.moonlight.api.resources.textures.TextureImage.open(TextureImage.java:58) ~[moonlight-1.20-2.16.34-forge.jar%23647!/:?]
	at net.mehvahdjukaar.amendments.client.ClientResourceGenerator.generateHangingSignAssets(ClientResourceGenerator.java:330) ~[amendments-1.20-2.2.5.jar%23475!/:?]
	at net.mehvahdjukaar.moonlight.api.resources.pack.DynResourceGenerator.lambda$regenerateDynamicAssets$0(DynResourceGenerator.java:101) ~[moonlight-1.20-2.16.34-forge.jar%23647!/:?]
	at java.util.concurrent.CompletableFuture$AsyncSupply.run(CompletableFuture.java:1768) ~[?:?]
	at java.util.concurrent.ThreadPoolExecutor.runWorker(ThreadPoolExecutor.java:1136) ~[?:?]
	at java.util.concurrent.ThreadPoolExecutor$Worker.run(ThreadPoolExecutor.java:635) ~[?:?]
	at java.lang.Thread.run(Thread.java:840) ~[?:?]
[06Aug2026 20:33:39.610] [pool-10-thread-3/WARN] [Amendments/]: Failed to generate hanging sign extension texture for midnight:bogshroom, 
java.io.IOException: Failed to open texture at location midnight:entity/signs/hanging/bogshroom: no such file
	at net.mehvahdjukaar.moonlight.api.resources.textures.TextureImage.open(TextureImage.java:58) ~[moonlight-1.20-2.16.34-forge.jar%23647!/:?]
	at net.mehvahdjukaar.amendments.client.ClientResourceGenerator.generateHangingSignAssets(ClientResourceGenerator.java:330) ~[amendments-1.20-2.2.5.jar%23475!/:?]
	at net.mehvahdjukaar.moonlight.api.resources.pack.DynResourceGenerator.lambda$regenerateDynamicAssets$0(DynResourceGenerator.java:101) ~[moonlight-1.20-2.16.34-forge.jar%23647!/:?]
	at java.util.concurrent.CompletableFuture$AsyncSupply.run(CompletableFuture.java:1768) ~[?:?]
	at java.util.concurrent.ThreadPoolExecutor.runWorker(ThreadPoolExecutor.java:1136) ~[?:?]
	at java.util.concurrent.ThreadPoolExecutor$Worker.run(ThreadPoolExecutor.java:635) ~[?:?]
	at java.lang.Thread.run(Thread.java:840) ~[?:?]
[06Aug2026 20:33:39.621] [pool-10-thread-1/ERROR] [Moonlight/]: fromAnimatedImage - Palette mask mining_drills:item/cd needs to be at least as large as the target image amendments:block/music_discs/music_disc_mask and have the same frame count. You must alter the mask's 16x16 to match the texture size's 1024x1024
[06Aug2026 20:33:39.632] [pool-10-thread-1/WARN] [Amendments/]: Failed to generate record item texture for copper_music_disc. No model / texture found
[06Aug2026 20:33:39.632] [pool-10-thread-1/ERROR] [Moonlight/]: Tried to save a non allocated texture image at amendments:block/music_discs/mining_drills/copper_music_disc 
Did you close it too early?
[06Aug2026 20:33:39.638] [pool-10-thread-1/ERROR] [Moonlight/]: fromAnimatedImage - Palette mask bnetherite:item/music_disc_blocks_je1_be1_1 needs to be at least as large as the target image amendments:block/music_discs/music_disc_mask and have the same frame count. You must alter the mask's 16x16 to match the texture size's 32x32
[06Aug2026 20:33:39.643] [pool-10-thread-1/WARN] [Amendments/]: Failed to generate record item texture for defying_starlight. No model / texture found
[06Aug2026 20:33:39.643] [pool-10-thread-1/ERROR] [Moonlight/]: Tried to save a non allocated texture image at amendments:block/music_discs/blue_skies/defying_starlight 
Did you close it too early?
[06Aug2026 20:33:39.645] [pool-10-thread-1/ERROR] [Moonlight/]: fromAnimatedImage - Palette mask mining_drills:item/music-disc-2-cat needs to be at least as large as the target image amendments:block/music_discs/music_disc_mask and have the same frame count. You must alter the mask's 16x16 to match the texture size's 32x32
[06Aug2026 20:33:39.650] [pool-10-thread-1/ERROR] [Moonlight/]: fromAnimatedImage - Palette mask cataclysm:item/music_disc_maledictus needs to be at least as large as the target image amendments:block/music_discs/music_disc_mask and have the same frame count. You must alter the mask's 16x16 to match the texture size's 16x208
[06Aug2026 20:33:39.655] [Worker-ResourceReload-0/INFO] [Amendments/]: Generated runtime CLIENT_RESOURCES for pack Moonlight Mods Dynamic Assets (amendments) in: 97 ms (multithreaded)
[06Aug2026 20:33:39.655] [Worker-ResourceReload-0/INFO] [Moonlight/]: Generating runtime assets for pack Moonlight Mods Dynamic Assets (moonlight)
[06Aug2026 20:33:39.656] [Worker-ResourceReload-0/INFO] [Moonlight/]: Generated runtime CLIENT_RESOURCES for pack Moonlight Mods Dynamic Assets (moonlight) in: 0 ms (multithreaded)
[06Aug2026 20:33:39.656] [Worker-ResourceReload-0/INFO] [Moonlight/]: Finished runtime resources generation for 4 packs in a total of 1658 ms
[06Aug2026 20:33:39.666] [Render thread/INFO] [org.berezka.berezka_api.resources.BuiltInResourcePack/]: [Berezka API] listResources called with type: CLIENT_RESOURCES, namespace: berezka_api (true - false), path: remolders
[06Aug2026 20:33:39.709] [Render thread/INFO] [com.teamabnormals.blueprint.core.Blueprint/]: Successfully loaded 4 assets remolders!
[06Aug2026 20:33:39.714] [Worker-ResourceReload-1/INFO] [org.berezka.berezka_api.resources.BuiltInResourcePack/]: [Berezka API] listResources called with type: CLIENT_RESOURCES, namespace: berezka_api (true - false), path: animations
[06Aug2026 20:33:39.715] [Worker-ResourceReload-0/INFO] [org.berezka.berezka_api.resources.BuiltInResourcePack/]: [Berezka API] listResources called with type: CLIENT_RESOURCES, namespace: berezka_api (true - false), path: geo
[06Aug2026 20:33:39.716] [Worker-ResourceReload-2/INFO] [org.berezka.berezka_api.resources.BuiltInResourcePack/]: [Berezka API] listResources called with type: CLIENT_RESOURCES, namespace: berezka_api (true - false), path: bedrock_particles
[06Aug2026 20:33:39.717] [Worker-ResourceReload-3/INFO] [org.berezka.berezka_api.resources.BuiltInResourcePack/]: [Berezka API] listResources called with type: CLIENT_RESOURCES, namespace: berezka_api (true - false), path: anim_bosses_rise
[06Aug2026 20:33:39.718] [Worker-ResourceReload-4/INFO] [org.berezka.berezka_api.resources.BuiltInResourcePack/]: [Berezka API] listResources called with type: CLIENT_RESOURCES, namespace: berezka_api (true - false), path: blue_skies/journal_lang
[06Aug2026 20:33:39.727] [Render thread/INFO] [org.berezka.berezka_api.resources.BuiltInResourcePack/]: [Berezka API] listResources called with type: CLIENT_RESOURCES, namespace: berezka_api (true - false), path: font
[06Aug2026 20:33:39.731] [Worker-ResourceReload-6/INFO] [org.berezka.berezka_api.resources.BuiltInResourcePack/]: [Berezka API] listResources called with type: CLIENT_RESOURCES, namespace: berezka_api (true - false), path: sounds
[06Aug2026 20:33:39.810] [Worker-ResourceReload-6/WARN] [net.minecraft.client.sounds.SoundManager/]: File supplementaries:sounds/item/awning_bounce_1.ogg does not exist, cannot add it to event supplementaries:block.awning.bounce
[06Aug2026 20:33:39.810] [Worker-ResourceReload-6/WARN] [net.minecraft.client.sounds.SoundManager/]: File supplementaries:sounds/item/awning_bounce_2.ogg does not exist, cannot add it to event supplementaries:block.awning.bounce
[06Aug2026 20:33:39.810] [Worker-ResourceReload-6/WARN] [net.minecraft.client.sounds.SoundManager/]: File supplementaries:sounds/item/awning_bounce_3.ogg does not exist, cannot add it to event supplementaries:block.awning.bounce
[06Aug2026 20:33:39.833] [Worker-ResourceReload-6/WARN] [net.minecraft.client.sounds.SoundManager/]: File elysiumjar:sounds/mellohi-corrupted.ogg does not exist, cannot add it to event elysiumjar:mellohi-corrupted
[06Aug2026 20:33:39.838] [Worker-ResourceReload-6/WARN] [net.minecraft.client.sounds.SoundManager/]: File the_starved_stalker:sounds/glaivehit10.ogg does not exist, cannot add it to event the_starved_stalker:glaivehit
[06Aug2026 20:33:39.838] [Worker-ResourceReload-6/WARN] [net.minecraft.client.sounds.SoundManager/]: File the_starved_stalker:sounds/glaivehit9.ogg does not exist, cannot add it to event the_starved_stalker:glaivehit
[06Aug2026 20:33:39.838] [Worker-ResourceReload-6/WARN] [net.minecraft.client.sounds.SoundManager/]: File the_starved_stalker:sounds/glaivehit8.ogg does not exist, cannot add it to event the_starved_stalker:glaivehit
[06Aug2026 20:33:39.838] [Worker-ResourceReload-6/WARN] [net.minecraft.client.sounds.SoundManager/]: File the_starved_stalker:sounds/glaivehit5.ogg does not exist, cannot add it to event the_starved_stalker:glaivehit
[06Aug2026 20:33:39.838] [Worker-ResourceReload-6/WARN] [net.minecraft.client.sounds.SoundManager/]: File the_starved_stalker:sounds/glaivehit6.ogg does not exist, cannot add it to event the_starved_stalker:glaivehit
[06Aug2026 20:33:39.838] [Worker-ResourceReload-6/WARN] [net.minecraft.client.sounds.SoundManager/]: File the_starved_stalker:sounds/glaivehit3.ogg does not exist, cannot add it to event the_starved_stalker:glaivehit
[06Aug2026 20:33:39.839] [Worker-ResourceReload-6/WARN] [net.minecraft.client.sounds.SoundManager/]: File the_starved_stalker:sounds/glaivehit4.ogg does not exist, cannot add it to event the_starved_stalker:glaivehit
[06Aug2026 20:33:39.839] [Worker-ResourceReload-6/WARN] [net.minecraft.client.sounds.SoundManager/]: File the_starved_stalker:sounds/glaivehit2.ogg does not exist, cannot add it to event the_starved_stalker:glaivehit
[06Aug2026 20:33:39.839] [Worker-ResourceReload-6/WARN] [net.minecraft.client.sounds.SoundManager/]: File the_starved_stalker:sounds/glaivehit1.ogg does not exist, cannot add it to event the_starved_stalker:glaivehit
[06Aug2026 20:33:39.839] [Worker-ResourceReload-6/WARN] [net.minecraft.client.sounds.SoundManager/]: File the_starved_stalker:sounds/daggerstab.ogg does not exist, cannot add it to event the_starved_stalker:daggerstab
[06Aug2026 20:33:39.839] [Worker-ResourceReload-6/WARN] [net.minecraft.client.sounds.SoundManager/]: File the_starved_stalker:sounds/chase_remake_drums.ogg does not exist, cannot add it to event the_starved_stalker:chasethemedisc
[06Aug2026 20:33:39.847] [Worker-ResourceReload-6/INFO] [org.berezka.berezka_api.resources.BuiltInResourcePack/]: [Berezka API] getResource called with type: CLIENT_RESOURCES and location: berezka_api:sounds.json
[06Aug2026 20:33:39.858] [Worker-ResourceReload-2/WARN] [net.unusual.block_factorys_bosses.client.particle.bedrock.appearance.FacingCameraMode/]: Bedrock particle facing_camera_mode 'direction_z' is not yet implemented, falling back to rotate_xyz
[06Aug2026 20:33:39.878] [Worker-ResourceReload-2/WARN] [net.unusual.block_factorys_bosses.client.particle.bedrock.appearance.FacingCameraMode/]: Bedrock particle facing_camera_mode 'lookat_xyz' is not yet implemented, falling back to rotate_xyz
[06Aug2026 20:33:39.879] [Worker-ResourceReload-2/WARN] [net.unusual.block_factorys_bosses.client.particle.bedrock.appearance.FacingCameraMode/]: Bedrock particle facing_camera_mode 'direction_z' is not yet implemented, falling back to rotate_xyz
[06Aug2026 20:33:39.881] [Worker-ResourceReload-2/WARN] [net.unusual.block_factorys_bosses.client.particle.bedrock.appearance.FacingCameraMode/]: Bedrock particle facing_camera_mode 'lookat_xyz' is not yet implemented, falling back to rotate_xyz
[06Aug2026 20:33:39.881] [Worker-ResourceReload-14/INFO] [STDERR/]: [software.bernie.geckolib.core.molang.MolangParser:parseSymbolsMolang:259]: java.lang.Exception: Given object couldn't be converted to value! -
[06Aug2026 20:33:39.883] [Worker-ResourceReload-14/INFO] [STDERR/]: [software.bernie.geckolib.core.molang.MolangParser:parseSymbolsMolang:259]: 	at TRANSFORMER/mclib@20/com.eliotlash.mclib.math.MathBuilder.valueFromObject(MathBuilder.java:488)
[06Aug2026 20:33:39.883] [Worker-ResourceReload-14/INFO] [STDERR/]: [software.bernie.geckolib.core.molang.MolangParser:parseSymbolsMolang:259]: 	at TRANSFORMER/mclib@20/com.eliotlash.mclib.math.MathBuilder.parseSymbols(MathBuilder.java:257)
[06Aug2026 20:33:39.883] [Worker-ResourceReload-2/WARN] [net.unusual.block_factorys_bosses.client.particle.bedrock.appearance.FacingCameraMode/]: Bedrock particle facing_camera_mode 'lookat_xyz' is not yet implemented, falling back to rotate_xyz
[06Aug2026 20:33:39.884] [Worker-ResourceReload-14/INFO] [STDERR/]: [software.bernie.geckolib.core.molang.MolangParser:parseSymbolsMolang:259]: 	at TRANSFORMER/geckolib@4.8.4/software.bernie.geckolib.core.molang.MolangParser.parseSymbolsMolang(MolangParser.java:256)
[06Aug2026 20:33:39.885] [Worker-ResourceReload-14/INFO] [STDERR/]: [software.bernie.geckolib.core.molang.MolangParser:parseSymbolsMolang:259]: 	at TRANSFORMER/geckolib@4.8.4/software.bernie.geckolib.core.molang.MolangParser.parseOneLine(MolangParser.java:244)
[06Aug2026 20:33:39.885] [Worker-ResourceReload-14/INFO] [STDERR/]: [software.bernie.geckolib.core.molang.MolangParser:parseSymbolsMolang:259]: 	at TRANSFORMER/geckolib@4.8.4/software.bernie.geckolib.core.molang.MolangParser.parseExpression(MolangParser.java:199)
[06Aug2026 20:33:39.886] [Worker-ResourceReload-14/INFO] [STDERR/]: [software.bernie.geckolib.core.molang.MolangParser:parseSymbolsMolang:259]: 	at TRANSFORMER/geckolib@4.8.4/software.bernie.geckolib.core.molang.MolangParser.parseJson(MolangParser.java:181)
[06Aug2026 20:33:39.887] [Worker-ResourceReload-14/INFO] [STDERR/]: [software.bernie.geckolib.core.molang.MolangParser:parseSymbolsMolang:259]: 	at TRANSFORMER/geckolib@4.8.4/software.bernie.geckolib.loading.json.typeadapter.BakedAnimationsAdapter.buildKeyframeStack(BakedAnimationsAdapter.java:198)
[06Aug2026 20:33:39.887] [Worker-ResourceReload-14/INFO] [STDERR/]: [software.bernie.geckolib.core.molang.MolangParser:parseSymbolsMolang:259]: 	at TRANSFORMER/geckolib@4.8.4/software.bernie.geckolib.loading.json.typeadapter.BakedAnimationsAdapter.bakeBoneAnimations(BakedAnimationsAdapter.java:72)
[06Aug2026 20:33:39.887] [Worker-ResourceReload-14/INFO] [STDERR/]: [software.bernie.geckolib.core.molang.MolangParser:parseSymbolsMolang:259]: 	at TRANSFORMER/geckolib@4.8.4/software.bernie.geckolib.loading.json.typeadapter.BakedAnimationsAdapter.bakeAnimation(BakedAnimationsAdapter.java:53)
[06Aug2026 20:33:39.888] [Worker-ResourceReload-14/INFO] [STDERR/]: [software.bernie.geckolib.core.molang.MolangParser:parseSymbolsMolang:259]: 	at TRANSFORMER/geckolib@4.8.4/software.bernie.geckolib.loading.json.typeadapter.BakedAnimationsAdapter.deserialize(BakedAnimationsAdapter.java:39)
[06Aug2026 20:33:39.888] [Worker-ResourceReload-14/INFO] [STDERR/]: [software.bernie.geckolib.core.molang.MolangParser:parseSymbolsMolang:259]: 	at TRANSFORMER/geckolib@4.8.4/software.bernie.geckolib.loading.json.typeadapter.BakedAnimationsAdapter.deserialize(BakedAnimationsAdapter.java:31)
[06Aug2026 20:33:39.889] [Worker-ResourceReload-14/INFO] [STDERR/]: [software.bernie.geckolib.core.molang.MolangParser:parseSymbolsMolang:259]: 	at MC-BOOTSTRAP/com.google.gson@2.10/com.google.gson.internal.bind.TreeTypeAdapter.read(TreeTypeAdapter.java:76)
[06Aug2026 20:33:39.889] [Worker-ResourceReload-14/INFO] [STDERR/]: [software.bernie.geckolib.core.molang.MolangParser:parseSymbolsMolang:259]: 	at MC-BOOTSTRAP/com.google.gson@2.10/com.google.gson.Gson.fromJson(Gson.java:1214)
[06Aug2026 20:33:39.890] [Worker-ResourceReload-14/INFO] [STDERR/]: [software.bernie.geckolib.core.molang.MolangParser:parseSymbolsMolang:259]: 	at MC-BOOTSTRAP/com.google.gson@2.10/com.google.gson.Gson.fromJson(Gson.java:1319)
[06Aug2026 20:33:39.890] [Worker-ResourceReload-2/WARN] [net.unusual.block_factorys_bosses.client.particle.bedrock.appearance.FacingCameraMode/]: Bedrock particle facing_camera_mode 'lookat_xyz' is not yet implemented, falling back to rotate_xyz
[06Aug2026 20:33:39.890] [Worker-ResourceReload-14/INFO] [STDERR/]: [software.bernie.geckolib.core.molang.MolangParser:parseSymbolsMolang:259]: 	at MC-BOOTSTRAP/com.google.gson@2.10/com.google.gson.Gson.fromJson(Gson.java:1261)
[06Aug2026 20:33:39.891] [Worker-ResourceReload-14/INFO] [STDERR/]: [software.bernie.geckolib.core.molang.MolangParser:parseSymbolsMolang:259]: 	at TRANSFORMER/geckolib@4.8.4/software.bernie.geckolib.loading.FileLoader.loadAnimationsFile(FileLoader.java:28)
[06Aug2026 20:33:39.891] [Worker-ResourceReload-14/INFO] [STDERR/]: [software.bernie.geckolib.core.molang.MolangParser:parseSymbolsMolang:259]: 	at TRANSFORMER/geckolib@4.8.4/software.bernie.geckolib.cache.GeckoLibCache.lambda$loadAnimations$1(GeckoLibCache.java:90)
[06Aug2026 20:33:39.892] [Worker-ResourceReload-14/INFO] [STDERR/]: [software.bernie.geckolib.core.molang.MolangParser:parseSymbolsMolang:259]: 	at TRANSFORMER/geckolib@4.8.4/software.bernie.geckolib.cache.GeckoLibCache.lambda$loadResources$5(GeckoLibCache.java:122)
[06Aug2026 20:33:39.892] [Worker-ResourceReload-14/INFO] [STDERR/]: [software.bernie.geckolib.core.molang.MolangParser:parseSymbolsMolang:259]: 	at java.base/java.util.concurrent.CompletableFuture$AsyncSupply.run(CompletableFuture.java:1768)
[06Aug2026 20:33:39.893] [Worker-ResourceReload-14/INFO] [STDERR/]: [software.bernie.geckolib.core.molang.MolangParser:parseSymbolsMolang:259]: 	at java.base/java.util.concurrent.CompletableFuture$AsyncSupply.exec(CompletableFuture.java:1760)
[06Aug2026 20:33:39.893] [Worker-ResourceReload-14/INFO] [STDERR/]: [software.bernie.geckolib.core.molang.MolangParser:parseSymbolsMolang:259]: 	at java.base/java.util.concurrent.ForkJoinTask.doExec(ForkJoinTask.java:373)
[06Aug2026 20:33:39.893] [Worker-ResourceReload-2/WARN] [net.unusual.block_factorys_bosses.client.particle.bedrock.appearance.FacingCameraMode/]: Bedrock particle facing_camera_mode 'lookat_direction' is not yet implemented, falling back to rotate_xyz
[06Aug2026 20:33:39.894] [Worker-ResourceReload-14/INFO] [STDERR/]: [software.bernie.geckolib.core.molang.MolangParser:parseSymbolsMolang:259]: 	at java.base/java.util.concurrent.ForkJoinPool$WorkQueue.topLevelExec(ForkJoinPool.java:1182)
[06Aug2026 20:33:39.894] [Worker-ResourceReload-2/WARN] [net.unusual.block_factorys_bosses.client.particle.bedrock.appearance.FacingCameraMode/]: Bedrock particle facing_camera_mode 'direction_y' is not yet implemented, falling back to rotate_xyz
[06Aug2026 20:33:39.894] [Worker-ResourceReload-14/INFO] [STDERR/]: [software.bernie.geckolib.core.molang.MolangParser:parseSymbolsMolang:259]: 	at java.base/java.util.concurrent.ForkJoinPool.scan(ForkJoinPool.java:1655)
[06Aug2026 20:33:39.894] [Worker-ResourceReload-2/WARN] [net.unusual.block_factorys_bosses.client.particle.bedrock.appearance.FacingCameraMode/]: Bedrock particle facing_camera_mode 'direction_y' is not yet implemented, falling back to rotate_xyz
[06Aug2026 20:33:39.895] [Worker-ResourceReload-14/INFO] [STDERR/]: [software.bernie.geckolib.core.molang.MolangParser:parseSymbolsMolang:259]: 	at java.base/java.util.concurrent.ForkJoinPool.runWorker(ForkJoinPool.java:1622)
[06Aug2026 20:33:39.895] [Worker-ResourceReload-2/WARN] [net.unusual.block_factorys_bosses.client.particle.bedrock.appearance.FacingCameraMode/]: Bedrock particle facing_camera_mode 'lookat_xyz' is not yet implemented, falling back to rotate_xyz
[06Aug2026 20:33:39.895] [Worker-ResourceReload-2/WARN] [net.unusual.block_factorys_bosses.client.particle.bedrock.appearance.FacingCameraMode/]: Bedrock particle facing_camera_mode 'lookat_xyz' is not yet implemented, falling back to rotate_xyz
[06Aug2026 20:33:39.895] [Worker-ResourceReload-14/INFO] [STDERR/]: [software.bernie.geckolib.core.molang.MolangParser:parseSymbolsMolang:259]: 	at java.base/java.util.concurrent.ForkJoinWorkerThread.run(ForkJoinWorkerThread.java:165)
[06Aug2026 20:33:39.896] [Worker-ResourceReload-13/INFO] [STDERR/]: [software.bernie.geckolib.core.molang.MolangParser:parseSymbolsMolang:259]: java.lang.Exception: Given object couldn't be converted to value! -
[06Aug2026 20:33:39.896] [Worker-ResourceReload-2/WARN] [net.unusual.block_factorys_bosses.client.particle.bedrock.appearance.FacingCameraMode/]: Bedrock particle facing_camera_mode 'emitter_transform_xz' is not yet implemented, falling back to rotate_xyz
[06Aug2026 20:33:39.897] [Worker-ResourceReload-14/ERROR] [software.bernie.geckolib.GeckoLib/]: Unable to parse animation: idle
[06Aug2026 20:33:39.897] [Worker-ResourceReload-13/INFO] [STDERR/]: [software.bernie.geckolib.core.molang.MolangParser:parseSymbolsMolang:259]: 	at TRANSFORMER/mclib@20/com.eliotlash.mclib.math.MathBuilder.valueFromObject(MathBuilder.java:488)
[06Aug2026 20:33:39.897] [Worker-ResourceReload-13/INFO] [STDERR/]: [software.bernie.geckolib.core.molang.MolangParser:parseSymbolsMolang:259]: 	at TRANSFORMER/mclib@20/com.eliotlash.mclib.math.MathBuilder.parseSymbols(MathBuilder.java:257)
[06Aug2026 20:33:39.898] [Worker-ResourceReload-13/INFO] [STDERR/]: [software.bernie.geckolib.core.molang.MolangParser:parseSymbolsMolang:259]: 	at TRANSFORMER/geckolib@4.8.4/software.bernie.geckolib.core.molang.MolangParser.parseSymbolsMolang(MolangParser.java:256)
[06Aug2026 20:33:39.898] [Worker-ResourceReload-13/INFO] [STDERR/]: [software.bernie.geckolib.core.molang.MolangParser:parseSymbolsMolang:259]: 	at TRANSFORMER/geckolib@4.8.4/software.bernie.geckolib.core.molang.MolangParser.parseOneLine(MolangParser.java:244)
[06Aug2026 20:33:39.898] [Worker-ResourceReload-13/INFO] [STDERR/]: [software.bernie.geckolib.core.molang.MolangParser:parseSymbolsMolang:259]: 	at TRANSFORMER/geckolib@4.8.4/software.bernie.geckolib.core.molang.MolangParser.parseExpression(MolangParser.java:199)
[06Aug2026 20:33:39.899] [Worker-ResourceReload-13/INFO] [STDERR/]: [software.bernie.geckolib.core.molang.MolangParser:parseSymbolsMolang:259]: 	at TRANSFORMER/geckolib@4.8.4/software.bernie.geckolib.core.molang.MolangParser.parseJson(MolangParser.java:181)
[06Aug2026 20:33:39.899] [Worker-ResourceReload-13/INFO] [STDERR/]: [software.bernie.geckolib.core.molang.MolangParser:parseSymbolsMolang:259]: 	at TRANSFORMER/geckolib@4.8.4/software.bernie.geckolib.loading.json.typeadapter.BakedAnimationsAdapter.buildKeyframeStack(BakedAnimationsAdapter.java:198)
[06Aug2026 20:33:39.900] [Worker-ResourceReload-13/INFO] [STDERR/]: [software.bernie.geckolib.core.molang.MolangParser:parseSymbolsMolang:259]: 	at TRANSFORMER/geckolib@4.8.4/software.bernie.geckolib.loading.json.typeadapter.BakedAnimationsAdapter.bakeBoneAnimations(BakedAnimationsAdapter.java:72)
[06Aug2026 20:33:39.900] [Worker-ResourceReload-13/INFO] [STDERR/]: [software.bernie.geckolib.core.molang.MolangParser:parseSymbolsMolang:259]: 	at TRANSFORMER/geckolib@4.8.4/software.bernie.geckolib.loading.json.typeadapter.BakedAnimationsAdapter.bakeAnimation(BakedAnimationsAdapter.java:53)
[06Aug2026 20:33:39.901] [Worker-ResourceReload-13/INFO] [STDERR/]: [software.bernie.geckolib.core.molang.MolangParser:parseSymbolsMolang:259]: 	at TRANSFORMER/geckolib@4.8.4/software.bernie.geckolib.loading.json.typeadapter.BakedAnimationsAdapter.deserialize(BakedAnimationsAdapter.java:39)
[06Aug2026 20:33:39.901] [Worker-ResourceReload-13/INFO] [STDERR/]: [software.bernie.geckolib.core.molang.MolangParser:parseSymbolsMolang:259]: 	at TRANSFORMER/geckolib@4.8.4/software.bernie.geckolib.loading.json.typeadapter.BakedAnimationsAdapter.deserialize(BakedAnimationsAdapter.java:31)
[06Aug2026 20:33:39.902] [Worker-ResourceReload-13/INFO] [STDERR/]: [software.bernie.geckolib.core.molang.MolangParser:parseSymbolsMolang:259]: 	at MC-BOOTSTRAP/com.google.gson@2.10/com.google.gson.internal.bind.TreeTypeAdapter.read(TreeTypeAdapter.java:76)
[06Aug2026 20:33:39.902] [Worker-ResourceReload-13/INFO] [STDERR/]: [software.bernie.geckolib.core.molang.MolangParser:parseSymbolsMolang:259]: 	at MC-BOOTSTRAP/com.google.gson@2.10/com.google.gson.Gson.fromJson(Gson.java:1214)
[06Aug2026 20:33:39.902] [Worker-ResourceReload-13/INFO] [STDERR/]: [software.bernie.geckolib.core.molang.MolangParser:parseSymbolsMolang:259]: 	at MC-BOOTSTRAP/com.google.gson@2.10/com.google.gson.Gson.fromJson(Gson.java:1319)
[06Aug2026 20:33:39.903] [Worker-ResourceReload-13/INFO] [STDERR/]: [software.bernie.geckolib.core.molang.MolangParser:parseSymbolsMolang:259]: 	at MC-BOOTSTRAP/com.google.gson@2.10/com.google.gson.Gson.fromJson(Gson.java:1261)
[06Aug2026 20:33:39.904] [Worker-ResourceReload-13/INFO] [STDERR/]: [software.bernie.geckolib.core.molang.MolangParser:parseSymbolsMolang:259]: 	at TRANSFORMER/geckolib@4.8.4/software.bernie.geckolib.loading.FileLoader.loadAnimationsFile(FileLoader.java:28)
[06Aug2026 20:33:39.905] [Worker-ResourceReload-13/INFO] [STDERR/]: [software.bernie.geckolib.core.molang.MolangParser:parseSymbolsMolang:259]: 	at TRANSFORMER/geckolib@4.8.4/software.bernie.geckolib.cache.GeckoLibCache.lambda$loadAnimations$1(GeckoLibCache.java:90)
[06Aug2026 20:33:39.906] [Worker-ResourceReload-13/INFO] [STDERR/]: [software.bernie.geckolib.core.molang.MolangParser:parseSymbolsMolang:259]: 	at TRANSFORMER/geckolib@4.8.4/software.bernie.geckolib.cache.GeckoLibCache.lambda$loadResources$5(GeckoLibCache.java:122)
[06Aug2026 20:33:39.906] [Worker-ResourceReload-13/INFO] [STDERR/]: [software.bernie.geckolib.core.molang.MolangParser:parseSymbolsMolang:259]: 	at java.base/java.util.concurrent.CompletableFuture$AsyncSupply.run(CompletableFuture.java:1768)
[06Aug2026 20:33:39.907] [Worker-ResourceReload-13/INFO] [STDERR/]: [software.bernie.geckolib.core.molang.MolangParser:parseSymbolsMolang:259]: 	at java.base/java.util.concurrent.CompletableFuture$AsyncSupply.exec(CompletableFuture.java:1760)
[06Aug2026 20:33:39.908] [Worker-ResourceReload-13/INFO] [STDERR/]: [software.bernie.geckolib.core.molang.MolangParser:parseSymbolsMolang:259]: 	at java.base/java.util.concurrent.ForkJoinTask.doExec(ForkJoinTask.java:373)
[06Aug2026 20:33:39.909] [Worker-ResourceReload-13/INFO] [STDERR/]: [software.bernie.geckolib.core.molang.MolangParser:parseSymbolsMolang:259]: 	at java.base/java.util.concurrent.ForkJoinPool$WorkQueue.topLevelExec(ForkJoinPool.java:1182)
[06Aug2026 20:33:39.909] [Worker-ResourceReload-13/INFO] [STDERR/]: [software.bernie.geckolib.core.molang.MolangParser:parseSymbolsMolang:259]: 	at java.base/java.util.concurrent.ForkJoinPool.scan(ForkJoinPool.java:1655)
[06Aug2026 20:33:39.910] [Worker-ResourceReload-13/INFO] [STDERR/]: [software.bernie.geckolib.core.molang.MolangParser:parseSymbolsMolang:259]: 	at java.base/java.util.concurrent.ForkJoinPool.runWorker(ForkJoinPool.java:1622)
[06Aug2026 20:33:39.911] [Worker-ResourceReload-13/INFO] [STDERR/]: [software.bernie.geckolib.core.molang.MolangParser:parseSymbolsMolang:259]: 	at java.base/java.util.concurrent.ForkJoinWorkerThread.run(ForkJoinWorkerThread.java:165)
[06Aug2026 20:33:39.911] [Worker-ResourceReload-13/ERROR] [software.bernie.geckolib.GeckoLib/]: Unable to parse animation: idle
[06Aug2026 20:33:39.909] [Worker-ResourceReload-7/WARN] [net.minecraft.client.gui.font.FontManager/]: Unable to load font 'minecraft:default' in fonts.json in resourcepack: 'mod_resources'
com.google.gson.JsonParseException: Unknown element name:legacy_unicode
	at net.minecraft.Util.m_260975_(Util.java:816) ~[client-1.20.1-20230612.114412-srg.jar%23764!/:?]
	at net.minecraft.client.gui.font.FontManager.m_284270_(FontManager.java:269) ~[client-1.20.1-20230612.114412-srg.jar%23764!/:?]
	at net.minecraft.client.gui.font.FontManager.m_283963_(FontManager.java:158) ~[client-1.20.1-20230612.114412-srg.jar%23764!/:?]
	at java.util.concurrent.CompletableFuture$AsyncSupply.run(CompletableFuture.java:1768) ~[?:?]
	at java.util.concurrent.CompletableFuture$AsyncSupply.exec(CompletableFuture.java:1760) ~[?:?]
	at java.util.concurrent.ForkJoinTask.doExec(ForkJoinTask.java:373) ~[?:?]
	at java.util.concurrent.ForkJoinPool$WorkQueue.topLevelExec(ForkJoinPool.java:1182) ~[?:?]
	at java.util.concurrent.ForkJoinPool.scan(ForkJoinPool.java:1655) ~[?:?]
	at java.util.concurrent.ForkJoinPool.runWorker(ForkJoinPool.java:1622) ~[?:?]
	at java.util.concurrent.ForkJoinWorkerThread.run(ForkJoinWorkerThread.java:165) ~[?:?]
[06Aug2026 20:33:39.912] [Worker-ResourceReload-14/INFO] [STDERR/]: [software.bernie.geckolib.loading.json.typeadapter.BakedAnimationsAdapter:deserialize:43]: software.bernie.geckolib.core.molang.MolangException: Couldn't parse '-' expression!
[06Aug2026 20:33:39.913] [Worker-ResourceReload-14/INFO] [STDERR/]: [software.bernie.geckolib.loading.json.typeadapter.BakedAnimationsAdapter:deserialize:43]: 	at TRANSFORMER/geckolib@4.8.4/software.bernie.geckolib.core.molang.MolangParser.parseOneLine(MolangParser.java:247)
[06Aug2026 20:33:39.914] [Worker-ResourceReload-14/INFO] [STDERR/]: [software.bernie.geckolib.loading.json.typeadapter.BakedAnimationsAdapter:deserialize:43]: 	at TRANSFORMER/geckolib@4.8.4/software.bernie.geckolib.core.molang.MolangParser.parseExpression(MolangParser.java:199)
[06Aug2026 20:33:39.914] [Worker-ResourceReload-2/WARN] [net.unusual.block_factorys_bosses.client.particle.bedrock.appearance.FacingCameraMode/]: Bedrock particle facing_camera_mode 'rotate_y' is not yet implemented, falling back to rotate_xyz
[06Aug2026 20:33:39.914] [Worker-ResourceReload-14/INFO] [STDERR/]: [software.bernie.geckolib.loading.json.typeadapter.BakedAnimationsAdapter:deserialize:43]: 	at TRANSFORMER/geckolib@4.8.4/software.bernie.geckolib.core.molang.MolangParser.parseJson(MolangParser.java:181)
[06Aug2026 20:33:39.915] [Worker-ResourceReload-14/INFO] [STDERR/]: [software.bernie.geckolib.loading.json.typeadapter.BakedAnimationsAdapter:deserialize:43]: 	at TRANSFORMER/geckolib@4.8.4/software.bernie.geckolib.loading.json.typeadapter.BakedAnimationsAdapter.buildKeyframeStack(BakedAnimationsAdapter.java:198)
[06Aug2026 20:33:39.915] [Worker-ResourceReload-14/INFO] [STDERR/]: [software.bernie.geckolib.loading.json.typeadapter.BakedAnimationsAdapter:deserialize:43]: 	at TRANSFORMER/geckolib@4.8.4/software.bernie.geckolib.loading.json.typeadapter.BakedAnimationsAdapter.bakeBoneAnimations(BakedAnimationsAdapter.java:72)
[06Aug2026 20:33:39.915] [Worker-ResourceReload-14/INFO] [STDERR/]: [software.bernie.geckolib.loading.json.typeadapter.BakedAnimationsAdapter:deserialize:43]: 	at TRANSFORMER/geckolib@4.8.4/software.bernie.geckolib.loading.json.typeadapter.BakedAnimationsAdapter.bakeAnimation(BakedAnimationsAdapter.java:53)
[06Aug2026 20:33:39.916] [Worker-ResourceReload-14/INFO] [STDERR/]: [software.bernie.geckolib.loading.json.typeadapter.BakedAnimationsAdapter:deserialize:43]: 	at TRANSFORMER/geckolib@4.8.4/software.bernie.geckolib.loading.json.typeadapter.BakedAnimationsAdapter.deserialize(BakedAnimationsAdapter.java:39)
[06Aug2026 20:33:39.916] [Worker-ResourceReload-14/INFO] [STDERR/]: [software.bernie.geckolib.loading.json.typeadapter.BakedAnimationsAdapter:deserialize:43]: 	at TRANSFORMER/geckolib@4.8.4/software.bernie.geckolib.loading.json.typeadapter.BakedAnimationsAdapter.deserialize(BakedAnimationsAdapter.java:31)
[06Aug2026 20:33:39.916] [Worker-ResourceReload-14/INFO] [STDERR/]: [software.bernie.geckolib.loading.json.typeadapter.BakedAnimationsAdapter:deserialize:43]: 	at MC-BOOTSTRAP/com.google.gson@2.10/com.google.gson.internal.bind.TreeTypeAdapter.read(TreeTypeAdapter.java:76)
[06Aug2026 20:33:39.917] [Worker-ResourceReload-2/WARN] [net.unusual.block_factorys_bosses.client.particle.bedrock.appearance.FacingCameraMode/]: Bedrock particle facing_camera_mode 'emitter_transform_xz' is not yet implemented, falling back to rotate_xyz
[06Aug2026 20:33:39.917] [Worker-ResourceReload-2/WARN] [net.unusual.block_factorys_bosses.client.particle.bedrock.appearance.FacingCameraMode/]: Bedrock particle facing_camera_mode 'emitter_transform_xz' is not yet implemented, falling back to rotate_xyz
[06Aug2026 20:33:39.917] [Worker-ResourceReload-2/WARN] [net.unusual.block_factorys_bosses.client.particle.bedrock.appearance.FacingCameraMode/]: Bedrock particle facing_camera_mode 'direction_z' is not yet implemented, falling back to rotate_xyz
[06Aug2026 20:33:39.917] [Worker-ResourceReload-14/INFO] [STDERR/]: [software.bernie.geckolib.loading.json.typeadapter.BakedAnimationsAdapter:deserialize:43]: 	at MC-BOOTSTRAP/com.google.gson@2.10/com.google.gson.Gson.fromJson(Gson.java:1214)
[06Aug2026 20:33:39.918] [Worker-ResourceReload-2/WARN] [net.unusual.block_factorys_bosses.client.particle.bedrock.appearance.FacingCameraMode/]: Bedrock particle facing_camera_mode 'lookat_xyz' is not yet implemented, falling back to rotate_xyz
[06Aug2026 20:33:39.918] [Worker-ResourceReload-14/INFO] [STDERR/]: [software.bernie.geckolib.loading.json.typeadapter.BakedAnimationsAdapter:deserialize:43]: 	at MC-BOOTSTRAP/com.google.gson@2.10/com.google.gson.Gson.fromJson(Gson.java:1319)
[06Aug2026 20:33:39.919] [Worker-ResourceReload-14/INFO] [STDERR/]: [software.bernie.geckolib.loading.json.typeadapter.BakedAnimationsAdapter:deserialize:43]: 	at MC-BOOTSTRAP/com.google.gson@2.10/com.google.gson.Gson.fromJson(Gson.java:1261)
[06Aug2026 20:33:39.919] [Worker-ResourceReload-2/WARN] [net.unusual.block_factorys_bosses.client.particle.bedrock.appearance.FacingCameraMode/]: Bedrock particle facing_camera_mode 'emitter_transform_xz' is not yet implemented, falling back to rotate_xyz
[06Aug2026 20:33:39.919] [Worker-ResourceReload-2/WARN] [net.unusual.block_factorys_bosses.client.particle.bedrock.appearance.FacingCameraMode/]: Bedrock particle facing_camera_mode 'rotate_y' is not yet implemented, falling back to rotate_xyz
[06Aug2026 20:33:39.919] [Worker-ResourceReload-14/INFO] [STDERR/]: [software.bernie.geckolib.loading.json.typeadapter.BakedAnimationsAdapter:deserialize:43]: 	at TRANSFORMER/geckolib@4.8.4/software.bernie.geckolib.loading.FileLoader.loadAnimationsFile(FileLoader.java:28)
[06Aug2026 20:33:39.920] [Worker-ResourceReload-14/INFO] [STDERR/]: [software.bernie.geckolib.loading.json.typeadapter.BakedAnimationsAdapter:deserialize:43]: 	at TRANSFORMER/geckolib@4.8.4/software.bernie.geckolib.cache.GeckoLibCache.lambda$loadAnimations$1(GeckoLibCache.java:90)
[06Aug2026 20:33:39.920] [Worker-ResourceReload-2/WARN] [net.unusual.block_factorys_bosses.client.particle.bedrock.appearance.FacingCameraMode/]: Bedrock particle facing_camera_mode 'rotate_y' is not yet implemented, falling back to rotate_xyz
[06Aug2026 20:33:39.921] [Worker-ResourceReload-14/INFO] [STDERR/]: [software.bernie.geckolib.loading.json.typeadapter.BakedAnimationsAdapter:deserialize:43]: 	at TRANSFORMER/geckolib@4.8.4/software.bernie.geckolib.cache.GeckoLibCache.lambda$loadResources$5(GeckoLibCache.java:122)
[06Aug2026 20:33:39.921] [Worker-ResourceReload-2/WARN] [net.unusual.block_factorys_bosses.client.particle.bedrock.appearance.FacingCameraMode/]: Bedrock particle facing_camera_mode 'rotate_y' is not yet implemented, falling back to rotate_xyz
[06Aug2026 20:33:39.921] [Worker-ResourceReload-14/INFO] [STDERR/]: [software.bernie.geckolib.loading.json.typeadapter.BakedAnimationsAdapter:deserialize:43]: 	at java.base/java.util.concurrent.CompletableFuture$AsyncSupply.run(CompletableFuture.java:1768)
[06Aug2026 20:33:39.922] [Worker-ResourceReload-2/WARN] [net.unusual.block_factorys_bosses.client.particle.bedrock.appearance.FacingCameraMode/]: Bedrock particle facing_camera_mode 'rotate_y' is not yet implemented, falling back to rotate_xyz
[06Aug2026 20:33:39.922] [Worker-ResourceReload-14/INFO] [STDERR/]: [software.bernie.geckolib.loading.json.typeadapter.BakedAnimationsAdapter:deserialize:43]: 	at java.base/java.util.concurrent.CompletableFuture$AsyncSupply.exec(CompletableFuture.java:1760)
[06Aug2026 20:33:39.922] [Worker-ResourceReload-14/INFO] [STDERR/]: [software.bernie.geckolib.loading.json.typeadapter.BakedAnimationsAdapter:deserialize:43]: 	at java.base/java.util.concurrent.ForkJoinTask.doExec(ForkJoinTask.java:373)
[06Aug2026 20:33:39.923] [Worker-ResourceReload-14/INFO] [STDERR/]: [software.bernie.geckolib.loading.json.typeadapter.BakedAnimationsAdapter:deserialize:43]: 	at java.base/java.util.concurrent.ForkJoinPool$WorkQueue.topLevelExec(ForkJoinPool.java:1182)
[06Aug2026 20:33:39.923] [Worker-ResourceReload-14/INFO] [STDERR/]: [software.bernie.geckolib.loading.json.typeadapter.BakedAnimationsAdapter:deserialize:43]: 	at java.base/java.util.concurrent.ForkJoinPool.scan(ForkJoinPool.java:1655)
[06Aug2026 20:33:39.924] [Worker-ResourceReload-14/INFO] [STDERR/]: [software.bernie.geckolib.loading.json.typeadapter.BakedAnimationsAdapter:deserialize:43]: 	at java.base/java.util.concurrent.ForkJoinPool.runWorker(ForkJoinPool.java:1622)
[06Aug2026 20:33:39.924] [Worker-ResourceReload-2/WARN] [net.unusual.block_factorys_bosses.client.particle.bedrock.appearance.FacingCameraMode/]: Bedrock particle facing_camera_mode 'direction_y' is not yet implemented, falling back to rotate_xyz
[06Aug2026 20:33:39.925] [Worker-ResourceReload-2/WARN] [net.unusual.block_factorys_bosses.client.particle.bedrock.appearance.FacingCameraMode/]: Bedrock particle facing_camera_mode 'lookat_xyz' is not yet implemented, falling back to rotate_xyz
[06Aug2026 20:33:39.925] [Worker-ResourceReload-14/INFO] [STDERR/]: [software.bernie.geckolib.loading.json.typeadapter.BakedAnimationsAdapter:deserialize:43]: 	at java.base/java.util.concurrent.ForkJoinWorkerThread.run(ForkJoinWorkerThread.java:165)
[06Aug2026 20:33:39.926] [Worker-ResourceReload-13/INFO] [STDERR/]: [software.bernie.geckolib.loading.json.typeadapter.BakedAnimationsAdapter:deserialize:43]: software.bernie.geckolib.core.molang.MolangException: Couldn't parse '-' expression!
[06Aug2026 20:33:39.927] [Worker-ResourceReload-13/INFO] [STDERR/]: [software.bernie.geckolib.loading.json.typeadapter.BakedAnimationsAdapter:deserialize:43]: 	at TRANSFORMER/geckolib@4.8.4/software.bernie.geckolib.core.molang.MolangParser.parseOneLine(MolangParser.java:247)
[06Aug2026 20:33:39.927] [Worker-ResourceReload-13/INFO] [STDERR/]: [software.bernie.geckolib.loading.json.typeadapter.BakedAnimationsAdapter:deserialize:43]: 	at TRANSFORMER/geckolib@4.8.4/software.bernie.geckolib.core.molang.MolangParser.parseExpression(MolangParser.java:199)
[06Aug2026 20:33:39.928] [Worker-ResourceReload-13/INFO] [STDERR/]: [software.bernie.geckolib.loading.json.typeadapter.BakedAnimationsAdapter:deserialize:43]: 	at TRANSFORMER/geckolib@4.8.4/software.bernie.geckolib.core.molang.MolangParser.parseJson(MolangParser.java:181)
[06Aug2026 20:33:39.929] [Worker-ResourceReload-2/WARN] [net.unusual.block_factorys_bosses.client.particle.bedrock.appearance.FacingCameraMode/]: Bedrock particle facing_camera_mode 'direction_z' is not yet implemented, falling back to rotate_xyz
[06Aug2026 20:33:39.929] [Worker-ResourceReload-2/WARN] [net.unusual.block_factorys_bosses.client.particle.bedrock.appearance.FacingCameraMode/]: Bedrock particle facing_camera_mode 'lookat_xyz' is not yet implemented, falling back to rotate_xyz
[06Aug2026 20:33:39.929] [Worker-ResourceReload-13/INFO] [STDERR/]: [software.bernie.geckolib.loading.json.typeadapter.BakedAnimationsAdapter:deserialize:43]: 	at TRANSFORMER/geckolib@4.8.4/software.bernie.geckolib.loading.json.typeadapter.BakedAnimationsAdapter.buildKeyframeStack(BakedAnimationsAdapter.java:198)
[06Aug2026 20:33:39.930] [Worker-ResourceReload-13/INFO] [STDERR/]: [software.bernie.geckolib.loading.json.typeadapter.BakedAnimationsAdapter:deserialize:43]: 	at TRANSFORMER/geckolib@4.8.4/software.bernie.geckolib.loading.json.typeadapter.BakedAnimationsAdapter.bakeBoneAnimations(BakedAnimationsAdapter.java:72)
[06Aug2026 20:33:39.930] [Worker-ResourceReload-13/INFO] [STDERR/]: [software.bernie.geckolib.loading.json.typeadapter.BakedAnimationsAdapter:deserialize:43]: 	at TRANSFORMER/geckolib@4.8.4/software.bernie.geckolib.loading.json.typeadapter.BakedAnimationsAdapter.bakeAnimation(BakedAnimationsAdapter.java:53)
[06Aug2026 20:33:39.931] [Worker-ResourceReload-13/INFO] [STDERR/]: [software.bernie.geckolib.loading.json.typeadapter.BakedAnimationsAdapter:deserialize:43]: 	at TRANSFORMER/geckolib@4.8.4/software.bernie.geckolib.loading.json.typeadapter.BakedAnimationsAdapter.deserialize(BakedAnimationsAdapter.java:39)
[06Aug2026 20:33:39.931] [Worker-ResourceReload-13/INFO] [STDERR/]: [software.bernie.geckolib.loading.json.typeadapter.BakedAnimationsAdapter:deserialize:43]: 	at TRANSFORMER/geckolib@4.8.4/software.bernie.geckolib.loading.json.typeadapter.BakedAnimationsAdapter.deserialize(BakedAnimationsAdapter.java:31)
[06Aug2026 20:33:39.932] [Worker-ResourceReload-13/INFO] [STDERR/]: [software.bernie.geckolib.loading.json.typeadapter.BakedAnimationsAdapter:deserialize:43]: 	at MC-BOOTSTRAP/com.google.gson@2.10/com.google.gson.internal.bind.TreeTypeAdapter.read(TreeTypeAdapter.java:76)
[06Aug2026 20:33:39.933] [Worker-ResourceReload-6/WARN] [net.minecraft.client.sounds.SoundManager/]: File cryptid_vx:sounds/cryptid_run_scream_distant1.ogg does not exist, cannot add it to event cryptid_vx:entity.cryptid.run_scream
[06Aug2026 20:33:39.933] [Worker-ResourceReload-6/WARN] [net.minecraft.client.sounds.SoundManager/]: File cryptid_vx:sounds/cryptid_run_scream_distant6.ogg does not exist, cannot add it to event cryptid_vx:entity.cryptid.run_scream
[06Aug2026 20:33:39.933] [Worker-ResourceReload-6/WARN] [net.minecraft.client.sounds.SoundManager/]: File cryptid_vx:sounds/cryptid_run_scream5.ogg does not exist, cannot add it to event cryptid_vx:entity.cryptid.run_scream
[06Aug2026 20:33:39.934] [Worker-ResourceReload-13/INFO] [STDERR/]: [software.bernie.geckolib.loading.json.typeadapter.BakedAnimationsAdapter:deserialize:43]: 	at MC-BOOTSTRAP/com.google.gson@2.10/com.google.gson.Gson.fromJson(Gson.java:1214)
[06Aug2026 20:33:39.934] [Worker-ResourceReload-13/INFO] [STDERR/]: [software.bernie.geckolib.loading.json.typeadapter.BakedAnimationsAdapter:deserialize:43]: 	at MC-BOOTSTRAP/com.google.gson@2.10/com.google.gson.Gson.fromJson(Gson.java:1319)
[06Aug2026 20:33:39.934] [Worker-ResourceReload-13/INFO] [STDERR/]: [software.bernie.geckolib.loading.json.typeadapter.BakedAnimationsAdapter:deserialize:43]: 	at MC-BOOTSTRAP/com.google.gson@2.10/com.google.gson.Gson.fromJson(Gson.java:1261)
[06Aug2026 20:33:39.935] [Worker-ResourceReload-13/INFO] [STDERR/]: [software.bernie.geckolib.loading.json.typeadapter.BakedAnimationsAdapter:deserialize:43]: 	at TRANSFORMER/geckolib@4.8.4/software.bernie.geckolib.loading.FileLoader.loadAnimationsFile(FileLoader.java:28)
[06Aug2026 20:33:39.935] [Worker-ResourceReload-13/INFO] [STDERR/]: [software.bernie.geckolib.loading.json.typeadapter.BakedAnimationsAdapter:deserialize:43]: 	at TRANSFORMER/geckolib@4.8.4/software.bernie.geckolib.cache.GeckoLibCache.lambda$loadAnimations$1(GeckoLibCache.java:90)
[06Aug2026 20:33:39.935] [Worker-ResourceReload-13/INFO] [STDERR/]: [software.bernie.geckolib.loading.json.typeadapter.BakedAnimationsAdapter:deserialize:43]: 	at TRANSFORMER/geckolib@4.8.4/software.bernie.geckolib.cache.GeckoLibCache.lambda$loadResources$5(GeckoLibCache.java:122)
[06Aug2026 20:33:39.936] [Worker-ResourceReload-13/INFO] [STDERR/]: [software.bernie.geckolib.loading.json.typeadapter.BakedAnimationsAdapter:deserialize:43]: 	at java.base/java.util.concurrent.CompletableFuture$AsyncSupply.run(CompletableFuture.java:1768)
[06Aug2026 20:33:39.936] [Worker-ResourceReload-13/INFO] [STDERR/]: [software.bernie.geckolib.loading.json.typeadapter.BakedAnimationsAdapter:deserialize:43]: 	at java.base/java.util.concurrent.CompletableFuture$AsyncSupply.exec(CompletableFuture.java:1760)
[06Aug2026 20:33:39.937] [Worker-ResourceReload-13/INFO] [STDERR/]: [software.bernie.geckolib.loading.json.typeadapter.BakedAnimationsAdapter:deserialize:43]: 	at java.base/java.util.concurrent.ForkJoinTask.doExec(ForkJoinTask.java:373)
[06Aug2026 20:33:39.937] [Worker-ResourceReload-13/INFO] [STDERR/]: [software.bernie.geckolib.loading.json.typeadapter.BakedAnimationsAdapter:deserialize:43]: 	at java.base/java.util.concurrent.ForkJoinPool$WorkQueue.topLevelExec(ForkJoinPool.java:1182)
[06Aug2026 20:33:39.938] [Worker-ResourceReload-13/INFO] [STDERR/]: [software.bernie.geckolib.loading.json.typeadapter.BakedAnimationsAdapter:deserialize:43]: 	at java.base/java.util.concurrent.ForkJoinPool.scan(ForkJoinPool.java:1655)
[06Aug2026 20:33:39.938] [Worker-ResourceReload-13/INFO] [STDERR/]: [software.bernie.geckolib.loading.json.typeadapter.BakedAnimationsAdapter:deserialize:43]: 	at java.base/java.util.concurrent.ForkJoinPool.runWorker(ForkJoinPool.java:1622)
[06Aug2026 20:33:39.939] [Worker-ResourceReload-13/INFO] [STDERR/]: [software.bernie.geckolib.loading.json.typeadapter.BakedAnimationsAdapter:deserialize:43]: 	at java.base/java.util.concurrent.ForkJoinWorkerThread.run(ForkJoinWorkerThread.java:165)
[06Aug2026 20:33:39.939] [Worker-ResourceReload-6/WARN] [net.minecraft.client.sounds.SoundManager/]: File thehollowstalker:sounds/bonebreak.ogg does not exist, cannot add it to event thehollowstalker:bonebreak
[06Aug2026 20:33:39.939] [Worker-ResourceReload-6/WARN] [net.minecraft.client.sounds.SoundManager/]: File thehollowstalker:sounds/aggrosound.ogg does not exist, cannot add it to event thehollowstalker:jumpscare
[06Aug2026 20:33:39.941] [Worker-ResourceReload-5/INFO] [org.berezka.berezka_api.resources.BuiltInResourcePack/]: [Berezka API] listResources called with type: CLIENT_RESOURCES, namespace: berezka_api (true - false), path: endimations
[06Aug2026 20:33:39.954] [Worker-ResourceReload-14/INFO] [STDERR/]: [software.bernie.geckolib.core.molang.MolangParser:parseSymbolsMolang:259]: java.lang.Exception: Given object couldn't be converted to value! -
[06Aug2026 20:33:39.955] [Worker-ResourceReload-14/INFO] [STDERR/]: [software.bernie.geckolib.core.molang.MolangParser:parseSymbolsMolang:259]: 	at TRANSFORMER/mclib@20/com.eliotlash.mclib.math.MathBuilder.valueFromObject(MathBuilder.java:488)
[06Aug2026 20:33:39.955] [Worker-ResourceReload-14/INFO] [STDERR/]: [software.bernie.geckolib.core.molang.MolangParser:parseSymbolsMolang:259]: 	at TRANSFORMER/mclib@20/com.eliotlash.mclib.math.MathBuilder.parseSymbols(MathBuilder.java:257)
[06Aug2026 20:33:39.956] [Worker-ResourceReload-14/INFO] [STDERR/]: [software.bernie.geckolib.core.molang.MolangParser:parseSymbolsMolang:259]: 	at TRANSFORMER/geckolib@4.8.4/software.bernie.geckolib.core.molang.MolangParser.parseSymbolsMolang(MolangParser.java:256)
[06Aug2026 20:33:39.956] [Worker-ResourceReload-14/INFO] [STDERR/]: [software.bernie.geckolib.core.molang.MolangParser:parseSymbolsMolang:259]: 	at TRANSFORMER/geckolib@4.8.4/software.bernie.geckolib.core.molang.MolangParser.parseOneLine(MolangParser.java:244)
[06Aug2026 20:33:39.957] [Worker-ResourceReload-14/INFO] [STDERR/]: [software.bernie.geckolib.core.molang.MolangParser:parseSymbolsMolang:259]: 	at TRANSFORMER/geckolib@4.8.4/software.bernie.geckolib.core.molang.MolangParser.parseExpression(MolangParser.java:199)
[06Aug2026 20:33:39.957] [Worker-ResourceReload-14/INFO] [STDERR/]: [software.bernie.geckolib.core.molang.MolangParser:parseSymbolsMolang:259]: 	at TRANSFORMER/geckolib@4.8.4/software.bernie.geckolib.core.molang.MolangParser.parseJson(MolangParser.java:181)
[06Aug2026 20:33:39.958] [Worker-ResourceReload-14/INFO] [STDERR/]: [software.bernie.geckolib.core.molang.MolangParser:parseSymbolsMolang:259]: 	at TRANSFORMER/geckolib@4.8.4/software.bernie.geckolib.loading.json.typeadapter.BakedAnimationsAdapter.buildKeyframeStack(BakedAnimationsAdapter.java:198)
[06Aug2026 20:33:39.958] [Worker-ResourceReload-14/INFO] [STDERR/]: [software.bernie.geckolib.core.molang.MolangParser:parseSymbolsMolang:259]: 	at TRANSFORMER/geckolib@4.8.4/software.bernie.geckolib.loading.json.typeadapter.BakedAnimationsAdapter.bakeBoneAnimations(BakedAnimationsAdapter.java:72)
[06Aug2026 20:33:39.959] [Worker-ResourceReload-14/INFO] [STDERR/]: [software.bernie.geckolib.core.molang.MolangParser:parseSymbolsMolang:259]: 	at TRANSFORMER/geckolib@4.8.4/software.bernie.geckolib.loading.json.typeadapter.BakedAnimationsAdapter.bakeAnimation(BakedAnimationsAdapter.java:53)
[06Aug2026 20:33:39.959] [Worker-ResourceReload-14/INFO] [STDERR/]: [software.bernie.geckolib.core.molang.MolangParser:parseSymbolsMolang:259]: 	at TRANSFORMER/geckolib@4.8.4/software.bernie.geckolib.loading.json.typeadapter.BakedAnimationsAdapter.deserialize(BakedAnimationsAdapter.java:39)
[06Aug2026 20:33:39.959] [Worker-ResourceReload-14/INFO] [STDERR/]: [software.bernie.geckolib.core.molang.MolangParser:parseSymbolsMolang:259]: 	at TRANSFORMER/geckolib@4.8.4/software.bernie.geckolib.loading.json.typeadapter.BakedAnimationsAdapter.deserialize(BakedAnimationsAdapter.java:31)
[06Aug2026 20:33:39.960] [Worker-ResourceReload-14/INFO] [STDERR/]: [software.bernie.geckolib.core.molang.MolangParser:parseSymbolsMolang:259]: 	at MC-BOOTSTRAP/com.google.gson@2.10/com.google.gson.internal.bind.TreeTypeAdapter.read(TreeTypeAdapter.java:76)
[06Aug2026 20:33:39.960] [Worker-ResourceReload-14/INFO] [STDERR/]: [software.bernie.geckolib.core.molang.MolangParser:parseSymbolsMolang:259]: 	at MC-BOOTSTRAP/com.google.gson@2.10/com.google.gson.Gson.fromJson(Gson.java:1214)
[06Aug2026 20:33:39.960] [Worker-ResourceReload-14/INFO] [STDERR/]: [software.bernie.geckolib.core.molang.MolangParser:parseSymbolsMolang:259]: 	at MC-BOOTSTRAP/com.google.gson@2.10/com.google.gson.Gson.fromJson(Gson.java:1319)
[06Aug2026 20:33:39.961] [Worker-ResourceReload-14/INFO] [STDERR/]: [software.bernie.geckolib.core.molang.MolangParser:parseSymbolsMolang:259]: 	at MC-BOOTSTRAP/com.google.gson@2.10/com.google.gson.Gson.fromJson(Gson.java:1261)
[06Aug2026 20:33:39.961] [Worker-ResourceReload-14/INFO] [STDERR/]: [software.bernie.geckolib.core.molang.MolangParser:parseSymbolsMolang:259]: 	at TRANSFORMER/geckolib@4.8.4/software.bernie.geckolib.loading.FileLoader.loadAnimationsFile(FileLoader.java:28)
[06Aug2026 20:33:39.961] [Worker-ResourceReload-14/INFO] [STDERR/]: [software.bernie.geckolib.core.molang.MolangParser:parseSymbolsMolang:259]: 	at TRANSFORMER/geckolib@4.8.4/software.bernie.geckolib.cache.GeckoLibCache.lambda$loadAnimations$1(GeckoLibCache.java:90)
[06Aug2026 20:33:39.962] [Worker-ResourceReload-14/INFO] [STDERR/]: [software.bernie.geckolib.core.molang.MolangParser:parseSymbolsMolang:259]: 	at TRANSFORMER/geckolib@4.8.4/software.bernie.geckolib.cache.GeckoLibCache.lambda$loadResources$5(GeckoLibCache.java:122)
[06Aug2026 20:33:39.962] [Worker-ResourceReload-14/INFO] [STDERR/]: [software.bernie.geckolib.core.molang.MolangParser:parseSymbolsMolang:259]: 	at java.base/java.util.concurrent.CompletableFuture$AsyncSupply.run(CompletableFuture.java:1768)
[06Aug2026 20:33:39.962] [Worker-ResourceReload-14/INFO] [STDERR/]: [software.bernie.geckolib.core.molang.MolangParser:parseSymbolsMolang:259]: 	at java.base/java.util.concurrent.CompletableFuture$AsyncSupply.exec(CompletableFuture.java:1760)
[06Aug2026 20:33:39.963] [Worker-ResourceReload-14/INFO] [STDERR/]: [software.bernie.geckolib.core.molang.MolangParser:parseSymbolsMolang:259]: 	at java.base/java.util.concurrent.ForkJoinTask.doExec(ForkJoinTask.java:373)
[06Aug2026 20:33:39.963] [Worker-ResourceReload-14/INFO] [STDERR/]: [software.bernie.geckolib.core.molang.MolangParser:parseSymbolsMolang:259]: 	at java.base/java.util.concurrent.ForkJoinPool$WorkQueue.topLevelExec(ForkJoinPool.java:1182)
[06Aug2026 20:33:39.963] [Worker-ResourceReload-14/INFO] [STDERR/]: [software.bernie.geckolib.core.molang.MolangParser:parseSymbolsMolang:259]: 	at java.base/java.util.concurrent.ForkJoinPool.scan(ForkJoinPool.java:1655)
[06Aug2026 20:33:39.964] [Worker-ResourceReload-14/INFO] [STDERR/]: [software.bernie.geckolib.core.molang.MolangParser:parseSymbolsMolang:259]: 	at java.base/java.util.concurrent.ForkJoinPool.runWorker(ForkJoinPool.java:1622)
[06Aug2026 20:33:39.965] [Worker-ResourceReload-6/WARN] [net.minecraft.client.sounds.SoundManager/]: File alexscaves:sounds/block/purple_soda/purple_soda_swim_3.ogg does not exist, cannot add it to event alexscaves:purple_soda_swim
[06Aug2026 20:33:39.965] [Worker-ResourceReload-6/WARN] [net.minecraft.client.sounds.SoundManager/]: File alexscaves:sounds/block/purple_soda/purple_soda_swim_4.ogg does not exist, cannot add it to event alexscaves:purple_soda_swim
[06Aug2026 20:33:39.965] [Worker-ResourceReload-14/INFO] [STDERR/]: [software.bernie.geckolib.core.molang.MolangParser:parseSymbolsMolang:259]: 	at java.base/java.util.concurrent.ForkJoinWorkerThread.run(ForkJoinWorkerThread.java:165)
[06Aug2026 20:33:39.965] [Worker-ResourceReload-6/WARN] [net.minecraft.client.sounds.SoundManager/]: File alexscaves:sounds/mob/luxtructosaurus/luxtructosaurus_snort_0.ogg does not exist, cannot add it to event alexscaves:luxtructosaurus_snort
[06Aug2026 20:33:39.965] [Worker-ResourceReload-6/WARN] [net.minecraft.client.sounds.SoundManager/]: File alexscaves:sounds/mob/luxtructosaurus/luxtructosaurus_snort_1.ogg does not exist, cannot add it to event alexscaves:luxtructosaurus_snort
[06Aug2026 20:33:39.965] [Worker-ResourceReload-6/WARN] [net.minecraft.client.sounds.SoundManager/]: File alexscaves:sounds/mob/luxtructosaurus/luxtructosaurus_snort_2.ogg does not exist, cannot add it to event alexscaves:luxtructosaurus_snort
[06Aug2026 20:33:39.965] [Worker-ResourceReload-14/ERROR] [software.bernie.geckolib.GeckoLib/]: Unable to parse animation: idle
[06Aug2026 20:33:39.965] [Worker-ResourceReload-6/WARN] [net.minecraft.client.sounds.SoundManager/]: File alexscaves:sounds/mob/luxtructosaurus/luxtructosaurus_breathe_0.ogg does not exist, cannot add it to event alexscaves:luxtructosaurus_breathe
[06Aug2026 20:33:39.965] [Worker-ResourceReload-6/WARN] [net.minecraft.client.sounds.SoundManager/]: File alexscaves:sounds/mob/luxtructosaurus/luxtructosaurus_breathe_1.ogg does not exist, cannot add it to event alexscaves:luxtructosaurus_breathe
[06Aug2026 20:33:39.965] [Worker-ResourceReload-6/WARN] [net.minecraft.client.sounds.SoundManager/]: File alexscaves:sounds/mob/luxtructosaurus/luxtructosaurus_breathe_2.ogg does not exist, cannot add it to event alexscaves:luxtructosaurus_breathe
[06Aug2026 20:33:39.965] [Worker-ResourceReload-14/INFO] [STDERR/]: [software.bernie.geckolib.loading.json.typeadapter.BakedAnimationsAdapter:deserialize:43]: software.bernie.geckolib.core.molang.MolangException: Couldn't parse '-' expression!
[06Aug2026 20:33:39.966] [Worker-ResourceReload-14/INFO] [STDERR/]: [software.bernie.geckolib.loading.json.typeadapter.BakedAnimationsAdapter:deserialize:43]: 	at TRANSFORMER/geckolib@4.8.4/software.bernie.geckolib.core.molang.MolangParser.parseOneLine(MolangParser.java:247)
[06Aug2026 20:33:39.967] [Worker-ResourceReload-14/INFO] [STDERR/]: [software.bernie.geckolib.loading.json.typeadapter.BakedAnimationsAdapter:deserialize:43]: 	at TRANSFORMER/geckolib@4.8.4/software.bernie.geckolib.core.molang.MolangParser.parseExpression(MolangParser.java:199)
[06Aug2026 20:33:39.967] [Worker-ResourceReload-14/INFO] [STDERR/]: [software.bernie.geckolib.loading.json.typeadapter.BakedAnimationsAdapter:deserialize:43]: 	at TRANSFORMER/geckolib@4.8.4/software.bernie.geckolib.core.molang.MolangParser.parseJson(MolangParser.java:181)
[06Aug2026 20:33:39.969] [Worker-ResourceReload-14/INFO] [STDERR/]: [software.bernie.geckolib.loading.json.typeadapter.BakedAnimationsAdapter:deserialize:43]: 	at TRANSFORMER/geckolib@4.8.4/software.bernie.geckolib.loading.json.typeadapter.BakedAnimationsAdapter.buildKeyframeStack(BakedAnimationsAdapter.java:198)
[06Aug2026 20:33:39.970] [Worker-ResourceReload-14/INFO] [STDERR/]: [software.bernie.geckolib.loading.json.typeadapter.BakedAnimationsAdapter:deserialize:43]: 	at TRANSFORMER/geckolib@4.8.4/software.bernie.geckolib.loading.json.typeadapter.BakedAnimationsAdapter.bakeBoneAnimations(BakedAnimationsAdapter.java:72)
[06Aug2026 20:33:39.970] [Worker-ResourceReload-14/INFO] [STDERR/]: [software.bernie.geckolib.loading.json.typeadapter.BakedAnimationsAdapter:deserialize:43]: 	at TRANSFORMER/geckolib@4.8.4/software.bernie.geckolib.loading.json.typeadapter.BakedAnimationsAdapter.bakeAnimation(BakedAnimationsAdapter.java:53)
[06Aug2026 20:33:39.971] [Worker-ResourceReload-14/INFO] [STDERR/]: [software.bernie.geckolib.loading.json.typeadapter.BakedAnimationsAdapter:deserialize:43]: 	at TRANSFORMER/geckolib@4.8.4/software.bernie.geckolib.loading.json.typeadapter.BakedAnimationsAdapter.deserialize(BakedAnimationsAdapter.java:39)
[06Aug2026 20:33:39.971] [Worker-ResourceReload-14/INFO] [STDERR/]: [software.bernie.geckolib.loading.json.typeadapter.BakedAnimationsAdapter:deserialize:43]: 	at TRANSFORMER/geckolib@4.8.4/software.bernie.geckolib.loading.json.typeadapter.BakedAnimationsAdapter.deserialize(BakedAnimationsAdapter.java:31)
[06Aug2026 20:33:39.971] [Worker-ResourceReload-14/INFO] [STDERR/]: [software.bernie.geckolib.loading.json.typeadapter.BakedAnimationsAdapter:deserialize:43]: 	at MC-BOOTSTRAP/com.google.gson@2.10/com.google.gson.internal.bind.TreeTypeAdapter.read(TreeTypeAdapter.java:76)
[06Aug2026 20:33:39.973] [Worker-ResourceReload-14/INFO] [STDERR/]: [software.bernie.geckolib.loading.json.typeadapter.BakedAnimationsAdapter:deserialize:43]: 	at MC-BOOTSTRAP/com.google.gson@2.10/com.google.gson.Gson.fromJson(Gson.java:1214)
[06Aug2026 20:33:39.973] [Worker-ResourceReload-14/INFO] [STDERR/]: [software.bernie.geckolib.loading.json.typeadapter.BakedAnimationsAdapter:deserialize:43]: 	at MC-BOOTSTRAP/com.google.gson@2.10/com.google.gson.Gson.fromJson(Gson.java:1319)
[06Aug2026 20:33:39.973] [Worker-ResourceReload-14/INFO] [STDERR/]: [software.bernie.geckolib.loading.json.typeadapter.BakedAnimationsAdapter:deserialize:43]: 	at MC-BOOTSTRAP/com.google.gson@2.10/com.google.gson.Gson.fromJson(Gson.java:1261)
[06Aug2026 20:33:39.974] [Worker-ResourceReload-14/INFO] [STDERR/]: [software.bernie.geckolib.loading.json.typeadapter.BakedAnimationsAdapter:deserialize:43]: 	at TRANSFORMER/geckolib@4.8.4/software.bernie.geckolib.loading.FileLoader.loadAnimationsFile(FileLoader.java:28)
[06Aug2026 20:33:39.974] [Worker-ResourceReload-14/INFO] [STDERR/]: [software.bernie.geckolib.loading.json.typeadapter.BakedAnimationsAdapter:deserialize:43]: 	at TRANSFORMER/geckolib@4.8.4/software.bernie.geckolib.cache.GeckoLibCache.lambda$loadAnimations$1(GeckoLibCache.java:90)
[06Aug2026 20:33:39.974] [Worker-ResourceReload-14/INFO] [STDERR/]: [software.bernie.geckolib.loading.json.typeadapter.BakedAnimationsAdapter:deserialize:43]: 	at TRANSFORMER/geckolib@4.8.4/software.bernie.geckolib.cache.GeckoLibCache.lambda$loadResources$5(GeckoLibCache.java:122)
[06Aug2026 20:33:39.974] [Worker-ResourceReload-14/INFO] [STDERR/]: [software.bernie.geckolib.loading.json.typeadapter.BakedAnimationsAdapter:deserialize:43]: 	at java.base/java.util.concurrent.CompletableFuture$AsyncSupply.run(CompletableFuture.java:1768)
[06Aug2026 20:33:39.974] [Worker-ResourceReload-14/INFO] [STDERR/]: [software.bernie.geckolib.loading.json.typeadapter.BakedAnimationsAdapter:deserialize:43]: 	at java.base/java.util.concurrent.CompletableFuture$AsyncSupply.exec(CompletableFuture.java:1760)
[06Aug2026 20:33:39.974] [Worker-ResourceReload-14/INFO] [STDERR/]: [software.bernie.geckolib.loading.json.typeadapter.BakedAnimationsAdapter:deserialize:43]: 	at java.base/java.util.concurrent.ForkJoinTask.doExec(ForkJoinTask.java:373)
[06Aug2026 20:33:39.974] [Worker-ResourceReload-6/WARN] [net.minecraft.client.sounds.SoundManager/]: File the_masked:sounds/hangingbodysfx1.ogg does not exist, cannot add it to event the_masked:hanging_body_sfx
[06Aug2026 20:33:39.975] [Worker-ResourceReload-14/INFO] [STDERR/]: [software.bernie.geckolib.loading.json.typeadapter.BakedAnimationsAdapter:deserialize:43]: 	at java.base/java.util.concurrent.ForkJoinPool$WorkQueue.topLevelExec(ForkJoinPool.java:1182)
[06Aug2026 20:33:39.975] [Worker-ResourceReload-7/INFO] [net.minecraft.client.gui.font.providers.UnihexProvider/]: Found unifont_all_no_pua-15.0.06.hex, loading
[06Aug2026 20:33:39.975] [Worker-ResourceReload-14/INFO] [STDERR/]: [software.bernie.geckolib.loading.json.typeadapter.BakedAnimationsAdapter:deserialize:43]: 	at java.base/java.util.concurrent.ForkJoinPool.scan(ForkJoinPool.java:1655)
[06Aug2026 20:33:39.975] [Worker-ResourceReload-6/WARN] [net.minecraft.client.sounds.SoundManager/]: File the_masked:sounds/hangingbodysfx2.ogg does not exist, cannot add it to event the_masked:hanging_body_sfx
[06Aug2026 20:33:39.975] [Worker-ResourceReload-14/INFO] [STDERR/]: [software.bernie.geckolib.loading.json.typeadapter.BakedAnimationsAdapter:deserialize:43]: 	at java.base/java.util.concurrent.ForkJoinPool.runWorker(ForkJoinPool.java:1622)
[06Aug2026 20:33:39.975] [Worker-ResourceReload-14/INFO] [STDERR/]: [software.bernie.geckolib.loading.json.typeadapter.BakedAnimationsAdapter:deserialize:43]: 	at java.base/java.util.concurrent.ForkJoinWorkerThread.run(ForkJoinWorkerThread.java:165)
[06Aug2026 20:33:40.066] [Worker-ResourceReload-5/WARN] [software.bernie.geckolib.GeckoLib/]: Unknown geometry json version found for model block_factorys_bosses:geo/item/undying_tentacle.geo.json. Last known version: 1.21.20 Some features may not work as expected.
[06Aug2026 20:33:40.324] [Worker-ResourceReload-12/INFO] [org.berezka.berezka_api.resources.BuiltInResourcePack/]: [Berezka API] listResources called with type: CLIENT_RESOURCES, namespace: berezka_api (true - false), path: textures/block
[06Aug2026 20:33:40.344] [modloading-worker-0/INFO] [org.berezka.berezka_api.Berezka_api/]: [Berezka API] onConfig load for berezka_api
[06Aug2026 20:33:40.344] [modloading-worker-0/INFO] [org.berezka.berezka_api.API/]: [Berezka API] getValue: key: berezka_api:UseFolderPluginSystem is exist?: true
[06Aug2026 20:33:40.344] [modloading-worker-0/INFO] [org.berezka.berezka_api.API/]: [Berezka API] getValue: key: berezka_api:UseGlobalStructuresRotation is exist?: true
[06Aug2026 20:33:40.344] [modloading-worker-0/INFO] [org.berezka.berezka_api.API/]: [Berezka API] getValue: key: berezka_api:DebugMode is exist?: true
[06Aug2026 20:33:40.345] [modloading-worker-0/INFO] [org.berezka.berezka_api.Berezka_api/]: [Berezka API] Berezka API is loaded
[06Aug2026 20:33:40.362] [Worker-ResourceReload-4/WARN] [software.bernie.geckolib.GeckoLib/]: Unknown geometry json version found for model ghostpig:geo/the_face_machete.geo.json. Last known version: 1.21.20 Some features may not work as expected.
[06Aug2026 20:33:40.409] [Worker-ResourceReload-13/INFO] [STDERR/]: [software.bernie.geckolib.core.molang.MolangParser:parseSymbolsMolang:259]: java.lang.Exception: Given object couldn't be converted to value! -
[06Aug2026 20:33:40.409] [Worker-ResourceReload-13/INFO] [STDERR/]: [software.bernie.geckolib.core.molang.MolangParser:parseSymbolsMolang:259]: 	at TRANSFORMER/mclib@20/com.eliotlash.mclib.math.MathBuilder.valueFromObject(MathBuilder.java:488)
[06Aug2026 20:33:40.409] [Worker-ResourceReload-13/INFO] [STDERR/]: [software.bernie.geckolib.core.molang.MolangParser:parseSymbolsMolang:259]: 	at TRANSFORMER/mclib@20/com.eliotlash.mclib.math.MathBuilder.parseSymbols(MathBuilder.java:257)
[06Aug2026 20:33:40.409] [Worker-ResourceReload-13/INFO] [STDERR/]: [software.bernie.geckolib.core.molang.MolangParser:parseSymbolsMolang:259]: 	at TRANSFORMER/geckolib@4.8.4/software.bernie.geckolib.core.molang.MolangParser.parseSymbolsMolang(MolangParser.java:256)
[06Aug2026 20:33:40.409] [Worker-ResourceReload-13/INFO] [STDERR/]: [software.bernie.geckolib.core.molang.MolangParser:parseSymbolsMolang:259]: 	at TRANSFORMER/geckolib@4.8.4/software.bernie.geckolib.core.molang.MolangParser.parseOneLine(MolangParser.java:244)
[06Aug2026 20:33:40.409] [Worker-ResourceReload-13/INFO] [STDERR/]: [software.bernie.geckolib.core.molang.MolangParser:parseSymbolsMolang:259]: 	at TRANSFORMER/geckolib@4.8.4/software.bernie.geckolib.core.molang.MolangParser.parseExpression(MolangParser.java:199)
[06Aug2026 20:33:40.409] [Worker-ResourceReload-13/INFO] [STDERR/]: [software.bernie.geckolib.core.molang.MolangParser:parseSymbolsMolang:259]: 	at TRANSFORMER/geckolib@4.8.4/software.bernie.geckolib.core.molang.MolangParser.parseJson(MolangParser.java:181)
[06Aug2026 20:33:40.409] [Worker-ResourceReload-13/INFO] [STDERR/]: [software.bernie.geckolib.core.molang.MolangParser:parseSymbolsMolang:259]: 	at TRANSFORMER/geckolib@4.8.4/software.bernie.geckolib.loading.json.typeadapter.BakedAnimationsAdapter.buildKeyframeStack(BakedAnimationsAdapter.java:197)
[06Aug2026 20:33:40.409] [Worker-ResourceReload-13/INFO] [STDERR/]: [software.bernie.geckolib.core.molang.MolangParser:parseSymbolsMolang:259]: 	at TRANSFORMER/geckolib@4.8.4/software.bernie.geckolib.loading.json.typeadapter.BakedAnimationsAdapter.bakeBoneAnimations(BakedAnimationsAdapter.java:72)
[06Aug2026 20:33:40.409] [Worker-ResourceReload-13/INFO] [STDERR/]: [software.bernie.geckolib.core.molang.MolangParser:parseSymbolsMolang:259]: 	at TRANSFORMER/geckolib@4.8.4/software.bernie.geckolib.loading.json.typeadapter.BakedAnimationsAdapter.bakeAnimation(BakedAnimationsAdapter.java:53)
[06Aug2026 20:33:40.409] [Worker-ResourceReload-13/INFO] [STDERR/]: [software.bernie.geckolib.core.molang.MolangParser:parseSymbolsMolang:259]: 	at TRANSFORMER/geckolib@4.8.4/software.bernie.geckolib.loading.json.typeadapter.BakedAnimationsAdapter.deserialize(BakedAnimationsAdapter.java:39)
[06Aug2026 20:33:40.410] [Worker-ResourceReload-13/INFO] [STDERR/]: [software.bernie.geckolib.core.molang.MolangParser:parseSymbolsMolang:259]: 	at TRANSFORMER/geckolib@4.8.4/software.bernie.geckolib.loading.json.typeadapter.BakedAnimationsAdapter.deserialize(BakedAnimationsAdapter.java:31)
[06Aug2026 20:33:40.410] [Worker-ResourceReload-13/INFO] [STDERR/]: [software.bernie.geckolib.core.molang.MolangParser:parseSymbolsMolang:259]: 	at MC-BOOTSTRAP/com.google.gson@2.10/com.google.gson.internal.bind.TreeTypeAdapter.read(TreeTypeAdapter.java:76)
[06Aug2026 20:33:40.410] [Worker-ResourceReload-13/INFO] [STDERR/]: [software.bernie.geckolib.core.molang.MolangParser:parseSymbolsMolang:259]: 	at MC-BOOTSTRAP/com.google.gson@2.10/com.google.gson.Gson.fromJson(Gson.java:1214)
[06Aug2026 20:33:40.410] [Worker-ResourceReload-13/INFO] [STDERR/]: [software.bernie.geckolib.core.molang.MolangParser:parseSymbolsMolang:259]: 	at MC-BOOTSTRAP/com.google.gson@2.10/com.google.gson.Gson.fromJson(Gson.java:1319)
[06Aug2026 20:33:40.411] [Worker-ResourceReload-13/INFO] [STDERR/]: [software.bernie.geckolib.core.molang.MolangParser:parseSymbolsMolang:259]: 	at MC-BOOTSTRAP/com.google.gson@2.10/com.google.gson.Gson.fromJson(Gson.java:1261)
[06Aug2026 20:33:40.414] [Worker-ResourceReload-13/INFO] [STDERR/]: [software.bernie.geckolib.core.molang.MolangParser:parseSymbolsMolang:259]: 	at TRANSFORMER/geckolib@4.8.4/software.bernie.geckolib.loading.FileLoader.loadAnimationsFile(FileLoader.java:28)
[06Aug2026 20:33:40.416] [Worker-ResourceReload-13/INFO] [STDERR/]: [software.bernie.geckolib.core.molang.MolangParser:parseSymbolsMolang:259]: 	at TRANSFORMER/geckolib@4.8.4/software.bernie.geckolib.cache.GeckoLibCache.lambda$loadAnimations$1(GeckoLibCache.java:90)
[06Aug2026 20:33:40.418] [Worker-ResourceReload-13/INFO] [STDERR/]: [software.bernie.geckolib.core.molang.MolangParser:parseSymbolsMolang:259]: 	at TRANSFORMER/geckolib@4.8.4/software.bernie.geckolib.cache.GeckoLibCache.lambda$loadResources$5(GeckoLibCache.java:122)
[06Aug2026 20:33:40.418] [Worker-ResourceReload-13/INFO] [STDERR/]: [software.bernie.geckolib.core.molang.MolangParser:parseSymbolsMolang:259]: 	at java.base/java.util.concurrent.CompletableFuture$AsyncSupply.run(CompletableFuture.java:1768)
[06Aug2026 20:33:40.418] [Worker-ResourceReload-13/INFO] [STDERR/]: [software.bernie.geckolib.core.molang.MolangParser:parseSymbolsMolang:259]: 	at java.base/java.util.concurrent.CompletableFuture$AsyncSupply.exec(CompletableFuture.java:1760)
[06Aug2026 20:33:40.418] [Worker-ResourceReload-13/INFO] [STDERR/]: [software.bernie.geckolib.core.molang.MolangParser:parseSymbolsMolang:259]: 	at java.base/java.util.concurrent.ForkJoinTask.doExec(ForkJoinTask.java:373)
[06Aug2026 20:33:40.418] [Worker-ResourceReload-13/INFO] [STDERR/]: [software.bernie.geckolib.core.molang.MolangParser:parseSymbolsMolang:259]: 	at java.base/java.util.concurrent.ForkJoinPool$WorkQueue.topLevelExec(ForkJoinPool.java:1182)
[06Aug2026 20:33:40.418] [Worker-ResourceReload-13/INFO] [STDERR/]: [software.bernie.geckolib.core.molang.MolangParser:parseSymbolsMolang:259]: 	at java.base/java.util.concurrent.ForkJoinPool.scan(ForkJoinPool.java:1655)
[06Aug2026 20:33:40.418] [Worker-ResourceReload-13/INFO] [STDERR/]: [software.bernie.geckolib.core.molang.MolangParser:parseSymbolsMolang:259]: 	at java.base/java.util.concurrent.ForkJoinPool.runWorker(ForkJoinPool.java:1622)
[06Aug2026 20:33:40.418] [Worker-ResourceReload-13/INFO] [STDERR/]: [software.bernie.geckolib.core.molang.MolangParser:parseSymbolsMolang:259]: 	at java.base/java.util.concurrent.ForkJoinWorkerThread.run(ForkJoinWorkerThread.java:165)
[06Aug2026 20:33:40.419] [Worker-ResourceReload-13/ERROR] [software.bernie.geckolib.GeckoLib/]: Unable to parse animation: attack
[06Aug2026 20:33:40.419] [Worker-ResourceReload-13/INFO] [STDERR/]: [software.bernie.geckolib.loading.json.typeadapter.BakedAnimationsAdapter:deserialize:43]: software.bernie.geckolib.core.molang.MolangException: Couldn't parse '-' expression!
[06Aug2026 20:33:40.419] [Worker-ResourceReload-13/INFO] [STDERR/]: [software.bernie.geckolib.loading.json.typeadapter.BakedAnimationsAdapter:deserialize:43]: 	at TRANSFORMER/geckolib@4.8.4/software.bernie.geckolib.core.molang.MolangParser.parseOneLine(MolangParser.java:247)
[06Aug2026 20:33:40.419] [Worker-ResourceReload-13/INFO] [STDERR/]: [software.bernie.geckolib.loading.json.typeadapter.BakedAnimationsAdapter:deserialize:43]: 	at TRANSFORMER/geckolib@4.8.4/software.bernie.geckolib.core.molang.MolangParser.parseExpression(MolangParser.java:199)
[06Aug2026 20:33:40.419] [Worker-ResourceReload-13/INFO] [STDERR/]: [software.bernie.geckolib.loading.json.typeadapter.BakedAnimationsAdapter:deserialize:43]: 	at TRANSFORMER/geckolib@4.8.4/software.bernie.geckolib.core.molang.MolangParser.parseJson(MolangParser.java:181)
[06Aug2026 20:33:40.419] [Worker-ResourceReload-13/INFO] [STDERR/]: [software.bernie.geckolib.loading.json.typeadapter.BakedAnimationsAdapter:deserialize:43]: 	at TRANSFORMER/geckolib@4.8.4/software.bernie.geckolib.loading.json.typeadapter.BakedAnimationsAdapter.buildKeyframeStack(BakedAnimationsAdapter.java:197)
[06Aug2026 20:33:40.419] [Worker-ResourceReload-13/INFO] [STDERR/]: [software.bernie.geckolib.loading.json.typeadapter.BakedAnimationsAdapter:deserialize:43]: 	at TRANSFORMER/geckolib@4.8.4/software.bernie.geckolib.loading.json.typeadapter.BakedAnimationsAdapter.bakeBoneAnimations(BakedAnimationsAdapter.java:72)
[06Aug2026 20:33:40.419] [Worker-ResourceReload-13/INFO] [STDERR/]: [software.bernie.geckolib.loading.json.typeadapter.BakedAnimationsAdapter:deserialize:43]: 	at TRANSFORMER/geckolib@4.8.4/software.bernie.geckolib.loading.json.typeadapter.BakedAnimationsAdapter.bakeAnimation(BakedAnimationsAdapter.java:53)
[06Aug2026 20:33:40.419] [Worker-ResourceReload-13/INFO] [STDERR/]: [software.bernie.geckolib.loading.json.typeadapter.BakedAnimationsAdapter:deserialize:43]: 	at TRANSFORMER/geckolib@4.8.4/software.bernie.geckolib.loading.json.typeadapter.BakedAnimationsAdapter.deserialize(BakedAnimationsAdapter.java:39)
[06Aug2026 20:33:40.419] [Worker-ResourceReload-13/INFO] [STDERR/]: [software.bernie.geckolib.loading.json.typeadapter.BakedAnimationsAdapter:deserialize:43]: 	at TRANSFORMER/geckolib@4.8.4/software.bernie.geckolib.loading.json.typeadapter.BakedAnimationsAdapter.deserialize(BakedAnimationsAdapter.java:31)
[06Aug2026 20:33:40.419] [Worker-ResourceReload-13/INFO] [STDERR/]: [software.bernie.geckolib.loading.json.typeadapter.BakedAnimationsAdapter:deserialize:43]: 	at MC-BOOTSTRAP/com.google.gson@2.10/com.google.gson.internal.bind.TreeTypeAdapter.read(TreeTypeAdapter.java:76)
[06Aug2026 20:33:40.419] [Worker-ResourceReload-13/INFO] [STDERR/]: [software.bernie.geckolib.loading.json.typeadapter.BakedAnimationsAdapter:deserialize:43]: 	at MC-BOOTSTRAP/com.google.gson@2.10/com.google.gson.Gson.fromJson(Gson.java:1214)
[06Aug2026 20:33:40.420] [Worker-ResourceReload-13/INFO] [STDERR/]: [software.bernie.geckolib.loading.json.typeadapter.BakedAnimationsAdapter:deserialize:43]: 	at MC-BOOTSTRAP/com.google.gson@2.10/com.google.gson.Gson.fromJson(Gson.java:1319)
[06Aug2026 20:33:40.420] [Worker-ResourceReload-13/INFO] [STDERR/]: [software.bernie.geckolib.loading.json.typeadapter.BakedAnimationsAdapter:deserialize:43]: 	at MC-BOOTSTRAP/com.google.gson@2.10/com.google.gson.Gson.fromJson(Gson.java:1261)
[06Aug2026 20:33:40.420] [Worker-ResourceReload-13/INFO] [STDERR/]: [software.bernie.geckolib.loading.json.typeadapter.BakedAnimationsAdapter:deserialize:43]: 	at TRANSFORMER/geckolib@4.8.4/software.bernie.geckolib.loading.FileLoader.loadAnimationsFile(FileLoader.java:28)
[06Aug2026 20:33:40.420] [Worker-ResourceReload-13/INFO] [STDERR/]: [software.bernie.geckolib.loading.json.typeadapter.BakedAnimationsAdapter:deserialize:43]: 	at TRANSFORMER/geckolib@4.8.4/software.bernie.geckolib.cache.GeckoLibCache.lambda$loadAnimations$1(GeckoLibCache.java:90)
[06Aug2026 20:33:40.420] [Worker-ResourceReload-13/INFO] [STDERR/]: [software.bernie.geckolib.loading.json.typeadapter.BakedAnimationsAdapter:deserialize:43]: 	at TRANSFORMER/geckolib@4.8.4/software.bernie.geckolib.cache.GeckoLibCache.lambda$loadResources$5(GeckoLibCache.java:122)
[06Aug2026 20:33:40.421] [Worker-ResourceReload-13/INFO] [STDERR/]: [software.bernie.geckolib.loading.json.typeadapter.BakedAnimationsAdapter:deserialize:43]: 	at java.base/java.util.concurrent.CompletableFuture$AsyncSupply.run(CompletableFuture.java:1768)
[06Aug2026 20:33:40.421] [Worker-ResourceReload-13/INFO] [STDERR/]: [software.bernie.geckolib.loading.json.typeadapter.BakedAnimationsAdapter:deserialize:43]: 	at java.base/java.util.concurrent.CompletableFuture$AsyncSupply.exec(CompletableFuture.java:1760)
[06Aug2026 20:33:40.421] [Worker-ResourceReload-13/INFO] [STDERR/]: [software.bernie.geckolib.loading.json.typeadapter.BakedAnimationsAdapter:deserialize:43]: 	at java.base/java.util.concurrent.ForkJoinTask.doExec(ForkJoinTask.java:373)
[06Aug2026 20:33:40.421] [Worker-ResourceReload-13/INFO] [STDERR/]: [software.bernie.geckolib.loading.json.typeadapter.BakedAnimationsAdapter:deserialize:43]: 	at java.base/java.util.concurrent.ForkJoinPool$WorkQueue.topLevelExec(ForkJoinPool.java:1182)
[06Aug2026 20:33:40.421] [Worker-ResourceReload-13/INFO] [STDERR/]: [software.bernie.geckolib.loading.json.typeadapter.BakedAnimationsAdapter:deserialize:43]: 	at java.base/java.util.concurrent.ForkJoinPool.scan(ForkJoinPool.java:1655)
[06Aug2026 20:33:40.422] [Worker-ResourceReload-13/INFO] [STDERR/]: [software.bernie.geckolib.loading.json.typeadapter.BakedAnimationsAdapter:deserialize:43]: 	at java.base/java.util.concurrent.ForkJoinPool.runWorker(ForkJoinPool.java:1622)
[06Aug2026 20:33:40.422] [Worker-ResourceReload-13/INFO] [STDERR/]: [software.bernie.geckolib.loading.json.typeadapter.BakedAnimationsAdapter:deserialize:43]: 	at java.base/java.util.concurrent.ForkJoinWorkerThread.run(ForkJoinWorkerThread.java:165)
[06Aug2026 20:33:40.748] [Worker-ResourceReload-10/INFO] [FaceOfHorror/ReloadListener/]: Starting texture discovery (Worker Thread)...
[06Aug2026 20:33:40.762] [Worker-ResourceReload-10/INFO] [FaceOfHorror/ReloadListener/]: Discovered 11 textures from resource packs.
[06Aug2026 20:33:40.769] [Worker-ResourceReload-10/INFO] [FaceOfHorror/ReloadListener/]: Discovered 0 potential external textures.
[06Aug2026 20:33:40.788] [Worker-ResourceReload-10/INFO] [Mantle/]: Loaded 72 fluid textures in 16.2045 ms
[06Aug2026 20:33:40.835] [Worker-ResourceReload-5/INFO] [Mystical Agriculture/]: Loaded 4 essence vessel colors in 10 ms
[06Aug2026 20:33:40.994] [Worker-ResourceReload-13/WARN] [net.minecraft.client.renderer.texture.SpriteContents/]: Invalid frame index on sprite born_in_chaos_v1:dimanim frame 1: 1
[06Aug2026 20:33:40.994] [Worker-ResourceReload-13/WARN] [net.minecraft.client.renderer.texture.SpriteContents/]: Invalid frame index on sprite born_in_chaos_v1:dimanim frame 2: 2
[06Aug2026 20:33:40.994] [Worker-ResourceReload-13/WARN] [net.minecraft.client.renderer.texture.SpriteContents/]: Invalid frame index on sprite born_in_chaos_v1:dimanim frame 3: 3
[06Aug2026 20:33:40.994] [Worker-ResourceReload-13/WARN] [net.minecraft.client.renderer.texture.SpriteContents/]: Invalid frame index on sprite born_in_chaos_v1:dimanim frame 4: 4
[06Aug2026 20:33:40.996] [Worker-ResourceReload-13/WARN] [net.minecraft.client.renderer.texture.SpriteContents/]: Invalid frame index on sprite born_in_chaos_v1:dimanim frame 5: 5
[06Aug2026 20:33:40.996] [Worker-ResourceReload-13/WARN] [net.minecraft.client.renderer.texture.SpriteContents/]: Invalid frame index on sprite born_in_chaos_v1:dimanim frame 6: 6
[06Aug2026 20:33:41.001] [modloading-worker-0/INFO] [Spartan Weaponry/]: Updating config settings!
[06Aug2026 20:33:41.109] [modloading-worker-0/INFO] [Distant Friends/]: Refreshing friends cache
[06Aug2026 20:33:41.143] [Worker-ResourceReload-7/WARN] [net.minecraft.client.renderer.texture.SpriteContents/]: Unused frames in sprite ror:item/uncut_tourmaline: [0, 1, 2]
[06Aug2026 20:33:41.144] [Worker-ResourceReload-13/WARN] [net.minecraft.client.renderer.texture.SpriteContents/]: Unused frames in sprite ror:item/white_sapphire: [0, 1, 2]
[06Aug2026 20:33:41.151] [Worker-ResourceReload-4/WARN] [net.minecraft.client.renderer.texture.SpriteContents/]: Unused frames in sprite ror:item/tsavorite_leggings: [0, 1, 2]
[06Aug2026 20:33:41.224] [Worker-ResourceReload-14/WARN] [net.minecraft.client.renderer.texture.SpriteContents/]: Unused frames in sprite ror:item/tsavorite_shovel: [0, 1, 2]
[06Aug2026 20:33:41.239] [Worker-ResourceReload-6/WARN] [net.minecraft.client.renderer.texture.SpriteContents/]: Unused frames in sprite aerialhell:block/aerial_tree_log: [18, 19]
[06Aug2026 20:33:41.254] [Worker-ResourceReload-13/WARN] [net.minecraft.client.renderer.texture.SpriteContents/]: Unused frames in sprite arphex:item/portal_anim: [5, 6, 7, 8, 9, 10, 11, 12, 13, 14]
[06Aug2026 20:33:41.269] [Worker-ResourceReload-9/WARN] [net.minecraft.client.renderer.texture.SpriteContents/]: Unused frames in sprite ror:item/tourmaline_sword: [0, 1, 2]
[06Aug2026 20:33:41.279] [Worker-ResourceReload-11/WARN] [net.minecraft.client.renderer.texture.SpriteContents/]: Unused frames in sprite ror:item/lyre: [0, 2]
[06Aug2026 20:33:41.295] [Worker-ResourceReload-11/WARN] [net.minecraft.client.renderer.texture.SpriteContents/]: Unused frames in sprite ror:item/tourmaline_shovel: [0, 1, 2]
[06Aug2026 20:33:41.300] [Worker-ResourceReload-7/WARN] [net.minecraft.client.renderer.texture.SpriteContents/]: Unused frames in sprite ror:item/crystal_ball_anim0: [0, 1, 2]
[06Aug2026 20:33:41.307] [Worker-ResourceReload-11/WARN] [net.minecraft.client.renderer.texture.SpriteContents/]: Unused frames in sprite ror:item/tsavorite_boots: [0, 1, 2]
[06Aug2026 20:33:41.307] [Worker-ResourceReload-1/WARN] [net.minecraft.client.renderer.texture.SpriteContents/]: Invalid frame index on sprite midnightlurker:block/myovecra_hedge_top frame 29: 29
[06Aug2026 20:33:41.313] [Worker-ResourceReload-5/WARN] [net.minecraft.client.renderer.texture.SpriteContents/]: Unused frames in sprite arphex:item/seismic_anim: [5, 6, 7, 8, 9, 10, 11, 12, 13, 14]
[06Aug2026 20:33:41.350] [Worker-ResourceReload-2/WARN] [net.minecraft.client.renderer.texture.SpriteContents/]: Unused frames in sprite ror:item/rubellite_heart_anim: [0, 1, 2]
[06Aug2026 20:33:41.357] [Worker-ResourceReload-6/WARN] [net.minecraft.client.renderer.texture.SpriteContents/]: Unused frames in sprite ror:item/tsavorite_chestplate: [0, 1, 2]
[06Aug2026 20:33:41.362] [Worker-ResourceReload-11/WARN] [net.minecraft.client.renderer.texture.SpriteContents/]: Unused frames in sprite ror:item/tsavorite_pickaxe: [0, 1, 2]
[06Aug2026 20:33:41.379] [Worker-ResourceReload-2/WARN] [net.minecraft.client.renderer.texture.SpriteContents/]: Unused frames in sprite ror:item/blue_prism_anim: [0, 1, 2]
[06Aug2026 20:33:41.405] [Worker-ResourceReload-7/WARN] [net.minecraft.client.renderer.texture.SpriteContents/]: Unused frames in sprite ror:item/engagement_ring_anim: [0, 1, 2]
[06Aug2026 20:33:41.415] [Worker-ResourceReload-14/ERROR] [mixin/]: Mixin config farlandsreborn.mixins.json does not specify "minVersion" property
[06Aug2026 20:33:41.442] [Worker-ResourceReload-12/WARN] [net.minecraft.client.renderer.texture.SpriteContents/]: Unused frames in sprite aerialhell:block/eye_shadow_pine_log: [18, 19]
[06Aug2026 20:33:41.459] [Worker-ResourceReload-11/INFO] [terrablender/]: Registered region minecraft:overworld to index 0 for type OVERWORLD
[06Aug2026 20:33:41.460] [Worker-ResourceReload-11/INFO] [terrablender/]: Registered region minecraft:nether to index 0 for type NETHER
[06Aug2026 20:33:41.460] [Worker-ResourceReload-11/INFO] [terrablender/]: Registered region aether:the_aether to index 0 for type THE_AETHER
[06Aug2026 20:33:41.460] [Worker-ResourceReload-11/INFO] [terrablender/]: Registered region vanillabackport:overworld to index 1 for type OVERWORLD
[06Aug2026 20:33:41.475] [Worker-ResourceReload-8/WARN] [net.minecraft.client.renderer.texture.atlas.sources.SingleFile/]: Missing sprite: antiquelegacy:textures/entity/bronze_republic_scutum_pattern.png
[06Aug2026 20:33:41.475] [Worker-ResourceReload-8/WARN] [net.minecraft.client.renderer.texture.atlas.sources.SingleFile/]: Missing sprite: antiquelegacy:textures/entity/bronze_republic_scutum_nopattern.png
[06Aug2026 20:33:41.476] [Worker-ResourceReload-4/INFO] [ModdingLegacy/Lucent/]: [lucent] Found and created plugin: com.legacy.lucent.core.plugin.InternalLucentPlugin
[06Aug2026 20:33:41.482] [Worker-ResourceReload-12/WARN] [net.minecraft.client.renderer.texture.SpriteContents/]: Unused frames in sprite minecraft:block/lava_still: [20, 21, 22, 23, 24, 25, 26, 27, 28, 29, 30, 31, 32, 33, 34, 35, 36, 37, 38, 39, 40, 41, 42, 43, 44, 45, 46, 47, 48, 49, 50, 51, 52, 53, 54, 55, 56, 57, 58, 59, 60, 61, 62, 63, 64, 65, 66, 67, 68, 69, 70, 71, 72, 73, 74, 75, 76, 77, 78, 79, 80, 81, 82, 83, 84, 85, 86, 87, 88, 89, 90, 91, 92, 93, 94, 95, 96, 97, 98, 99, 100, 101, 102, 103, 104, 105, 106, 107, 108, 109, 110, 111, 112, 113, 114, 115, 116, 117, 118, 119, 120, 121, 122, 123, 124, 125, 126, 127, 128, 129, 130, 131, 132, 133, 134, 135, 136, 137, 138, 139, 140, 141, 142, 143, 144, 145, 146, 147, 148, 149, 150, 151, 152, 153, 154, 155, 156, 157, 158, 159, 160, 161, 162, 163, 164, 165, 166, 167, 168, 169, 170, 171, 172, 173, 174, 175, 176, 177, 178, 179, 180, 181, 182, 183, 184, 185, 186, 187, 188, 189, 190, 191, 192, 193, 194, 195, 196, 197, 198, 199, 200, 201, 202, 203, 204, 205, 206, 207, 208, 209, 210, 211, 212, 213, 214, 215, 216, 217, 218, 219, 220, 221, 222, 223, 224, 225, 226, 227, 228, 229, 230, 231, 232, 233, 234, 235, 236, 237, 238, 239, 240, 241, 242, 243, 244, 245, 246, 247, 248, 249, 250, 251, 252, 253, 254, 255, 256, 257, 258, 259, 260, 261, 262, 263, 264, 265, 266, 267, 268, 269, 270, 271, 272, 273, 274, 275, 276, 277, 278, 279, 280, 281, 282, 283, 284, 285, 286, 287, 288, 289, 290, 291, 292, 293, 294, 295, 296, 297, 298, 299, 300, 301, 302, 303, 304, 305, 306, 307, 308, 309, 310, 311, 312, 313, 314, 315, 316, 317, 318, 319, 320, 321, 322, 323, 324, 325, 326, 327, 328, 329, 330, 331, 332, 333, 334, 335, 336, 337, 338, 339, 340, 341, 342, 343, 344, 345, 346, 347, 348, 349, 350, 351, 352, 353, 354, 355, 356, 357, 358, 359, 360, 361, 362, 363, 364, 365, 366, 367, 368, 369, 370, 371, 372, 373, 374, 375, 376, 377, 378, 379, 380, 381, 382, 383, 384, 385, 386, 387, 388, 389, 390, 391, 392, 393, 394, 395, 396, 397, 398, 399, 400, 401, 402, 403, 404, 405, 406, 407, 408, 409, 410, 411, 412, 413, 414, 415, 416, 417, 418, 419, 420, 421, 422, 423, 424, 425, 426, 427, 428, 429, 430, 431, 432, 433, 434, 435, 436, 437, 438, 439, 440, 441, 442, 443, 444, 445, 446, 447, 448, 449, 450, 451, 452, 453, 454, 455, 456, 457, 458, 459, 460, 461, 462, 463, 464, 465, 466, 467, 468, 469, 470, 471, 472, 473, 474, 475, 476, 477, 478, 479, 480, 481, 482, 483, 484, 485, 486, 487, 488, 489, 490, 491, 492, 493, 494, 495, 496, 497, 498, 499, 500, 501, 502, 503, 504, 505, 506, 507, 508, 509, 510, 511, 512, 513, 514, 515, 516, 517, 518, 519, 520, 521, 522, 523, 524, 525, 526, 527, 528, 529, 530, 531, 532, 533, 534, 535, 536, 537, 538, 539, 540, 541, 542, 543, 544, 545, 546, 547, 548, 549, 550, 551, 552, 553, 554, 555, 556, 557, 558, 559, 560, 561, 562, 563, 564, 565, 566, 567, 568, 569, 570, 571, 572, 573, 574, 575, 576, 577, 578, 579, 580, 581, 582, 583, 584, 585, 586, 587, 588, 589, 590, 591, 592, 593, 594, 595, 596, 597, 598, 599, 600, 601, 602, 603, 604, 605, 606, 607, 608, 609, 610, 611, 612, 613, 614, 615, 616, 617, 618, 619, 620, 621, 622, 623, 624, 625, 626, 627, 628, 629, 630, 631, 632, 633, 634, 635, 636, 637, 638, 639, 640, 641, 642, 643, 644, 645, 646, 647, 648, 649, 650, 651, 652, 653, 654, 655, 656, 657, 658, 659, 660, 661, 662, 663, 664, 665, 666, 667, 668, 669, 670, 671, 672, 673, 674, 675, 676, 677, 678, 679, 680, 681, 682, 683, 684, 685, 686, 687, 688, 689, 690, 691, 692, 693, 694, 695, 696, 697, 698, 699, 700, 701, 702, 703, 704, 705, 706, 707, 708, 709, 710, 711, 712, 713, 714, 715, 716, 717, 718, 719, 720, 721, 722, 723, 724, 725, 726, 727, 728, 729, 730, 731, 732, 733, 734, 735, 736, 737, 738, 739, 740, 741, 742, 743, 744, 745, 746, 747, 748, 749, 750, 751, 752, 753, 754, 755, 756, 757, 758, 759, 760, 761, 762, 763, 764, 765, 766, 767, 768, 769, 770, 771, 772, 773, 774, 775, 776, 777, 778, 779, 780, 781, 782, 783, 784, 785, 786, 787, 788, 789, 790, 791, 792, 793, 794, 795, 796, 797, 798, 799, 800, 801, 802, 803, 804, 805, 806, 807, 808, 809, 810, 811, 812, 813, 814, 815, 816, 817, 818, 819, 820, 821, 822, 823, 824, 825, 826, 827, 828, 829, 830, 831, 832, 833, 834, 835, 836, 837, 838, 839, 840, 841, 842, 843, 844, 845, 846, 847, 848, 849, 850, 851, 852, 853, 854, 855, 856, 857, 858, 859, 860, 861, 862, 863, 864, 865, 866, 867, 868, 869, 870, 871, 872, 873, 874, 875, 876, 877, 878, 879, 880, 881, 882, 883, 884, 885, 886, 887, 888, 889, 890, 891, 892, 893, 894, 895, 896, 897, 898, 899, 900, 901, 902, 903, 904, 905, 906, 907, 908, 909, 910, 911, 912, 913, 914, 915, 916, 917, 918, 919, 920, 921, 922, 923, 924, 925, 926, 927, 928, 929, 930, 931, 932, 933, 934, 935, 936, 937, 938, 939, 940, 941, 942, 943, 944, 945, 946, 947, 948, 949, 950, 951, 952, 953, 954, 955, 956, 957, 958, 959, 960, 961, 962, 963, 964, 965, 966, 967, 968, 969, 970, 971, 972, 973, 974, 975, 976, 977, 978, 979, 980, 981, 982, 983, 984, 985, 986, 987, 988, 989, 990, 991, 992, 993, 994, 995, 996, 997, 998, 999, 1000, 1001, 1002, 1003, 1004, 1005, 1006, 1007, 1008, 1009, 1010, 1011, 1012, 1013, 1014, 1015, 1016, 1017, 1018, 1019, 1020, 1021, 1022, 1023, 1024, 1025, 1026, 1027, 1028, 1029, 1030, 1031, 1032, 1033, 1034, 1035, 1036, 1037, 1038, 1039, 1040, 1041, 1042, 1043, 1044, 1045, 1046, 1047, 1048, 1049, 1050, 1051, 1052, 1053, 1054, 1055, 1056, 1057, 1058, 1059, 1060, 1061, 1062, 1063, 1064, 1065, 1066, 1067, 1068, 1069, 1070, 1071, 1072, 1073, 1074, 1075, 1076, 1077, 1078, 1079, 1080, 1081, 1082, 1083, 1084, 1085, 1086, 1087, 1088, 1089, 1090, 1091, 1092, 1093, 1094, 1095, 1096, 1097, 1098, 1099, 1100, 1101, 1102, 1103, 1104, 1105, 1106, 1107, 1108, 1109, 1110, 1111, 1112, 1113, 1114, 1115, 1116, 1117, 1118, 1119, 1120, 1121, 1122, 1123, 1124, 1125, 1126, 1127, 1128, 1129, 1130, 1131, 1132, 1133, 1134, 1135, 1136, 1137, 1138, 1139, 1140, 1141, 1142, 1143, 1144, 1145, 1146, 1147, 1148, 1149, 1150, 1151, 1152, 1153, 1154, 1155, 1156, 1157, 1158, 1159, 1160, 1161, 1162, 1163, 1164, 1165, 1166, 1167, 1168, 1169, 1170, 1171, 1172, 1173, 1174, 1175, 1176, 1177, 1178, 1179, 1180, 1181, 1182, 1183, 1184, 1185, 1186, 1187, 1188, 1189, 1190, 1191, 1192, 1193, 1194, 1195, 1196, 1197, 1198, 1199, 1200, 1201, 1202, 1203, 1204, 1205, 1206, 1207, 1208, 1209, 1210, 1211, 1212, 1213, 1214, 1215, 1216, 1217, 1218, 1219, 1220, 1221, 1222, 1223, 1224, 1225, 1226, 1227, 1228, 1229, 1230, 1231, 1232, 1233, 1234, 1235, 1236, 1237, 1238, 1239, 1240, 1241, 1242, 1243, 1244, 1245, 1246, 1247, 1248, 1249, 1250, 1251, 1252, 1253, 1254, 1255, 1256, 1257, 1258, 1259, 1260, 1261, 1262, 1263, 1264, 1265, 1266, 1267, 1268, 1269, 1270, 1271, 1272, 1273, 1274, 1275, 1276, 1277, 1278, 1279, 1280, 1281, 1282, 1283, 1284, 1285, 1286, 1287, 1288, 1289, 1290, 1291, 1292, 1293, 1294, 1295, 1296, 1297, 1298, 1299, 1300, 1301, 1302, 1303, 1304, 1305, 1306, 1307, 1308, 1309, 1310, 1311, 1312, 1313, 1314, 1315, 1316, 1317, 1318, 1319, 1320, 1321, 1322, 1323, 1324, 1325, 1326, 1327, 1328, 1329, 1330, 1331, 1332, 1333, 1334, 1335, 1336, 1337, 1338, 1339, 1340, 1341, 1342, 1343, 1344, 1345, 1346, 1347, 1348, 1349, 1350, 1351, 1352, 1353, 1354, 1355, 1356, 1357, 1358, 1359, 1360, 1361, 1362, 1363, 1364, 1365, 1366, 1367, 1368, 1369, 1370, 1371, 1372, 1373, 1374, 1375, 1376, 1377, 1378, 1379, 1380, 1381, 1382, 1383, 1384, 1385, 1386, 1387, 1388, 1389, 1390, 1391, 1392, 1393, 1394, 1395, 1396, 1397, 1398, 1399, 1400, 1401, 1402, 1403, 1404, 1405, 1406, 1407, 1408, 1409, 1410, 1411, 1412, 1413, 1414, 1415, 1416, 1417, 1418, 1419, 1420, 1421, 1422, 1423, 1424, 1425, 1426, 1427, 1428, 1429, 1430, 1431, 1432, 1433, 1434, 1435, 1436, 1437, 1438, 1439, 1440, 1441, 1442, 1443, 1444, 1445, 1446, 1447, 1448, 1449, 1450, 1451, 1452, 1453, 1454, 1455, 1456, 1457, 1458, 1459, 1460, 1461, 1462, 1463, 1464, 1465, 1466, 1467, 1468, 1469, 1470, 1471, 1472, 1473, 1474, 1475, 1476, 1477, 1478, 1479, 1480, 1481, 1482, 1483, 1484, 1485, 1486, 1487, 1488, 1489, 1490, 1491, 1492, 1493, 1494, 1495, 1496, 1497, 1498, 1499, 1500, 1501, 1502, 1503, 1504, 1505, 1506, 1507, 1508, 1509, 1510, 1511, 1512, 1513, 1514, 1515, 1516, 1517, 1518, 1519, 1520, 1521, 1522, 1523, 1524, 1525, 1526, 1527, 1528, 1529, 1530, 1531, 1532, 1533, 1534, 1535]
[06Aug2026 20:33:41.483] [Worker-ResourceReload-6/WARN] [net.minecraft.client.renderer.texture.SpriteContents/]: Unused frames in sprite evilcraft:block/poison_still: [20, 21, 22, 23, 24, 25, 26, 27, 28, 29, 30, 31]
[06Aug2026 20:33:41.495] [Worker-ResourceReload-4/INFO] [ModdingLegacy/Lucent/]: [lucent] Found and created plugin: com.legacy.lucent.core.plugin.CreatePlugin
[06Aug2026 20:33:41.499] [Worker-ResourceReload-4/INFO] [ModdingLegacy/Lucent/]: [lucent] Found and created plugin: com.legacy.lucent.core.plugin.BlueSkiesPlugin
[06Aug2026 20:33:41.502] [Worker-ResourceReload-4/INFO] [ModdingLegacy/Lucent/]: [lucent] Found and created plugin: com.crypticmushroom.minecraft.midnight.client.compatibility.lucent.MnLucentPlugin
[06Aug2026 20:33:41.526] [Worker-ResourceReload-12/WARN] [net.minecraft.client.renderer.texture.SpriteContents/]: Unused frames in sprite endless_heart:block/sludge_flowing: [4, 5]
[06Aug2026 20:33:41.529] [Worker-ResourceReload-14/INFO] [net.mcreator.theharasser.StaticScreenOverlay/]: StaticScreenOverlay initialized
[06Aug2026 20:33:41.530] [Worker-ResourceReload-8/INFO] [mekanism.common.Mekanism/]: Version 10.4.16 initializing...
[06Aug2026 20:33:41.532] [Worker-ResourceReload-14/INFO] [net.mcreator.theharasser.ScreamScreenOverlay/]: ScreamScreenOverlay initialized
[06Aug2026 20:33:41.540] [Worker-ResourceReload-12/WARN] [net.minecraft.client.renderer.texture.SpriteContents/]: Unused frames in sprite ror:item/tourmaline: [0, 1, 2]
[06Aug2026 20:33:41.556] [Worker-ResourceReload-12/WARN] [net.minecraft.client.renderer.texture.SpriteContents/]: Invalid frame index on sprite cheese_cave:block/railguntextures frame 1: 1
[06Aug2026 20:33:41.556] [Worker-ResourceReload-12/WARN] [net.minecraft.client.renderer.texture.SpriteContents/]: Invalid frame index on sprite cheese_cave:block/railguntextures frame 2: 2
[06Aug2026 20:33:41.556] [Worker-ResourceReload-12/WARN] [net.minecraft.client.renderer.texture.SpriteContents/]: Invalid frame index on sprite cheese_cave:block/railguntextures frame 3: 3
[06Aug2026 20:33:41.557] [Worker-ResourceReload-12/WARN] [net.minecraft.client.renderer.texture.SpriteContents/]: Invalid frame index on sprite cheese_cave:block/railguntextures frame 4: 4
[06Aug2026 20:33:41.557] [Worker-ResourceReload-12/WARN] [net.minecraft.client.renderer.texture.SpriteContents/]: Invalid frame index on sprite cheese_cave:block/railguntextures frame 5: 5
[06Aug2026 20:33:41.609] [Worker-ResourceReload-7/INFO] [STDOUT/]: [dev.denismasterherobrine.afterdark.TheAfterdark:init:7]: The Afterdark is initializing...
[06Aug2026 20:33:41.612] [Worker-ResourceReload-13/WARN] [net.minecraft.client.renderer.texture.SpriteContents/]: Unused frames in sprite endless_heart:block/sludge: [4, 5, 6, 7, 8, 9, 10, 11]
[06Aug2026 20:33:41.616] [Worker-ResourceReload-6/INFO] [com.mongoose.clanginghowl.ClangingHowl/]: Loading compat module for mod curios
[06Aug2026 20:33:41.648] [Worker-ResourceReload-12/WARN] [net.minecraft.client.renderer.texture.SpriteContents/]: Unused frames in sprite ror:item/sapphire_heart_anim: [0, 1, 2]
[06Aug2026 20:33:41.650] [Worker-ResourceReload-11/INFO] [com.chunksending.ChunkSending/]: chunksending mod initialized
[06Aug2026 20:33:41.678] [Worker-ResourceReload-14/INFO] [incontrol/]: Enabling support for Serene Seasons
[06Aug2026 20:33:41.730] [Worker-ResourceReload-12/WARN] [net.minecraft.client.renderer.texture.SpriteContents/]: Unused frames in sprite ror:item/tsavorite_sword: [0, 1, 2]
[06Aug2026 20:33:41.736] [Forge Version Check/INFO] [net.minecraftforge.fml.VersionChecker/]: [saturn] Starting version check at https://github.com/AbdElAziz333/Saturn/raw/mc1.20.1/dev/updates.json
[06Aug2026 20:33:41.746] [Worker-ResourceReload-6/INFO] [net.witherbean.mistmod.TheyWatchFromTheMist/]: HELLO FROM COMMON SETUP
[06Aug2026 20:33:41.746] [Worker-ResourceReload-6/INFO] [net.witherbean.mistmod.TheyWatchFromTheMist/]: DIRT BLOCK >> minecraft:dirt
[06Aug2026 20:33:41.746] [Worker-ResourceReload-6/INFO] [net.witherbean.mistmod.TheyWatchFromTheMist/]: HELLO FROM COMMON SETUP
[06Aug2026 20:33:41.746] [Worker-ResourceReload-6/INFO] [net.witherbean.mistmod.TheyWatchFromTheMist/]: DIRT BLOCK >> minecraft:dirt
[06Aug2026 20:33:41.753] [Worker-ResourceReload-6/INFO] [com.va11halla.casualness_delight.Casualness_Delight/]: HELLO FROM COMMON SETUP
[06Aug2026 20:33:41.753] [Worker-ResourceReload-6/INFO] [com.va11halla.casualness_delight.Casualness_Delight/]: DIRT BLOCK >> minecraft:dirt
[06Aug2026 20:33:41.755] [Worker-ResourceReload-6/INFO] [com.komikan.nydelight.NewYearsDelight/]: New Year's Delight common setup complete
[06Aug2026 20:33:41.772] [Worker-ResourceReload-6/INFO] [STDERR/]: [net.mcreator.midnightlurker.procedures.LurkerconfigoldProcedure:execute:56]: java.io.FileNotFoundException: C:\Users\Eduard\AppData\Roaming\PrismLauncher\instances\1.20.1 Horror Forge\minecraft\config\midnightlurkerconfig.json (The system cannot find the file specified)
[06Aug2026 20:33:41.774] [Worker-ResourceReload-6/INFO] [STDERR/]: [net.mcreator.midnightlurker.procedures.LurkerconfigoldProcedure:execute:56]: 	at java.base/java.io.FileInputStream.open0(Native Method)
[06Aug2026 20:33:41.775] [Worker-ResourceReload-6/INFO] [STDERR/]: [net.mcreator.midnightlurker.procedures.LurkerconfigoldProcedure:execute:56]: 	at java.base/java.io.FileInputStream.open(FileInputStream.java:216)
[06Aug2026 20:33:41.776] [Worker-ResourceReload-6/INFO] [STDERR/]: [net.mcreator.midnightlurker.procedures.LurkerconfigoldProcedure:execute:56]: 	at java.base/java.io.FileInputStream.<init>(FileInputStream.java:157)
[06Aug2026 20:33:41.777] [Worker-ResourceReload-6/INFO] [STDERR/]: [net.mcreator.midnightlurker.procedures.LurkerconfigoldProcedure:execute:56]: 	at java.base/java.io.FileReader.<init>(FileReader.java:75)
[06Aug2026 20:33:41.778] [Worker-ResourceReload-6/INFO] [STDERR/]: [net.mcreator.midnightlurker.procedures.LurkerconfigoldProcedure:execute:56]: 	at TRANSFORMER/midnightlurker@4.0.0-D2-beta/net.mcreator.midnightlurker.procedures.LurkerconfigoldProcedure.execute(LurkerconfigoldProcedure.java:34)
[06Aug2026 20:33:41.778] [Worker-ResourceReload-6/INFO] [STDERR/]: [net.mcreator.midnightlurker.procedures.LurkerconfigoldProcedure:execute:56]: 	at TRANSFORMER/midnightlurker@4.0.0-D2-beta/net.mcreator.midnightlurker.procedures.LurkerconfigoldProcedure.execute(LurkerconfigoldProcedure.java:25)
[06Aug2026 20:33:41.779] [Worker-ResourceReload-6/INFO] [STDERR/]: [net.mcreator.midnightlurker.procedures.LurkerconfigoldProcedure:execute:56]: 	at TRANSFORMER/midnightlurker@4.0.0-D2-beta/net.mcreator.midnightlurker.procedures.LurkerconfigoldProcedure.init(LurkerconfigoldProcedure.java:21)
[06Aug2026 20:33:41.780] [Worker-ResourceReload-6/INFO] [STDERR/]: [net.mcreator.midnightlurker.procedures.LurkerconfigoldProcedure:execute:56]: 	at TRANSFORMER/midnightlurker@4.0.0-D2-beta/net.mcreator.midnightlurker.procedures.__LurkerconfigoldProcedure_init_FMLCommonSetupEvent.invoke(.dynamic)
[06Aug2026 20:33:41.781] [Worker-ResourceReload-6/INFO] [STDERR/]: [net.mcreator.midnightlurker.procedures.LurkerconfigoldProcedure:execute:56]: 	at MC-BOOTSTRAP/net.minecraftforge.eventbus/net.minecraftforge.eventbus.ASMEventHandler.invoke(ASMEventHandler.java:73)
[06Aug2026 20:33:41.782] [Worker-ResourceReload-6/INFO] [STDERR/]: [net.mcreator.midnightlurker.procedures.LurkerconfigoldProcedure:execute:56]: 	at MC-BOOTSTRAP/net.minecraftforge.eventbus/net.minecraftforge.eventbus.EventBus.post(EventBus.java:315)
[06Aug2026 20:33:41.783] [Worker-ResourceReload-6/INFO] [STDERR/]: [net.mcreator.midnightlurker.procedures.LurkerconfigoldProcedure:execute:56]: 	at MC-BOOTSTRAP/net.minecraftforge.eventbus/net.minecraftforge.eventbus.EventBus.post(EventBus.java:296)
[06Aug2026 20:33:41.784] [Worker-ResourceReload-6/INFO] [STDERR/]: [net.mcreator.midnightlurker.procedures.LurkerconfigoldProcedure:execute:56]: 	at LAYER PLUGIN/javafmllanguage@1.20.1-47.4.10/net.minecraftforge.fml.javafmlmod.FMLModContainer.acceptEvent(FMLModContainer.java:121)
[06Aug2026 20:33:41.785] [Worker-ResourceReload-6/INFO] [STDERR/]: [net.mcreator.midnightlurker.procedures.LurkerconfigoldProcedure:execute:56]: 	at LAYER PLUGIN/fmlcore@1.20.1-47.4.10/net.minecraftforge.fml.ModContainer.lambda$buildTransitionHandler$5(ModContainer.java:127)
[06Aug2026 20:33:41.786] [Worker-ResourceReload-6/INFO] [STDERR/]: [net.mcreator.midnightlurker.procedures.LurkerconfigoldProcedure:execute:56]: 	at java.base/java.util.concurrent.CompletableFuture$AsyncRun.run(CompletableFuture.java:1804)
[06Aug2026 20:33:41.787] [Worker-ResourceReload-6/INFO] [STDERR/]: [net.mcreator.midnightlurker.procedures.LurkerconfigoldProcedure:execute:56]: 	at java.base/java.util.concurrent.CompletableFuture$AsyncRun.exec(CompletableFuture.java:1796)
[06Aug2026 20:33:41.788] [Worker-ResourceReload-6/INFO] [STDERR/]: [net.mcreator.midnightlurker.procedures.LurkerconfigoldProcedure:execute:56]: 	at java.base/java.util.concurrent.ForkJoinTask.doExec(ForkJoinTask.java:373)
[06Aug2026 20:33:41.788] [Worker-ResourceReload-6/INFO] [STDERR/]: [net.mcreator.midnightlurker.procedures.LurkerconfigoldProcedure:execute:56]: 	at java.base/java.util.concurrent.ForkJoinPool$WorkQueue.topLevelExec(ForkJoinPool.java:1182)
[06Aug2026 20:33:41.790] [Worker-ResourceReload-6/INFO] [STDERR/]: [net.mcreator.midnightlurker.procedures.LurkerconfigoldProcedure:execute:56]: 	at java.base/java.util.concurrent.ForkJoinPool.scan(ForkJoinPool.java:1655)
[06Aug2026 20:33:41.790] [Worker-ResourceReload-6/INFO] [STDERR/]: [net.mcreator.midnightlurker.procedures.LurkerconfigoldProcedure:execute:56]: 	at java.base/java.util.concurrent.ForkJoinPool.runWorker(ForkJoinPool.java:1622)
[06Aug2026 20:33:41.791] [Worker-ResourceReload-6/INFO] [STDERR/]: [net.mcreator.midnightlurker.procedures.LurkerconfigoldProcedure:execute:56]: 	at java.base/java.util.concurrent.ForkJoinWorkerThread.run(ForkJoinWorkerThread.java:165)
[06Aug2026 20:33:41.834] [Worker-ResourceReload-12/WARN] [net.minecraft.client.renderer.texture.SpriteContents/]: Unused frames in sprite ror:item/tourmaline_boots: [0, 1, 2]
[06Aug2026 20:33:41.843] [Worker-ResourceReload-11/INFO] [Spartan Weaponry/]: Setting up Spartan Weaponry!
[06Aug2026 20:33:41.856] [Worker-ResourceReload-8/INFO] [mekanism.common.Mekanism/]: Fake player readout: UUID = 46e82cd0-d480-3d48-800a-77431ede078e, name = [Mekanism]
[06Aug2026 20:33:41.856] [Worker-ResourceReload-8/INFO] [mekanism.common.Mekanism/]: Mod loaded.
[06Aug2026 20:33:41.868] [Worker-ResourceReload-12/WARN] [net.minecraft.client.renderer.texture.SpriteContents/]: Unused frames in sprite ror:item/tsavorite_axe: [0, 1, 2]
[06Aug2026 20:33:41.874] [Worker-ResourceReload-1/INFO] [evilcraft/]: Registered packet handler.
[06Aug2026 20:33:41.890] [Worker-ResourceReload-7/INFO] [xaero.lib.XaeroLib/]: Loading XaeroLib common 1/2!
[06Aug2026 20:33:41.892] [Worker-ResourceReload-12/WARN] [net.minecraft.client.renderer.texture.SpriteContents/]: Unused frames in sprite ror:item/xolite: [0, 1, 2]
[06Aug2026 20:33:41.936] [Worker-ResourceReload-12/WARN] [net.minecraft.client.renderer.texture.SpriteContents/]: Invalid frame index on sprite netherexp:item/black_mirror frame 12: 7
[06Aug2026 20:33:41.947] [Worker-ResourceReload-10/INFO] [cn.mcmod_mmf.mmlib.Main/]: Presented by Zaia
[06Aug2026 20:33:41.984] [Worker-ResourceReload-6/INFO] [Mystical Agriculture/]: Loaded 136 crops
[06Aug2026 20:33:41.984] [Worker-ResourceReload-6/INFO] [Mystical Agriculture/]: Loaded 6 crop tiers
[06Aug2026 20:33:41.984] [Worker-ResourceReload-6/INFO] [Mystical Agriculture/]: Loaded 2 crop types
[06Aug2026 20:33:41.984] [Worker-ResourceReload-6/INFO] [Mystical Agriculture/]: Loaded 55 augments
[06Aug2026 20:33:41.984] [Worker-ResourceReload-6/INFO] [Mystical Agriculture/]: Loaded 20 mob soul types
[06Aug2026 20:33:41.997] [Worker-ResourceReload-3/INFO] [slimeknights.tconstruct.library.client.materials.MaterialRenderInfoLoader/]: 132 material render infos loaded
[06Aug2026 20:33:42.014] [Worker-ResourceReload-7/WARN] [net.minecraft.client.renderer.texture.SpriteContents/]: Unused frames in sprite ror:item/tsavorite_helmet: [0, 1, 2]
[06Aug2026 20:33:42.021] [Worker-ResourceReload-14/WARN] [net.minecraft.client.renderer.texture.SpriteContents/]: Unused frames in sprite ror:item/tourmaline_pickaxe: [0, 1, 2]
[06Aug2026 20:33:42.033] [Worker-ResourceReload-7/WARN] [net.minecraft.client.renderer.texture.SpriteContents/]: Unused frames in sprite evilcraft:block/blood_still: [20, 21, 22, 23, 24, 25, 26, 27, 28, 29, 30, 31]
[06Aug2026 20:33:42.073] [Worker-ResourceReload-10/WARN] [net.minecraft.client.renderer.texture.SpriteContents/]: Unused frames in sprite ror:item/tsavorite_anim: [0, 1, 2]
[06Aug2026 20:33:42.076] [Worker-ResourceReload-14/WARN] [net.minecraft.client.renderer.texture.SpriteContents/]: Unused frames in sprite ror:item/gold_mob_token_anim: [0, 1, 2]
[06Aug2026 20:33:42.077] [Worker-ResourceReload-11/WARN] [net.minecraft.client.renderer.texture.SpriteContents/]: Unused frames in sprite ror:item/tourmaline_axe: [0, 1, 2]
[06Aug2026 20:33:42.088] [Worker-ResourceReload-10/WARN] [net.minecraft.client.renderer.texture.SpriteContents/]: Unused frames in sprite ror:item/tourmaline_helmet: [0, 1, 2]
[06Aug2026 20:33:42.096] [Worker-ResourceReload-14/WARN] [net.minecraft.client.renderer.texture.SpriteContents/]: Unused frames in sprite amendments:block/signs/blue_skies/sign_dusk: [8, 9, 10, 11, 12, 13, 14]
[06Aug2026 20:33:42.099] [Worker-ResourceReload-12/WARN] [net.minecraft.client.renderer.texture.SpriteContents/]: Unused frames in sprite ror:item/tourmaline_leggings: [0, 1, 2]
[06Aug2026 20:33:42.124] [Worker-ResourceReload-2/WARN] [net.minecraft.client.renderer.texture.SpriteContents/]: Unused frames in sprite ror:item/enchanted_prism_anim: [0, 1, 2]
[06Aug2026 20:33:42.130] [Worker-ResourceReload-8/WARN] [net.minecraft.client.renderer.texture.SpriteContents/]: Unused frames in sprite ror:item/tourmaline_anim: [0, 1, 2]
[06Aug2026 20:33:42.146] [Worker-ResourceReload-7/WARN] [net.minecraft.client.renderer.texture.SpriteContents/]: Unused frames in sprite ror:item/tourmaline_chestplate: [0, 1, 2]
[06Aug2026 20:33:42.196] [Render thread/INFO] [terrablender/]: Registered region darkerdepths:overworld to index 2 for type OVERWORLD
[06Aug2026 20:33:42.282] [Worker-ResourceReload-5/WARN] [net.minecraft.client.renderer.texture.SpriteLoader/]: Texture cheese_cave:item/fragment with size 17x17 limits mip level from 4 to 0
[06Aug2026 20:33:42.419] [Forge Version Check/WARN] [net.minecraftforge.fml.VersionChecker/]: Failed to process update information
com.google.gson.JsonSyntaxException: java.lang.IllegalStateException: Expected BEGIN_OBJECT but was STRING at line 9 column 1 path $
	at com.google.gson.Gson.fromJson(Gson.java:1226) ~[gson-2.10.jar%23100!/:?]
	at com.google.gson.Gson.fromJson(Gson.java:1124) ~[gson-2.10.jar%23100!/:?]
	at com.google.gson.Gson.fromJson(Gson.java:1034) ~[gson-2.10.jar%23100!/:?]
	at com.google.gson.Gson.fromJson(Gson.java:969) ~[gson-2.10.jar%23100!/:?]
	at net.minecraftforge.fml.VersionChecker$1.process(VersionChecker.java:186) ~[fmlcore-1.20.1-47.4.10.jar%23765!/:?]
	at java.lang.Iterable.forEach(Iterable.java:75) ~[?:?]
	at net.minecraftforge.fml.VersionChecker$1.run(VersionChecker.java:117) ~[fmlcore-1.20.1-47.4.10.jar%23765!/:?]
Caused by: java.lang.IllegalStateException: Expected BEGIN_OBJECT but was STRING at line 9 column 1 path $
	at com.google.gson.stream.JsonReader.beginObject(JsonReader.java:393) ~[gson-2.10.jar%23100!/:?]
	at com.google.gson.internal.bind.MapTypeAdapterFactory$Adapter.read(MapTypeAdapterFactory.java:182) ~[gson-2.10.jar%23100!/:?]
	at com.google.gson.internal.bind.MapTypeAdapterFactory$Adapter.read(MapTypeAdapterFactory.java:144) ~[gson-2.10.jar%23100!/:?]
	at com.google.gson.Gson.fromJson(Gson.java:1214) ~[gson-2.10.jar%23100!/:?]
	... 6 more
[06Aug2026 20:33:42.420] [Forge Version Check/INFO] [net.minecraftforge.fml.VersionChecker/]: [evilcraft] Starting version check at https://raw.githubusercontent.com/CyclopsMC/Versions/master/forge_update/evilcraft.json
[06Aug2026 20:33:42.445] [Render thread/INFO] [terrablender/]: Registered region biomesoplenty:overworld_primary to index 3 for type OVERWORLD
[06Aug2026 20:33:42.446] [Render thread/INFO] [terrablender/]: Registered region biomesoplenty:overworld_secondary to index 4 for type OVERWORLD
[06Aug2026 20:33:42.446] [Render thread/INFO] [terrablender/]: Registered region biomesoplenty:overworld_rare to index 5 for type OVERWORLD
[06Aug2026 20:33:42.446] [Render thread/INFO] [terrablender/]: Registered region biomesoplenty:nether_common to index 1 for type NETHER
[06Aug2026 20:33:42.446] [Render thread/INFO] [terrablender/]: Registered region biomesoplenty:nether_rare to index 2 for type NETHER
[06Aug2026 20:33:42.534] [Forge Version Check/INFO] [net.minecraftforge.fml.VersionChecker/]: [evilcraft] Found status: OUTDATED Current: 1.2.61 Target: 1.3.0
[06Aug2026 20:33:42.534] [Forge Version Check/INFO] [net.minecraftforge.fml.VersionChecker/]: [mr_enchantment_descriptionsjava] Starting version check at https://api.modrinth.com/updates/lYv7bxK3/forge_updates.json
[06Aug2026 20:33:42.555] [Render thread/INFO] [terrablender/]: Registered region deep_aether:deep_aether to index 1 for type THE_AETHER
[06Aug2026 20:33:42.555] [Render thread/INFO] [terrablender/]: Registered region deep_aether:rare to index 2 for type THE_AETHER
[06Aug2026 20:33:42.602] [Worker-ResourceReload-5/INFO] [ModernFix/]: Early baking 145 models
[06Aug2026 20:33:42.647] [Render thread/INFO] [Supplementaries/]: Finished mod setup in: [1, 6, 0, 0, 0, 0, 12, 0] ms
[06Aug2026 20:33:42.802] [Forge Version Check/INFO] [net.minecraftforge.fml.VersionChecker/]: [mr_enchantment_descriptionsjava] Found status: OUTDATED Current: 1.3.0 Target: 1.3.0+mod
[06Aug2026 20:33:42.802] [Forge Version Check/INFO] [net.minecraftforge.fml.VersionChecker/]: [structure_gel] Starting version check at http://changelogs.moddinglegacy.com/structure-gel.json
[06Aug2026 20:33:43.021] [Forge Version Check/INFO] [net.minecraftforge.fml.VersionChecker/]: [structure_gel] Found status: BETA Current: 2.16.2 Target: null
[06Aug2026 20:33:43.021] [Forge Version Check/INFO] [net.minecraftforge.fml.VersionChecker/]: [corpse] Starting version check at https://update.maxhenkel.de/forge/corpse
[06Aug2026 20:33:43.101] [Render thread/INFO] [Moonlight/]: Initialized color sets in 120ms
[06Aug2026 20:33:43.116] [Render thread/INFO] [terrablender/]: Registered region gardens_of_the_dead:nether to index 3 for type NETHER
[06Aug2026 20:33:43.118] [Render thread/INFO] [terrablender/]: Registered region regions_unexplored:primary to index 6 for type OVERWORLD
[06Aug2026 20:33:43.118] [Render thread/INFO] [terrablender/]: Registered region regions_unexplored:secondary to index 7 for type OVERWORLD
[06Aug2026 20:33:43.118] [Render thread/INFO] [terrablender/]: Registered region regions_unexplored:nether to index 4 for type NETHER
[06Aug2026 20:33:43.322] [Render thread/INFO] [terrablender/]: Registered region ars_nouveau:overworld to index 8 for type OVERWORLD
[06Aug2026 20:33:43.353] [Worker-ResourceReload-11/INFO] [blueduck.blighted_beasts.BlightedBeasts/]: HELLO FROM CLIENT SETUP
[06Aug2026 20:33:43.353] [Worker-ResourceReload-11/INFO] [blueduck.blighted_beasts.BlightedBeasts/]: MINECRAFT NAME >> Baven11
[06Aug2026 20:33:43.365] [Worker-ResourceReload-7/INFO] [xaero.minimap.XaeroMinimap/]: Loading Xaero's Minimap - Stage 1/2
[06Aug2026 20:33:43.392] [Worker-ResourceReload-14/INFO] [net.ttttoooo.thelunaris.TheLunaris/]: HELLO FROM LUNARIS CLIENT SETUP
[06Aug2026 20:33:43.393] [Worker-ResourceReload-14/INFO] [net.ttttoooo.thelunaris.TheLunaris/]: MINECRAFT NAME >> Baven11
[06Aug2026 20:33:43.401] [Worker-ResourceReload-11/INFO] [net.witherbean.mistmod.TheyWatchFromTheMist/]: HELLO FROM CLIENT SETUP
[06Aug2026 20:33:43.401] [Worker-ResourceReload-11/INFO] [net.witherbean.mistmod.TheyWatchFromTheMist/]: MINECRAFT NAME >> Baven11
[06Aug2026 20:33:43.407] [Forge Version Check/INFO] [net.minecraftforge.fml.VersionChecker/]: [corpse] Found status: AHEAD Current: 1.20.1-1.0.23 Target: null
[06Aug2026 20:33:43.407] [Forge Version Check/INFO] [net.minecraftforge.fml.VersionChecker/]: [dungeons_plus] Starting version check at http://changelogs.moddinglegacy.com/dungeons-plus.json
[06Aug2026 20:33:43.411] [Worker-ResourceReload-11/INFO] [com.va11halla.casualness_delight.Casualness_Delight/]: HELLO FROM CLIENT SETUP
[06Aug2026 20:33:43.412] [Worker-ResourceReload-11/INFO] [com.va11halla.casualness_delight.Casualness_Delight/]: MINECRAFT NAME >> Baven11
[06Aug2026 20:33:43.428] [Worker-ResourceReload-6/INFO] [Spartan Weaponry/]: Setting up Client for Spartan Weaponry!
[06Aug2026 20:33:43.437] [Worker-ResourceReload-12/INFO] [mekanism.common.Mekanism/]: Initialized HolidayManager.
[06Aug2026 20:33:43.454] [Worker-ResourceReload-9/INFO] [xaero.lib.XaeroLib/]: Loading XaeroLib client 1/2!
[06Aug2026 20:33:43.468] [Forge Version Check/INFO] [net.minecraftforge.fml.VersionChecker/]: [dungeons_plus] Found status: BETA Current: 1.5.0 Target: null
[06Aug2026 20:33:43.468] [Forge Version Check/INFO] [net.minecraftforge.fml.VersionChecker/]: [lucent] Starting version check at http://changelogs.moddinglegacy.com/lucent.json
[06Aug2026 20:33:43.488] [Worker-ResourceReload-0/INFO] [Embeddium/]: Block prehistoricfauna:araucaria_leaves had its color provider replaced and will not use per-vertex coloring
[06Aug2026 20:33:43.489] [Worker-ResourceReload-0/INFO] [Embeddium/]: Block prehistoricfauna:metasequoia_leaves had its color provider replaced and will not use per-vertex coloring
[06Aug2026 20:33:43.489] [Worker-ResourceReload-0/INFO] [Embeddium/]: Block prehistoricfauna:coniopteris had its color provider replaced and will not use per-vertex coloring
[06Aug2026 20:33:43.489] [Worker-ResourceReload-0/INFO] [Embeddium/]: Block prehistoricfauna:protopiceoxylon_leaves had its color provider replaced and will not use per-vertex coloring
[06Aug2026 20:33:43.489] [Worker-ResourceReload-0/INFO] [Embeddium/]: Block prehistoricfauna:protojuniperoxylon_leaves had its color provider replaced and will not use per-vertex coloring
[06Aug2026 20:33:43.489] [Worker-ResourceReload-0/INFO] [Embeddium/]: Block prehistoricfauna:cladophlebis had its color provider replaced and will not use per-vertex coloring
[06Aug2026 20:33:43.530] [Forge Version Check/INFO] [net.minecraftforge.fml.VersionChecker/]: [lucent] Found status: BETA Current: 1.5.5 Target: null
[06Aug2026 20:33:43.530] [Forge Version Check/INFO] [net.minecraftforge.fml.VersionChecker/]: [mr_dungeons_andtaverns] Starting version check at https://api.modrinth.com/updates/tpehi7ww/forge_updates.json
[06Aug2026 20:33:43.728] [Forge Version Check/INFO] [net.minecraftforge.fml.VersionChecker/]: [mr_dungeons_andtaverns] Found status: OUTDATED Current: 3.0.3.f Target: 3.0.3.f+mod
[06Aug2026 20:33:43.728] [Forge Version Check/INFO] [net.minecraftforge.fml.VersionChecker/]: [cumulus_menus] Starting version check at https://github.com/The-Aether-Team/Cumulus/raw/1.20.1-develop/update.json
[06Aug2026 20:33:43.816] [Forge Version Check/INFO] [net.minecraftforge.fml.VersionChecker/]: [cumulus_menus] Found status: UP_TO_DATE Current: 1.20.1-1.0.1-neoforge Target: null
[06Aug2026 20:33:43.816] [Forge Version Check/INFO] [net.minecraftforge.fml.VersionChecker/]: [undermod] Starting version check at https://raw.githubusercontent.com/mystronics/undermod/main/versions-forge.json
[06Aug2026 20:33:43.855] [Forge Version Check/INFO] [net.minecraftforge.fml.VersionChecker/]: [undermod] Found status: BETA Current: 0.2.1 Target: null
[06Aug2026 20:33:43.855] [Forge Version Check/INFO] [net.minecraftforge.fml.VersionChecker/]: [cfm] Starting version check at https://mrcrayfish.com/modupdatejson?id=cfm
[06Aug2026 20:33:43.944] [Worker-ResourceReload-5/WARN] [ModernFix/]: Mod 'mekanism' is calling replaceAll on the model registry. Some hacks will be used to keep this fast, but they may not be 100% compatible.
[06Aug2026 20:33:44.059] [Forge Version Check/WARN] [net.minecraftforge.fml.VersionChecker/]: Failed to process update information
com.google.gson.JsonSyntaxException: java.lang.IllegalStateException: Expected BEGIN_OBJECT but was STRING at line 1 column 1 path $
	at com.google.gson.Gson.fromJson(Gson.java:1226) ~[gson-2.10.jar%23100!/:?]
	at com.google.gson.Gson.fromJson(Gson.java:1124) ~[gson-2.10.jar%23100!/:?]
	at com.google.gson.Gson.fromJson(Gson.java:1034) ~[gson-2.10.jar%23100!/:?]
	at com.google.gson.Gson.fromJson(Gson.java:969) ~[gson-2.10.jar%23100!/:?]
	at net.minecraftforge.fml.VersionChecker$1.process(VersionChecker.java:186) ~[fmlcore-1.20.1-47.4.10.jar%23765!/:?]
	at java.lang.Iterable.forEach(Iterable.java:75) ~[?:?]
	at net.minecraftforge.fml.VersionChecker$1.run(VersionChecker.java:117) ~[fmlcore-1.20.1-47.4.10.jar%23765!/:?]
Caused by: java.lang.IllegalStateException: Expected BEGIN_OBJECT but was STRING at line 1 column 1 path $
	at com.google.gson.stream.JsonReader.beginObject(JsonReader.java:393) ~[gson-2.10.jar%23100!/:?]
	at com.google.gson.internal.bind.MapTypeAdapterFactory$Adapter.read(MapTypeAdapterFactory.java:182) ~[gson-2.10.jar%23100!/:?]
	at com.google.gson.internal.bind.MapTypeAdapterFactory$Adapter.read(MapTypeAdapterFactory.java:144) ~[gson-2.10.jar%23100!/:?]
	at com.google.gson.Gson.fromJson(Gson.java:1214) ~[gson-2.10.jar%23100!/:?]
	... 6 more
[06Aug2026 20:33:44.059] [Forge Version Check/INFO] [net.minecraftforge.fml.VersionChecker/]: [dynamic_fps] Starting version check at https://api.lostluma.net/updates/dynamic-fps?platform=forge
[06Aug2026 20:33:44.260] [Forge Version Check/INFO] [net.minecraftforge.fml.VersionChecker/]: [dynamic_fps] Found status: UP_TO_DATE Current: 3.11.4 Target: null
[06Aug2026 20:33:44.260] [Forge Version Check/INFO] [net.minecraftforge.fml.VersionChecker/]: [radium] Starting version check at https://api.modrinth.com/updates/radium/forge_updates.json
[06Aug2026 20:33:44.410] [Forge Version Check/INFO] [net.minecraftforge.fml.VersionChecker/]: [radium] Found status: AHEAD Current: 0.12.4+git.26c9d8e Target: null
[06Aug2026 20:33:44.410] [Forge Version Check/INFO] [net.minecraftforge.fml.VersionChecker/]: [attributefix] Starting version check at https://updates.blamejared.com/get?n=attributefix&gv=1.20.1
[06Aug2026 20:33:44.588] [Forge Version Check/INFO] [net.minecraftforge.fml.VersionChecker/]: [attributefix] Found status: BETA Current: 21.0.5 Target: 21.0.5
[06Aug2026 20:33:44.588] [Forge Version Check/INFO] [net.minecraftforge.fml.VersionChecker/]: [good_nights_sleep] Starting version check at http://changelogs.moddinglegacy.com/good-nights-sleep.json
[06Aug2026 20:33:44.648] [Forge Version Check/INFO] [net.minecraftforge.fml.VersionChecker/]: [good_nights_sleep] Found status: UP_TO_DATE Current: 1.3.1 Target: null
[06Aug2026 20:33:44.648] [Forge Version Check/INFO] [net.minecraftforge.fml.VersionChecker/]: [catalogue] Starting version check at https://mrcrayfish.com/modupdatejson?id=catalogue
[06Aug2026 20:33:44.689] [Forge Version Check/WARN] [net.minecraftforge.fml.VersionChecker/]: Failed to process update information
com.google.gson.JsonSyntaxException: java.lang.IllegalStateException: Expected BEGIN_OBJECT but was STRING at line 1 column 1 path $
	at com.google.gson.Gson.fromJson(Gson.java:1226) ~[gson-2.10.jar%23100!/:?]
	at com.google.gson.Gson.fromJson(Gson.java:1124) ~[gson-2.10.jar%23100!/:?]
	at com.google.gson.Gson.fromJson(Gson.java:1034) ~[gson-2.10.jar%23100!/:?]
	at com.google.gson.Gson.fromJson(Gson.java:969) ~[gson-2.10.jar%23100!/:?]
	at net.minecraftforge.fml.VersionChecker$1.process(VersionChecker.java:186) ~[fmlcore-1.20.1-47.4.10.jar%23765!/:?]
	at java.lang.Iterable.forEach(Iterable.java:75) ~[?:?]
	at net.minecraftforge.fml.VersionChecker$1.run(VersionChecker.java:117) ~[fmlcore-1.20.1-47.4.10.jar%23765!/:?]
Caused by: java.lang.IllegalStateException: Expected BEGIN_OBJECT but was STRING at line 1 column 1 path $
	at com.google.gson.stream.JsonReader.beginObject(JsonReader.java:393) ~[gson-2.10.jar%23100!/:?]
	at com.google.gson.internal.bind.MapTypeAdapterFactory$Adapter.read(MapTypeAdapterFactory.java:182) ~[gson-2.10.jar%23100!/:?]
	at com.google.gson.internal.bind.MapTypeAdapterFactory$Adapter.read(MapTypeAdapterFactory.java:144) ~[gson-2.10.jar%23100!/:?]
	at com.google.gson.Gson.fromJson(Gson.java:1214) ~[gson-2.10.jar%23100!/:?]
	... 6 more
[06Aug2026 20:33:44.690] [Forge Version Check/INFO] [net.minecraftforge.fml.VersionChecker/]: [forge] Starting version check at https://files.minecraftforge.net/net/minecraftforge/forge/promotions_slim.json
[06Aug2026 20:33:44.868] [Worker-ResourceReload-5/INFO] [Mystical Agriculture/]: Model replacement took 89 ms
[06Aug2026 20:33:44.875] [Worker-ResourceReload-5/WARN] [ModernFix/]: Posting dynamic ModelEvent.ModifyBakingResult to mods took 2.151 s, breakdown below:
[06Aug2026 20:33:44.880] [Worker-ResourceReload-5/WARN] [ModernFix/]:     modernfix: 615.3 ms
[06Aug2026 20:33:44.880] [Worker-ResourceReload-5/WARN] [ModernFix/]:     alexsmobs: 279.9 ms
[06Aug2026 20:33:44.880] [Worker-ResourceReload-5/WARN] [ModernFix/]:     mekanism: 269.9 ms
[06Aug2026 20:33:44.880] [Worker-ResourceReload-5/WARN] [ModernFix/]:     cfm: 245.1 ms
[06Aug2026 20:33:44.881] [Worker-ResourceReload-5/WARN] [ModernFix/]:     create: 242.3 ms
[06Aug2026 20:33:44.881] [Worker-ResourceReload-5/WARN] [ModernFix/]:     twilightforest: 158.6 ms
[06Aug2026 20:33:44.881] [Worker-ResourceReload-5/WARN] [ModernFix/]:     aether: 112.8 ms
[06Aug2026 20:33:44.881] [Worker-ResourceReload-5/WARN] [ModernFix/]:     mysticalagriculture: 89.94 ms
[06Aug2026 20:33:44.904] [Worker-ResourceReload-9/WARN] [xaero.lib.XaeroLib/]: io exception while checking patreon: Online mod data expired! Date: Sun Aug 02 08:54:46 EEST 2026
[06Aug2026 20:33:44.912] [Forge Version Check/INFO] [net.minecraftforge.fml.VersionChecker/]: [forge] Found status: UP_TO_DATE Current: 47.4.10 Target: null
[06Aug2026 20:33:44.912] [Forge Version Check/INFO] [net.minecraftforge.fml.VersionChecker/]: [moolands] Starting version check at http://changelogs.moddinglegacy.com/moolands.json
[06Aug2026 20:33:44.977] [Forge Version Check/INFO] [net.minecraftforge.fml.VersionChecker/]: [moolands] Found status: BETA Current: 1.5.0 Target: null
[06Aug2026 20:33:44.977] [Forge Version Check/INFO] [net.minecraftforge.fml.VersionChecker/]: [ksyxis] Starting version check at https://raw.githubusercontent.com/VidTu/Ksyxis/main/updater_ksyxis_forge.json
[06Aug2026 20:33:45.015] [Forge Version Check/INFO] [net.minecraftforge.fml.VersionChecker/]: [ksyxis] Found status: UP_TO_DATE Current: 1.4.3 Target: null
[06Aug2026 20:33:45.015] [Forge Version Check/INFO] [net.minecraftforge.fml.VersionChecker/]: [midnight] Starting version check at https://changelogs.moddinglegacy.com/midnight.json
[06Aug2026 20:33:45.047] [Forge Version Check/INFO] [net.minecraftforge.fml.VersionChecker/]: [midnight] Found status: AHEAD Current: 0.6.7 Target: null
[06Aug2026 20:33:45.047] [Forge Version Check/INFO] [net.minecraftforge.fml.VersionChecker/]: [farlanders] Starting version check at http://changelogs.moddinglegacy.com/the-farlanders.json
[06Aug2026 20:33:45.110] [Forge Version Check/INFO] [net.minecraftforge.fml.VersionChecker/]: [farlanders] Found status: UP_TO_DATE Current: 1.4.1 Target: null
[06Aug2026 20:33:45.110] [Forge Version Check/INFO] [net.minecraftforge.fml.VersionChecker/]: [cyclopscore] Starting version check at https://raw.githubusercontent.com/CyclopsMC/Versions/master/forge_update/cyclops-core.json
[06Aug2026 20:33:45.150] [Forge Version Check/INFO] [net.minecraftforge.fml.VersionChecker/]: [cyclopscore] Found status: UP_TO_DATE Current: 1.22.1 Target: null
[06Aug2026 20:33:45.150] [Forge Version Check/INFO] [net.minecraftforge.fml.VersionChecker/]: [blue_skies] Starting version check at http://changelogs.moddinglegacy.com/blue-skies.json
[06Aug2026 20:33:45.210] [Forge Version Check/INFO] [net.minecraftforge.fml.VersionChecker/]: [blue_skies] Found status: UP_TO_DATE Current: 1.3.31 Target: null
[06Aug2026 20:33:45.210] [Forge Version Check/INFO] [net.minecraftforge.fml.VersionChecker/]: [aether] Starting version check at https://github.com/The-Aether-Team/The-Aether/raw/1.20.1-develop/update.json
[06Aug2026 20:33:45.296] [Forge Version Check/INFO] [net.minecraftforge.fml.VersionChecker/]: [aether] Found status: UP_TO_DATE Current: 1.20.1-1.5.2-neoforge Target: null
[06Aug2026 20:33:45.296] [Forge Version Check/INFO] [net.minecraftforge.fml.VersionChecker/]: [deep_aether] Starting version check at https://github.com/RazorDevs/Deep-Aether/raw/1.20.1-1.1/update.json
[06Aug2026 20:33:45.380] [Forge Version Check/INFO] [net.minecraftforge.fml.VersionChecker/]: [deep_aether] Found status: UP_TO_DATE Current: 1.20.1-1.1.7 Target: null
[06Aug2026 20:33:45.380] [Forge Version Check/INFO] [net.minecraftforge.fml.VersionChecker/]: [twilightforest] Starting version check at https://gh.tamaized.com/TeamTwilight/twilightforest/update.json
[06Aug2026 20:33:45.449] [Render thread/INFO] [xaero.minimap.XaeroMinimap/]: Loading Xaero's Minimap - Stage 2/2
[06Aug2026 20:33:45.611] [Forge Version Check/INFO] [net.minecraftforge.fml.VersionChecker/]: [twilightforest] Found status: AHEAD Current: 4.3.2508 Target: null
[06Aug2026 20:33:45.611] [Forge Version Check/INFO] [net.minecraftforge.fml.VersionChecker/]: [aether_emissivity] Starting version check at https://github.com/The-Aether-Team/Emissivity/raw/1.20.1-develop/update.json
[06Aug2026 20:33:45.696] [Forge Version Check/INFO] [net.minecraftforge.fml.VersionChecker/]: [aether_emissivity] Found status: UP_TO_DATE Current: 1.20.1-1.0.0-neoforge Target: null
[06Aug2026 20:33:45.696] [Forge Version Check/INFO] [net.minecraftforge.fml.VersionChecker/]: [cucumber] Starting version check at https://api.blakesmods.com/v2/mods/cucumber/1.20/updates
[06Aug2026 20:33:45.938] [Forge Version Check/INFO] [net.minecraftforge.fml.VersionChecker/]: [cucumber] Found status: UP_TO_DATE Current: 7.0.16 Target: null
[06Aug2026 20:33:45.938] [Forge Version Check/INFO] [net.minecraftforge.fml.VersionChecker/]: [supplementaries] Starting version check at https://api.modrinth.com/updates/supplementaries/forge_updates.json
[06Aug2026 20:33:46.115] [Forge Version Check/INFO] [net.minecraftforge.fml.VersionChecker/]: [supplementaries] Found status: OUTDATED Current: 1.20-3.1.43 Target: 1.20-3.1.43-forge
[06Aug2026 20:33:46.115] [Forge Version Check/INFO] [net.minecraftforge.fml.VersionChecker/]: [clumps] Starting version check at https://updates.blamejared.com/get?n=clumps&gv=1.20.1
[06Aug2026 20:33:46.165] [Forge Version Check/INFO] [net.minecraftforge.fml.VersionChecker/]: [clumps] Found status: BETA Current: 12.0.0.4 Target: 12.0.0.4
[06Aug2026 20:33:46.165] [Forge Version Check/INFO] [net.minecraftforge.fml.VersionChecker/]: [configured] Starting version check at https://mrcrayfish.com/modupdatejson?id=configured
[06Aug2026 20:33:46.206] [Forge Version Check/WARN] [net.minecraftforge.fml.VersionChecker/]: Failed to process update information
com.google.gson.JsonSyntaxException: java.lang.IllegalStateException: Expected BEGIN_OBJECT but was STRING at line 1 column 1 path $
	at com.google.gson.Gson.fromJson(Gson.java:1226) ~[gson-2.10.jar%23100!/:?]
	at com.google.gson.Gson.fromJson(Gson.java:1124) ~[gson-2.10.jar%23100!/:?]
	at com.google.gson.Gson.fromJson(Gson.java:1034) ~[gson-2.10.jar%23100!/:?]
	at com.google.gson.Gson.fromJson(Gson.java:969) ~[gson-2.10.jar%23100!/:?]
	at net.minecraftforge.fml.VersionChecker$1.process(VersionChecker.java:186) ~[fmlcore-1.20.1-47.4.10.jar%23765!/:?]
	at java.lang.Iterable.forEach(Iterable.java:75) ~[?:?]
	at net.minecraftforge.fml.VersionChecker$1.run(VersionChecker.java:117) ~[fmlcore-1.20.1-47.4.10.jar%23765!/:?]
Caused by: java.lang.IllegalStateException: Expected BEGIN_OBJECT but was STRING at line 1 column 1 path $
	at com.google.gson.stream.JsonReader.beginObject(JsonReader.java:393) ~[gson-2.10.jar%23100!/:?]
	at com.google.gson.internal.bind.MapTypeAdapterFactory$Adapter.read(MapTypeAdapterFactory.java:182) ~[gson-2.10.jar%23100!/:?]
	at com.google.gson.internal.bind.MapTypeAdapterFactory$Adapter.read(MapTypeAdapterFactory.java:144) ~[gson-2.10.jar%23100!/:?]
	at com.google.gson.Gson.fromJson(Gson.java:1214) ~[gson-2.10.jar%23100!/:?]
	... 6 more
[06Aug2026 20:33:46.206] [Forge Version Check/INFO] [net.minecraftforge.fml.VersionChecker/]: [miningmaster] Starting version check at https://infernalstudios.org/api/mods/miningmaster/forge
[06Aug2026 20:33:46.490] [Forge Version Check/INFO] [net.minecraftforge.fml.VersionChecker/]: [miningmaster] Found status: BETA Current: 4.1.3 Target: null
[06Aug2026 20:33:46.490] [Forge Version Check/INFO] [net.minecraftforge.fml.VersionChecker/]: [scuba_gear] Starting version check at http://changelogs.moddinglegacy.com/scuba-gear.json
[06Aug2026 20:33:46.549] [Forge Version Check/INFO] [net.minecraftforge.fml.VersionChecker/]: [scuba_gear] Found status: BETA Current: 1.0.6 Target: null
[06Aug2026 20:33:46.549] [Forge Version Check/INFO] [net.minecraftforge.fml.VersionChecker/]: [mysticalagriculture] Starting version check at https://api.blakesmods.com/v2/mods/mysticalagriculture/1.20/updates
[06Aug2026 20:33:46.705] [Forge Version Check/INFO] [net.minecraftforge.fml.VersionChecker/]: [mysticalagriculture] Found status: UP_TO_DATE Current: 7.0.24 Target: null
[06Aug2026 20:33:46.997] [Render thread/WARN] [xaero.hud.minimap.MinimapLogs/]: io exception while checking versions: Online mod data expired! Date: Sun Aug 02 08:54:46 EEST 2026
[06Aug2026 20:33:47.005] [Render thread/INFO] [xaero.hud.minimap.MinimapLogs/]: Registered player tracker system: minimap_synced
[06Aug2026 20:33:47.009] [Render thread/WARN] [net.minecraftforge.fml.DeferredWorkQueue/LOADING]: Mod 'xaerominimap' took 1.559 s to run a deferred task.
[06Aug2026 20:33:47.015] [Render thread/INFO] [xaero.lib.XaeroLib/]: Loading XaeroLib common 2/2!
[06Aug2026 20:33:47.015] [Render thread/INFO] [xaero.lib.XaeroLib/]: Loading XaeroLib client 2/2!
[06Aug2026 20:33:47.242] [Render thread/INFO] [ModdingLegacy/blue_skies/SkiesDataManager/]: Loaded 13 journal_lang
[06Aug2026 20:33:47.322] [Worker-ResourceReload-1/INFO] [ModdingLegacy/Lucent/]: [lucent] Starting dynamic lighting engine
[06Aug2026 20:33:47.322] [Worker-ResourceReload-14/INFO] [AttributeFix/]: Loaded values for 91 compatible attributes.
[06Aug2026 20:33:47.335] [Worker-ResourceReload-14/WARN] [AttributeFix/]: Attribute ID 'the_idol_v2:polaroid_value' does not belong to a known attribute. This entry will be ignored.
[06Aug2026 20:33:47.336] [Worker-ResourceReload-14/WARN] [AttributeFix/]: Attribute ID 'the_idol_v2:spiritbox_sound' does not belong to a known attribute. This entry will be ignored.
[06Aug2026 20:33:47.336] [Worker-ResourceReload-14/WARN] [AttributeFix/]: Attribute ID 'the_idol_v2:jumpscare_value' does not belong to a known attribute. This entry will be ignored.
[06Aug2026 20:33:47.336] [Worker-ResourceReload-14/WARN] [AttributeFix/]: Attribute ID 'the_idol_v2:times_flashed' does not belong to a known attribute. This entry will be ignored.
[06Aug2026 20:33:47.336] [Worker-ResourceReload-14/WARN] [AttributeFix/]: Attribute ID 'the_idol_v2:player_event' does not belong to a known attribute. This entry will be ignored.
[06Aug2026 20:33:47.336] [Worker-ResourceReload-14/WARN] [AttributeFix/]: Attribute ID 'the_idol_v2:heartbeat_cooldown' does not belong to a known attribute. This entry will be ignored.
[06Aug2026 20:33:47.336] [Worker-ResourceReload-14/WARN] [AttributeFix/]: Attribute ID 'the_idol_v2:player_breath' does not belong to a known attribute. This entry will be ignored.
[06Aug2026 20:33:47.336] [Worker-ResourceReload-14/WARN] [AttributeFix/]: Attribute ID 'the_idol_v2:entity_values' does not belong to a known attribute. This entry will be ignored.
[06Aug2026 20:33:47.336] [Worker-ResourceReload-14/WARN] [AttributeFix/]: Attribute ID 'the_idol_v2:spiritbox_value' does not belong to a known attribute. This entry will be ignored.
[06Aug2026 20:33:47.336] [Worker-ResourceReload-14/WARN] [AttributeFix/]: Attribute ID 'the_idol_v2:player_event_timers' does not belong to a known attribute. This entry will be ignored.
[06Aug2026 20:33:47.336] [Worker-ResourceReload-14/WARN] [AttributeFix/]: Attribute ID 'the_idol_v2:despawn_timer' does not belong to a known attribute. This entry will be ignored.
[06Aug2026 20:33:47.336] [Worker-ResourceReload-14/WARN] [AttributeFix/]: Attribute ID 'the_idol_v2:spawn_pity' does not belong to a known attribute. This entry will be ignored.
[06Aug2026 20:33:47.336] [Worker-ResourceReload-14/WARN] [AttributeFix/]: Attribute ID 'the_idol_v2:spam_key_value' does not belong to a known attribute. This entry will be ignored.
[06Aug2026 20:33:47.336] [Worker-ResourceReload-14/WARN] [AttributeFix/]: Attribute ID 'the_idol_v2:closed_eyes' does not belong to a known attribute. This entry will be ignored.
[06Aug2026 20:33:47.336] [Worker-ResourceReload-14/WARN] [AttributeFix/]: Attribute ID 'the_idol_v2:received_items' does not belong to a known attribute. This entry will be ignored.
[06Aug2026 20:33:47.336] [Worker-ResourceReload-14/WARN] [AttributeFix/]: Attribute ID 'the_idol_v2:holding_breath' does not belong to a known attribute. This entry will be ignored.
[06Aug2026 20:33:47.336] [Worker-ResourceReload-14/INFO] [AttributeFix/]: Loaded 107 values from config.
[06Aug2026 20:33:47.341] [Worker-ResourceReload-14/INFO] [AttributeFix/]: Saving config file. 107 entries.
[06Aug2026 20:33:47.341] [Worker-ResourceReload-14/INFO] [AttributeFix/]: Applying changes for 107 attributes.
[06Aug2026 20:33:47.356] [Worker-ResourceReload-4/INFO] [Jade/]: Start loading plugin at org.cyclops.evilcraftcompat.modcompat.jade.JadeEvilCraftConfig
[06Aug2026 20:33:47.384] [Worker-ResourceReload-4/INFO] [Jade/]: Start loading plugin at de.maxhenkel.corpse.integration.waila.PluginCorpse
[06Aug2026 20:33:47.385] [Worker-ResourceReload-4/INFO] [Jade/]: Start loading plugin at mekanism.common.integration.lookingat.jade.MekanismJadePlugin
[06Aug2026 20:33:47.392] [Worker-ResourceReload-4/INFO] [Jade/]: Start loading plugin at com.crypticmushroom.minecraft.midnight.common.compatibility.jade.MnWailaPlugin
[06Aug2026 20:33:47.393] [Worker-ResourceReload-4/INFO] [Jade/]: Start loading plugin at com.hollingsworth.arsnouveau.client.waila.WailaArsNouveauPlugin
[06Aug2026 20:33:47.395] [Worker-ResourceReload-4/INFO] [Jade/]: Start loading plugin at com.aetherteam.aether.integration.jade.AetherJadePlugin
[06Aug2026 20:33:47.396] [Worker-ResourceReload-4/INFO] [Jade/]: Start loading plugin at com.st0x0ef.beyond_earth.common.compats.waila.WailaPlugin
[06Aug2026 20:33:47.397] [Worker-ResourceReload-4/INFO] [Jade/]: Start loading plugin at twilightforest.compat.jade.JadeCompat
[06Aug2026 20:33:47.398] [Worker-ResourceReload-4/INFO] [Jade/]: Start loading plugin at net.mehvahdjukaar.supplementaries.integration.JadeCompat
[06Aug2026 20:33:47.400] [Worker-ResourceReload-4/INFO] [Jade/]: Start loading plugin at com.blakebr0.mysticalagriculture.compat.JadeCompat
[06Aug2026 20:33:47.402] [Worker-ResourceReload-4/INFO] [Jade/]: Start loading plugin at snownee.jade.addon.vanilla.VanillaPlugin
[06Aug2026 20:33:47.427] [Worker-ResourceReload-4/INFO] [Jade/]: Start loading plugin at snownee.jade.addon.universal.UniversalPlugin
[06Aug2026 20:33:47.432] [Worker-ResourceReload-4/INFO] [Jade/]: Start loading plugin at snownee.jade.addon.core.CorePlugin
[06Aug2026 20:33:47.434] [Worker-ResourceReload-7/INFO] [PonderIndex/]: Registering Ponder Scenes took 119.1 ms
[06Aug2026 20:33:47.440] [Worker-ResourceReload-7/INFO] [PonderIndex/]: Registering Ponder Tags took 5.188 ms
[06Aug2026 20:33:47.467] [Render thread/INFO] [Configured/]: Successfully loaded config provider: com.mrcrayfish.configured.impl.forge.ForgeConfigProvider
[06Aug2026 20:33:47.468] [Render thread/INFO] [Configured/]: Successfully loaded config provider: com.mrcrayfish.configured.impl.framework.FrameworkConfigProvider
[06Aug2026 20:33:47.469] [Render thread/INFO] [Configured/]: Successfully loaded config provider: com.mrcrayfish.configured.impl.jei.JeiConfigProvider
[06Aug2026 20:33:47.469] [Render thread/INFO] [Configured/]: Creating config GUI factories...
[06Aug2026 20:33:47.483] [Render thread/INFO] [Configured/]: Registering config factory for mod butchery. Found 1 config(s)
[06Aug2026 20:33:47.483] [Render thread/INFO] [Configured/]: Registering config factory for mod alexsmobs. Found 1 config(s)
[06Aug2026 20:33:47.484] [Render thread/INFO] [Configured/]: Registering config factory for mod netherexp. Found 1 config(s)
[06Aug2026 20:33:47.484] [Render thread/INFO] [Configured/]: Registering config factory for mod themimic_er. Found 1 config(s)
[06Aug2026 20:33:47.484] [Render thread/INFO] [Configured/]: Registering config factory for mod underground_villages. Found 1 config(s)
[06Aug2026 20:33:47.484] [Render thread/INFO] [Configured/]: Registering config factory for mod clanginghowl. Found 1 config(s)
[06Aug2026 20:33:47.484] [Render thread/INFO] [Configured/]: Registering config factory for mod siren_head. Found 1 config(s)
[06Aug2026 20:33:47.485] [Render thread/INFO] [Configured/]: Registering config factory for mod infinite_abyss. Found 1 config(s)
[06Aug2026 20:33:47.485] [Render thread/INFO] [Configured/]: Registering config factory for mod zoniex. Found 1 config(s)
[06Aug2026 20:33:47.485] [Render thread/INFO] [Configured/]: Registering config factory for mod evilcraft. Found 1 config(s)
[06Aug2026 20:33:47.485] [Render thread/INFO] [Configured/]: Registering config factory for mod cave_dweller. Found 1 config(s)
[06Aug2026 20:33:47.486] [Render thread/INFO] [Configured/]: Registering config factory for mod savage_and_ravage. Found 2 config(s)
[06Aug2026 20:33:47.486] [Render thread/INFO] [Configured/]: Registering config factory for mod clayworks. Found 1 config(s)
[06Aug2026 20:33:47.486] [Render thread/INFO] [Configured/]: Registering config factory for mod boiled_reimagined. Found 1 config(s)
[06Aug2026 20:33:47.487] [Render thread/INFO] [Configured/]: Registering config factory for mod structure_gel. Found 2 config(s)
[06Aug2026 20:33:47.487] [Render thread/INFO] [Configured/]: Registering config factory for mod corpse. Found 1 config(s)
[06Aug2026 20:33:47.487] [Render thread/INFO] [Configured/]: Registering config factory for mod block_factorys_bosses. Found 2 config(s)
[06Aug2026 20:33:47.487] [Render thread/INFO] [Configured/]: Registering config factory for mod the_deep_void. Found 1 config(s)
[06Aug2026 20:33:47.489] [Render thread/INFO] [Configured/]: Registering config factory for mod fantasy_armor. Found 3 config(s)
[06Aug2026 20:33:47.489] [Render thread/INFO] [Configured/]: Registering config factory for mod dungeons_plus. Found 1 config(s)
[06Aug2026 20:33:47.489] [Render thread/INFO] [Configured/]: Registering config factory for mod darkerdepths. Found 1 config(s)
[06Aug2026 20:33:47.489] [Render thread/INFO] [Configured/]: Registering config factory for mod growling_man. Found 1 config(s)
[06Aug2026 20:33:47.489] [Render thread/INFO] [Configured/]: Registering config factory for mod curios. Found 3 config(s)
[06Aug2026 20:33:47.490] [Render thread/INFO] [Configured/]: Registering config factory for mod lucent. Found 1 config(s)
[06Aug2026 20:33:47.490] [Render thread/INFO] [Configured/]: Registering config factory for mod arphex. Found 1 config(s)
[06Aug2026 20:33:47.490] [Render thread/INFO] [Configured/]: Registering config factory for mod chocolatiers_delight. Found 1 config(s)
[06Aug2026 20:33:47.490] [Render thread/INFO] [Configured/]: Registering config factory for mod corner_entity. Found 1 config(s)
[06Aug2026 20:33:47.490] [Render thread/INFO] [Configured/]: Registering config factory for mod rootoffear. Found 2 config(s)
[06Aug2026 20:33:47.490] [Render thread/INFO] [Configured/]: Registering config factory for mod theabyss. Found 1 config(s)
[06Aug2026 20:33:47.490] [Render thread/INFO] [Configured/]: Registering config factory for mod cumulus_menus. Found 1 config(s)
[06Aug2026 20:33:47.490] [Render thread/INFO] [Configured/]: Registering config factory for mod undermod. Found 1 config(s)
[06Aug2026 20:33:47.490] [Render thread/INFO] [Configured/]: Registering config factory for mod cfm. Found 2 config(s)
[06Aug2026 20:33:47.491] [Render thread/INFO] [Configured/]: Registering config factory for mod krampus_vx. Found 1 config(s)
[06Aug2026 20:33:47.491] [Render thread/INFO] [Configured/]: Registering config factory for mod corn_delight. Found 1 config(s)
[06Aug2026 20:33:47.491] [Render thread/INFO] [Configured/]: Registering config factory for mod the_bumblezone. Found 6 config(s)
[06Aug2026 20:33:47.491] [Render thread/INFO] [Configured/]: Registering config factory for mod alone_in_the_dark. Found 1 config(s)
[06Aug2026 20:33:47.491] [Render thread/INFO] [Configured/]: Registering config factory for mod blighted_beasts. Found 1 config(s)
[06Aug2026 20:33:47.492] [Render thread/INFO] [Configured/]: Registering config factory for mod deep_aether. Found 2 config(s)
[06Aug2026 20:33:47.492] [Render thread/INFO] [Configured/]: Registering config factory for mod elysiumjar. Found 1 config(s)
[06Aug2026 20:33:47.492] [Render thread/INFO] [Configured/]: Registering config factory for mod mowziesmobs. Found 2 config(s)
[06Aug2026 20:33:47.492] [Render thread/INFO] [Configured/]: Registering config factory for mod the_boy_and_the_bath. Found 1 config(s)
[06Aug2026 20:33:47.493] [Render thread/INFO] [Configured/]: Registering config factory for mod cave_crawler. Found 1 config(s)
[06Aug2026 20:33:47.493] [Render thread/INFO] [Configured/]: Registering config factory for mod the_origin. Found 1 config(s)
[06Aug2026 20:33:47.493] [Render thread/INFO] [Configured/]: Registering config factory for mod cant_breathe. Found 1 config(s)
[06Aug2026 20:33:47.495] [Render thread/INFO] [Configured/]: Registering config factory for mod jei. Found 5 config(s)
[06Aug2026 20:33:47.495] [Render thread/INFO] [Configured/]: Registering config factory for mod the_harasser. Found 1 config(s)
[06Aug2026 20:33:47.496] [Render thread/INFO] [Configured/]: Registering config factory for mod mekanism. Found 8 config(s)
[06Aug2026 20:33:47.496] [Render thread/INFO] [Configured/]: Registering config factory for mod berezka_api. Found 1 config(s)
[06Aug2026 20:33:47.496] [Render thread/INFO] [Configured/]: Registering config factory for mod good_nights_sleep. Found 1 config(s)
[06Aug2026 20:33:47.497] [Render thread/INFO] [Configured/]: Registering config factory for mod ars_nouveau. Found 84 config(s)
[06Aug2026 20:33:47.497] [Render thread/INFO] [Configured/]: Registering config factory for mod forge. Found 2 config(s)
[06Aug2026 20:33:47.498] [Render thread/INFO] [Configured/]: Registering config factory for mod pale_hound. Found 1 config(s)
[06Aug2026 20:33:47.498] [Render thread/INFO] [Configured/]: Registering config factory for mod aeroblender. Found 1 config(s)
[06Aug2026 20:33:47.503] [Render thread/INFO] [Configured/]: Registering config factory for mod flywheel. Found 1 config(s)
[06Aug2026 20:33:47.503] [Render thread/INFO] [Configured/]: Registering config factory for mod mantle. Found 2 config(s)
[06Aug2026 20:33:47.503] [Render thread/INFO] [Configured/]: Registering config factory for mod ecologics. Found 1 config(s)
[06Aug2026 20:33:47.504] [Render thread/INFO] [Configured/]: Registering config factory for mod midnight. Found 2 config(s)
[06Aug2026 20:33:47.504] [Render thread/INFO] [Configured/]: Registering config factory for mod appleskin. Found 1 config(s)
[06Aug2026 20:33:47.504] [Render thread/INFO] [Configured/]: Registering config factory for mod aquaculture. Found 1 config(s)
[06Aug2026 20:33:47.504] [Render thread/INFO] [Configured/]: Registering config factory for mod farlanders. Found 2 config(s)
[06Aug2026 20:33:47.504] [Render thread/INFO] [Configured/]: Registering config factory for mod cyclopscore. Found 1 config(s)
[06Aug2026 20:33:47.504] [Render thread/INFO] [Configured/]: Registering config factory for mod blue_skies. Found 2 config(s)
[06Aug2026 20:33:47.504] [Render thread/INFO] [Configured/]: Registering config factory for mod evilhunter. Found 1 config(s)
[06Aug2026 20:33:47.505] [Render thread/INFO] [Configured/]: Registering config factory for mod aether. Found 3 config(s)
[06Aug2026 20:33:47.505] [Render thread/INFO] [Configured/]: Registering config factory for mod incontrol. Found 1 config(s)
[06Aug2026 20:33:47.505] [Render thread/INFO] [Configured/]: Registering config factory for mod sophisticatedcore. Found 2 config(s)
[06Aug2026 20:33:47.505] [Render thread/INFO] [Configured/]: Registering config factory for mod citadel. Found 1 config(s)
[06Aug2026 20:33:47.505] [Render thread/INFO] [Configured/]: Registering config factory for mod in_the_night. Found 1 config(s)
[06Aug2026 20:33:47.505] [Render thread/INFO] [Configured/]: Registering config factory for mod sophisticatedbackpacks. Found 2 config(s)
[06Aug2026 20:33:47.505] [Render thread/INFO] [Configured/]: Registering config factory for mod beyond_earth. Found 2 config(s)
[06Aug2026 20:33:47.505] [Render thread/INFO] [Configured/]: Registering config factory for mod caverns_and_chasms. Found 2 config(s)
[06Aug2026 20:33:47.506] [Render thread/INFO] [Configured/]: Registering config factory for mod twilightforest. Found 2 config(s)
[06Aug2026 20:33:47.506] [Render thread/INFO] [Configured/]: Registering config factory for mod farmersdelight. Found 2 config(s)
[06Aug2026 20:33:47.506] [Render thread/INFO] [Configured/]: Registering config factory for mod in_your_world. Found 1 config(s)
[06Aug2026 20:33:47.507] [Render thread/INFO] [Configured/]: Registering config factory for mod midnightlurker. Found 1 config(s)
[06Aug2026 20:33:47.507] [Render thread/INFO] [Configured/]: Registering config factory for mod skinstalker. Found 1 config(s)
[06Aug2026 20:33:47.507] [Render thread/INFO] [Configured/]: Registering config factory for mod cryptid_vx. Found 1 config(s)
[06Aug2026 20:33:47.508] [Render thread/INFO] [Configured/]: Registering config factory for mod cataclysm. Found 2 config(s)
[06Aug2026 20:33:47.508] [Render thread/INFO] [Configured/]: Registering config factory for mod fungidelight. Found 1 config(s)
[06Aug2026 20:33:47.508] [Render thread/INFO] [Configured/]: Registering config factory for mod patchouli. Found 1 config(s)
[06Aug2026 20:33:47.508] [Render thread/INFO] [Configured/]: Registering config factory for mod man. Found 1 config(s)
[06Aug2026 20:33:47.508] [Render thread/INFO] [Configured/]: Registering config factory for mod woodworks. Found 1 config(s)
[06Aug2026 20:33:47.508] [Render thread/INFO] [Configured/]: Registering config factory for mod aether_emissivity. Found 1 config(s)
[06Aug2026 20:33:47.508] [Render thread/INFO] [Configured/]: Registering config factory for mod spartanweaponry. Found 2 config(s)
[06Aug2026 20:33:47.508] [Render thread/INFO] [Configured/]: Registering config factory for mod deeperdarker. Found 1 config(s)
[06Aug2026 20:33:47.508] [Render thread/INFO] [Configured/]: Registering config factory for mod aiimprovements. Found 1 config(s)
[06Aug2026 20:33:47.511] [Render thread/INFO] [Configured/]: Registering config factory for mod undergarden. Found 2 config(s)
[06Aug2026 20:33:47.511] [Render thread/INFO] [Configured/]: Registering config factory for mod the_obsessed. Found 1 config(s)
[06Aug2026 20:33:47.511] [Render thread/INFO] [Configured/]: Registering config factory for mod cucumber. Found 2 config(s)
[06Aug2026 20:33:47.511] [Render thread/INFO] [Configured/]: Registering config factory for mod buzzier_bees. Found 1 config(s)
[06Aug2026 20:33:47.511] [Render thread/INFO] [Configured/]: Registering config factory for mod veggiesdelight. Found 1 config(s)
[06Aug2026 20:33:47.511] [Render thread/INFO] [Configured/]: Registering config factory for mod geologicexpansion. Found 1 config(s)
[06Aug2026 20:33:47.511] [Render thread/INFO] [Configured/]: Registering config factory for mod void_bound. Found 1 config(s)
[06Aug2026 20:33:47.512] [Render thread/INFO] [Configured/]: Registering config factory for mod dixtas_armory. Found 1 config(s)
[06Aug2026 20:33:47.512] [Render thread/INFO] [Configured/]: Registering config factory for mod blueprint. Found 2 config(s)
[06Aug2026 20:33:47.512] [Render thread/INFO] [Configured/]: Registering config factory for mod shadowlands. Found 2 config(s)
[06Aug2026 20:33:47.512] [Render thread/INFO] [Configured/]: Registering config factory for mod prehistoricfauna. Found 2 config(s)
[06Aug2026 20:33:47.513] [Render thread/INFO] [Configured/]: Registering config factory for mod scuba_gear. Found 1 config(s)
[06Aug2026 20:33:47.513] [Render thread/INFO] [Configured/]: Registering config factory for mod ramadandelight. Found 1 config(s)
[06Aug2026 20:33:47.513] [Render thread/INFO] [Configured/]: Registering config factory for mod distantfriends. Found 1 config(s)
[06Aug2026 20:33:47.513] [Render thread/INFO] [Configured/]: Registering config factory for mod mysticalagriculture. Found 2 config(s)
[06Aug2026 20:33:47.513] [Render thread/INFO] [Configured/]: Registering config factory for mod nyfsspiders. Found 1 config(s)
[06Aug2026 20:33:47.513] [Render thread/INFO] [Configured/]: Registering config factory for mod tconstruct. Found 2 config(s)
[06Aug2026 20:33:47.513] [Render thread/INFO] [Configured/]: Registering config factory for mod alexscaves. Found 2 config(s)
[06Aug2026 20:33:47.514] [Render thread/INFO] [Configured/]: Registering config factory for mod onlyhammersandexcavators. Found 1 config(s)
[06Aug2026 20:33:47.514] [Render thread/INFO] [Configured/]: Registering config factory for mod moonlight. Found 1 config(s)
[06Aug2026 20:33:47.514] [Render thread/INFO] [Configured/]: Registering config factory for mod goatman. Found 1 config(s)
[06Aug2026 20:33:47.515] [Render thread/INFO] [Configured/]: Registering config factory for mod regions_unexplored. Found 3 config(s)
[06Aug2026 20:33:47.515] [Render thread/INFO] [Configured/]: Registering config factory for mod mysterious_mountain_lib. Found 1 config(s)
[06Aug2026 20:33:47.515] [Render thread/INFO] [Configured/]: Registering config factory for mod lendersdelight. Found 1 config(s)
[06Aug2026 20:33:47.516] [Render thread/INFO] [Configured/]: Registering config factory for mod ror. Found 1 config(s)
[06Aug2026 20:33:47.516] [Render thread/INFO] [Configured/]: Registering config factory for mod thesmiler. Found 1 config(s)
[06Aug2026 20:33:47.516] [Render thread/INFO] [Configured/]: Registering config factory for mod toybox. Found 1 config(s)
[06Aug2026 20:33:47.516] [Render thread/INFO] [Configured/]: Registering config factory for mod the_masked. Found 1 config(s)
[06Aug2026 20:33:47.516] [Render thread/INFO] [Configured/]: Registering config factory for mod paranormal_activity. Found 1 config(s)
[06Aug2026 20:33:47.577] [Render thread/INFO] [citadel/]: adding citadel surface rules via terrablender...
[06Aug2026 20:33:47.578] [Render thread/INFO] [citadel/]: Added 0 vanilla biome surface rule types via terrablender
[06Aug2026 20:33:47.578] [Render thread/INFO] [citadel/]: Added 1 modded biome surface rule types via terrablender
[06Aug2026 20:33:47.935] [modloading-worker-0/ERROR] [net.minecraft.Util/]: Entity face_of_horror:harvest_moon_spirit has no attributes
[06Aug2026 20:33:47.935] [modloading-worker-0/ERROR] [net.minecraft.Util/]: Entity face_of_horror:harvest_moon_spirit has no attributes
[06Aug2026 20:33:47.936] [modloading-worker-0/ERROR] [net.minecraft.Util/]: Entity face_of_horror:harvest_moon_spirit has no attributes
[06Aug2026 20:33:47.936] [modloading-worker-0/ERROR] [net.minecraft.Util/]: Entity face_of_horror:harvest_moon_spirit has no attributes
[06Aug2026 20:33:47.936] [modloading-worker-0/ERROR] [net.minecraft.Util/]: Entity face_of_horror:harvest_moon_spirit has no attributes
[06Aug2026 20:33:47.936] [modloading-worker-0/ERROR] [net.minecraft.Util/]: Entity face_of_horror:harvest_moon_spirit has no attributes
[06Aug2026 20:33:47.937] [modloading-worker-0/ERROR] [net.minecraft.Util/]: Entity face_of_horror:harvest_moon_spirit has no attributes
[06Aug2026 20:33:47.937] [modloading-worker-0/ERROR] [net.minecraft.Util/]: Entity face_of_horror:harvest_moon_spirit has no attributes
[06Aug2026 20:33:47.937] [modloading-worker-0/ERROR] [net.minecraft.Util/]: Entity face_of_horror:harvest_moon_spirit has no attributes
[06Aug2026 20:33:47.937] [modloading-worker-0/ERROR] [net.minecraft.Util/]: Entity face_of_horror:harvest_moon_spirit has no attributes
[06Aug2026 20:33:47.937] [modloading-worker-0/ERROR] [net.minecraft.Util/]: Entity face_of_horror:harvest_moon_spirit has no attributes
[06Aug2026 20:33:47.938] [modloading-worker-0/ERROR] [net.minecraft.Util/]: Entity face_of_horror:harvest_moon_spirit has no attributes
[06Aug2026 20:33:47.938] [modloading-worker-0/ERROR] [net.minecraft.Util/]: Entity face_of_horror:harvest_moon_spirit has no attributes
[06Aug2026 20:33:47.938] [modloading-worker-0/ERROR] [net.minecraft.Util/]: Entity face_of_horror:harvest_moon_spirit has no attributes
[06Aug2026 20:33:47.938] [modloading-worker-0/ERROR] [net.minecraft.Util/]: Entity face_of_horror:harvest_moon_spirit has no attributes
[06Aug2026 20:33:47.938] [modloading-worker-0/ERROR] [net.minecraft.Util/]: Entity face_of_horror:harvest_moon_spirit has no attributes
[06Aug2026 20:33:47.938] [modloading-worker-0/ERROR] [net.minecraft.Util/]: Entity face_of_horror:harvest_moon_spirit has no attributes
[06Aug2026 20:33:47.939] [modloading-worker-0/ERROR] [net.minecraft.Util/]: Entity face_of_horror:harvest_moon_spirit has no attributes
[06Aug2026 20:33:47.939] [modloading-worker-0/ERROR] [net.minecraft.Util/]: Entity face_of_horror:harvest_moon_spirit has no attributes
[06Aug2026 20:33:47.939] [modloading-worker-0/ERROR] [net.minecraft.Util/]: Entity face_of_horror:harvest_moon_spirit has no attributes
[06Aug2026 20:33:47.939] [modloading-worker-0/ERROR] [net.minecraft.Util/]: Entity face_of_horror:harvest_moon_spirit has no attributes
[06Aug2026 20:33:47.939] [modloading-worker-0/ERROR] [net.minecraft.Util/]: Entity face_of_horror:harvest_moon_spirit has no attributes
[06Aug2026 20:33:47.939] [modloading-worker-0/ERROR] [net.minecraft.Util/]: Entity face_of_horror:harvest_moon_spirit has no attributes
[06Aug2026 20:33:47.940] [modloading-worker-0/ERROR] [net.minecraft.Util/]: Entity face_of_horror:harvest_moon_spirit has no attributes
[06Aug2026 20:33:47.940] [modloading-worker-0/ERROR] [net.minecraft.Util/]: Entity face_of_horror:harvest_moon_spirit has no attributes
[06Aug2026 20:33:47.940] [modloading-worker-0/ERROR] [net.minecraft.Util/]: Entity face_of_horror:harvest_moon_spirit has no attributes
[06Aug2026 20:33:47.940] [modloading-worker-0/ERROR] [net.minecraft.Util/]: Entity face_of_horror:harvest_moon_spirit has no attributes
[06Aug2026 20:33:47.940] [modloading-worker-0/ERROR] [net.minecraft.Util/]: Entity face_of_horror:harvest_moon_spirit has no attributes
[06Aug2026 20:33:47.940] [modloading-worker-0/ERROR] [net.minecraft.Util/]: Entity face_of_horror:harvest_moon_spirit has no attributes
[06Aug2026 20:33:47.941] [modloading-worker-0/ERROR] [net.minecraft.Util/]: Entity face_of_horror:harvest_moon_spirit has no attributes
[06Aug2026 20:33:47.941] [modloading-worker-0/ERROR] [net.minecraft.Util/]: Entity face_of_horror:harvest_moon_spirit has no attributes
[06Aug2026 20:33:47.941] [modloading-worker-0/ERROR] [net.minecraft.Util/]: Entity face_of_horror:harvest_moon_spirit has no attributes
[06Aug2026 20:33:47.941] [modloading-worker-0/ERROR] [net.minecraft.Util/]: Entity face_of_horror:harvest_moon_spirit has no attributes
[06Aug2026 20:33:47.941] [modloading-worker-0/ERROR] [net.minecraft.Util/]: Entity face_of_horror:harvest_moon_spirit has no attributes
[06Aug2026 20:33:47.941] [modloading-worker-0/ERROR] [net.minecraft.Util/]: Entity face_of_horror:harvest_moon_spirit has no attributes
[06Aug2026 20:33:47.942] [modloading-worker-0/ERROR] [net.minecraft.Util/]: Entity face_of_horror:harvest_moon_spirit has no attributes
[06Aug2026 20:33:47.942] [modloading-worker-0/ERROR] [net.minecraft.Util/]: Entity face_of_horror:harvest_moon_spirit has no attributes
[06Aug2026 20:33:47.942] [modloading-worker-0/ERROR] [net.minecraft.Util/]: Entity face_of_horror:harvest_moon_spirit has no attributes
[06Aug2026 20:33:47.942] [modloading-worker-0/ERROR] [net.minecraft.Util/]: Entity face_of_horror:harvest_moon_spirit has no attributes
[06Aug2026 20:33:47.942] [modloading-worker-0/ERROR] [net.minecraft.Util/]: Entity face_of_horror:harvest_moon_spirit has no attributes
[06Aug2026 20:33:47.942] [modloading-worker-0/ERROR] [net.minecraft.Util/]: Entity face_of_horror:harvest_moon_spirit has no attributes
[06Aug2026 20:33:47.942] [modloading-worker-0/ERROR] [net.minecraft.Util/]: Entity face_of_horror:harvest_moon_spirit has no attributes
[06Aug2026 20:33:47.943] [modloading-worker-0/ERROR] [net.minecraft.Util/]: Entity face_of_horror:harvest_moon_spirit has no attributes
[06Aug2026 20:33:47.943] [modloading-worker-0/ERROR] [net.minecraft.Util/]: Entity face_of_horror:harvest_moon_spirit has no attributes
[06Aug2026 20:33:47.943] [modloading-worker-0/ERROR] [net.minecraft.Util/]: Entity face_of_horror:harvest_moon_spirit has no attributes
[06Aug2026 20:33:47.943] [modloading-worker-0/ERROR] [net.minecraft.Util/]: Entity face_of_horror:harvest_moon_spirit has no attributes
[06Aug2026 20:33:47.943] [modloading-worker-0/ERROR] [net.minecraft.Util/]: Entity face_of_horror:harvest_moon_spirit has no attributes
[06Aug2026 20:33:47.943] [modloading-worker-0/ERROR] [net.minecraft.Util/]: Entity face_of_horror:harvest_moon_spirit has no attributes
[06Aug2026 20:33:47.944] [modloading-worker-0/ERROR] [net.minecraft.Util/]: Entity face_of_horror:harvest_moon_spirit has no attributes
[06Aug2026 20:33:47.944] [modloading-worker-0/ERROR] [net.minecraft.Util/]: Entity face_of_horror:harvest_moon_spirit has no attributes
[06Aug2026 20:33:47.944] [modloading-worker-0/ERROR] [net.minecraft.Util/]: Entity face_of_horror:harvest_moon_spirit has no attributes
[06Aug2026 20:33:47.944] [modloading-worker-0/ERROR] [net.minecraft.Util/]: Entity face_of_horror:harvest_moon_spirit has no attributes
[06Aug2026 20:33:47.944] [modloading-worker-0/ERROR] [net.minecraft.Util/]: Entity face_of_horror:harvest_moon_spirit has no attributes
[06Aug2026 20:33:47.944] [modloading-worker-0/ERROR] [net.minecraft.Util/]: Entity face_of_horror:harvest_moon_spirit has no attributes
[06Aug2026 20:33:47.945] [modloading-worker-0/ERROR] [net.minecraft.Util/]: Entity face_of_horror:harvest_moon_spirit has no attributes
[06Aug2026 20:33:47.945] [modloading-worker-0/ERROR] [net.minecraft.Util/]: Entity face_of_horror:harvest_moon_spirit has no attributes
[06Aug2026 20:33:47.945] [modloading-worker-0/ERROR] [net.minecraft.Util/]: Entity face_of_horror:harvest_moon_spirit has no attributes
[06Aug2026 20:33:47.945] [modloading-worker-0/ERROR] [net.minecraft.Util/]: Entity face_of_horror:harvest_moon_spirit has no attributes
[06Aug2026 20:33:47.945] [modloading-worker-0/ERROR] [net.minecraft.Util/]: Entity face_of_horror:harvest_moon_spirit has no attributes
[06Aug2026 20:33:47.945] [modloading-worker-0/ERROR] [net.minecraft.Util/]: Entity face_of_horror:harvest_moon_spirit has no attributes
[06Aug2026 20:33:47.946] [modloading-worker-0/ERROR] [net.minecraft.Util/]: Entity face_of_horror:harvest_moon_spirit has no attributes
[06Aug2026 20:33:47.946] [modloading-worker-0/ERROR] [net.minecraft.Util/]: Entity face_of_horror:harvest_moon_spirit has no attributes
[06Aug2026 20:33:47.946] [modloading-worker-0/ERROR] [net.minecraft.Util/]: Entity face_of_horror:harvest_moon_spirit has no attributes
[06Aug2026 20:33:47.946] [modloading-worker-0/ERROR] [net.minecraft.Util/]: Entity face_of_horror:harvest_moon_spirit has no attributes
[06Aug2026 20:33:47.946] [modloading-worker-0/ERROR] [net.minecraft.Util/]: Entity face_of_horror:harvest_moon_spirit has no attributes
[06Aug2026 20:33:47.946] [modloading-worker-0/ERROR] [net.minecraft.Util/]: Entity face_of_horror:harvest_moon_spirit has no attributes
[06Aug2026 20:33:47.947] [modloading-worker-0/ERROR] [net.minecraft.Util/]: Entity face_of_horror:harvest_moon_spirit has no attributes
[06Aug2026 20:33:47.947] [modloading-worker-0/ERROR] [net.minecraft.Util/]: Entity face_of_horror:harvest_moon_spirit has no attributes
[06Aug2026 20:33:47.947] [modloading-worker-0/ERROR] [net.minecraft.Util/]: Entity face_of_horror:harvest_moon_spirit has no attributes
[06Aug2026 20:33:47.947] [modloading-worker-0/ERROR] [net.minecraft.Util/]: Entity face_of_horror:harvest_moon_spirit has no attributes
[06Aug2026 20:33:47.947] [modloading-worker-0/ERROR] [net.minecraft.Util/]: Entity face_of_horror:harvest_moon_spirit has no attributes
[06Aug2026 20:33:47.948] [modloading-worker-0/ERROR] [net.minecraft.Util/]: Entity face_of_horror:harvest_moon_spirit has no attributes
[06Aug2026 20:33:47.948] [modloading-worker-0/ERROR] [net.minecraft.Util/]: Entity face_of_horror:harvest_moon_spirit has no attributes
[06Aug2026 20:33:47.948] [modloading-worker-0/ERROR] [net.minecraft.Util/]: Entity face_of_horror:harvest_moon_spirit has no attributes
[06Aug2026 20:33:47.948] [modloading-worker-0/ERROR] [net.minecraft.Util/]: Entity face_of_horror:harvest_moon_spirit has no attributes
[06Aug2026 20:33:47.948] [modloading-worker-0/ERROR] [net.minecraft.Util/]: Entity face_of_horror:harvest_moon_spirit has no attributes
[06Aug2026 20:33:47.948] [modloading-worker-0/ERROR] [net.minecraft.Util/]: Entity face_of_horror:harvest_moon_spirit has no attributes
[06Aug2026 20:33:47.949] [modloading-worker-0/ERROR] [net.minecraft.Util/]: Entity face_of_horror:harvest_moon_spirit has no attributes
[06Aug2026 20:33:47.949] [modloading-worker-0/ERROR] [net.minecraft.Util/]: Entity face_of_horror:harvest_moon_spirit has no attributes
[06Aug2026 20:33:47.949] [modloading-worker-0/ERROR] [net.minecraft.Util/]: Entity face_of_horror:harvest_moon_spirit has no attributes
[06Aug2026 20:33:47.949] [modloading-worker-0/ERROR] [net.minecraft.Util/]: Entity face_of_horror:harvest_moon_spirit has no attributes
[06Aug2026 20:33:47.949] [modloading-worker-0/ERROR] [net.minecraft.Util/]: Entity face_of_horror:harvest_moon_spirit has no attributes
[06Aug2026 20:33:47.949] [modloading-worker-0/ERROR] [net.minecraft.Util/]: Entity face_of_horror:harvest_moon_spirit has no attributes
[06Aug2026 20:33:47.950] [modloading-worker-0/ERROR] [net.minecraft.Util/]: Entity face_of_horror:harvest_moon_spirit has no attributes
[06Aug2026 20:33:47.950] [modloading-worker-0/ERROR] [net.minecraft.Util/]: Entity face_of_horror:harvest_moon_spirit has no attributes
[06Aug2026 20:33:47.950] [modloading-worker-0/ERROR] [net.minecraft.Util/]: Entity face_of_horror:harvest_moon_spirit has no attributes
[06Aug2026 20:33:47.950] [modloading-worker-0/ERROR] [net.minecraft.Util/]: Entity face_of_horror:harvest_moon_spirit has no attributes
[06Aug2026 20:33:47.950] [modloading-worker-0/ERROR] [net.minecraft.Util/]: Entity face_of_horror:harvest_moon_spirit has no attributes
[06Aug2026 20:33:47.950] [modloading-worker-0/ERROR] [net.minecraft.Util/]: Entity face_of_horror:harvest_moon_spirit has no attributes
[06Aug2026 20:33:47.951] [modloading-worker-0/ERROR] [net.minecraft.Util/]: Entity face_of_horror:harvest_moon_spirit has no attributes
[06Aug2026 20:33:47.951] [modloading-worker-0/ERROR] [net.minecraft.Util/]: Entity face_of_horror:harvest_moon_spirit has no attributes
[06Aug2026 20:33:47.951] [modloading-worker-0/ERROR] [net.minecraft.Util/]: Entity face_of_horror:harvest_moon_spirit has no attributes
[06Aug2026 20:33:47.951] [modloading-worker-0/ERROR] [net.minecraft.Util/]: Entity face_of_horror:harvest_moon_spirit has no attributes
[06Aug2026 20:33:47.951] [modloading-worker-0/ERROR] [net.minecraft.Util/]: Entity face_of_horror:harvest_moon_spirit has no attributes
[06Aug2026 20:33:47.951] [modloading-worker-0/ERROR] [net.minecraft.Util/]: Entity face_of_horror:harvest_moon_spirit has no attributes
[06Aug2026 20:33:47.952] [modloading-worker-0/ERROR] [net.minecraft.Util/]: Entity face_of_horror:harvest_moon_spirit has no attributes
[06Aug2026 20:33:47.952] [modloading-worker-0/ERROR] [net.minecraft.Util/]: Entity face_of_horror:harvest_moon_spirit has no attributes
[06Aug2026 20:33:48.621] [Render thread/WARN] [net.minecraft.client.sounds.SoundEngine/]: Missing sound for event: minecraft:item.goat_horn.play
[06Aug2026 20:33:48.621] [Render thread/WARN] [net.minecraft.client.sounds.SoundEngine/]: Missing sound for event: minecraft:entity.goat.screaming.horn_break
[06Aug2026 20:33:48.621] [Render thread/WARN] [net.minecraft.client.sounds.SoundEngine/]: Missing sound for event: netherexp:item.brush.brushing_soul_sand_complete
[06Aug2026 20:33:48.622] [Render thread/WARN] [net.minecraft.client.sounds.SoundEngine/]: Missing sound for event: minecraft:block.potent_sulfur.geyser_continuous_eruption_start
[06Aug2026 20:33:48.622] [Render thread/WARN] [net.minecraft.client.sounds.SoundEngine/]: Missing sound for event: minecraft:item.ominous_bottle.dispose
[06Aug2026 20:33:48.622] [Render thread/WARN] [net.minecraft.client.sounds.SoundEngine/]: Missing sound for event: blighted_beasts:entity.apparition.ambient
[06Aug2026 20:33:48.622] [Render thread/WARN] [net.minecraft.client.sounds.SoundEngine/]: Missing sound for event: aether:entity.sentry.ambient
[06Aug2026 20:33:48.623] [Render thread/WARN] [net.minecraft.client.sounds.SoundEngine/]: Missing sound for event: deep_aether:entity.eots.death
[06Aug2026 20:33:48.623] [Render thread/WARN] [net.minecraft.client.sounds.SoundEngine/]: Missing sound for event: deep_aether:entity.eots.ambient
[06Aug2026 20:33:48.623] [Render thread/WARN] [net.minecraft.client.sounds.SoundEngine/]: Missing sound for event: deep_aether:item.armor.equip_floaty_scarf
[06Aug2026 20:33:48.623] [Render thread/WARN] [net.minecraft.client.sounds.SoundEngine/]: Missing sound for event: cataclysm:ignisshieldbreak
[06Aug2026 20:33:48.624] [Render thread/WARN] [net.minecraft.client.sounds.SoundEngine/]: Missing sound for event: alexscaves:abyssal_chasm_ambience_mood
[06Aug2026 20:33:48.624] [Render thread/WARN] [net.minecraft.client.sounds.SoundEngine/]: Missing sound for event: alexscaves:luxtructosaurus_breath
[06Aug2026 20:33:48.689] [Render thread/INFO] [com.mojang.blaze3d.audio.Library/]: OpenAL initialized on device OpenAL Soft on Headphones (Realtek(R) Audio)
[06Aug2026 20:33:48.690] [Render thread/INFO] [net.minecraft.client.sounds.SoundEngine/SOUNDS]: Sound engine started
[06Aug2026 20:33:48.831] [Render thread/INFO] [com.teamabnormals.blueprint.core.Blueprint/]: Endimation Loader has loaded 1 endimations
[06Aug2026 20:33:48.832] [Render thread/INFO] [net.minecraft.client.renderer.texture.TextureAtlas/]: Created: 16384x16384x4 minecraft:textures/atlas/blocks.png-atlas
[06Aug2026 20:33:49.423] [Render thread/INFO] [net.minecraft.client.renderer.texture.TextureAtlas/]: Created: 1024x1024x4 minecraft:textures/atlas/signs.png-atlas
[06Aug2026 20:33:49.427] [Render thread/INFO] [net.minecraft.client.renderer.texture.TextureAtlas/]: Created: 1024x512x4 minecraft:textures/atlas/banner_patterns.png-atlas
[06Aug2026 20:33:49.429] [Render thread/INFO] [net.minecraft.client.renderer.texture.TextureAtlas/]: Created: 2048x2048x4 minecraft:textures/atlas/shield_patterns.png-atlas
[06Aug2026 20:33:49.443] [Render thread/INFO] [net.minecraft.client.renderer.texture.TextureAtlas/]: Created: 8192x8192x4 minecraft:textures/atlas/armor_trims.png-atlas
[06Aug2026 20:33:49.662] [Render thread/INFO] [net.minecraft.client.renderer.texture.TextureAtlas/]: Created: 2048x1024x4 minecraft:textures/atlas/chest.png-atlas
[06Aug2026 20:33:49.669] [Render thread/INFO] [net.minecraft.client.renderer.texture.TextureAtlas/]: Created: 512x512x4 minecraft:textures/atlas/decorated_pot.png-atlas
[06Aug2026 20:33:49.672] [Render thread/INFO] [net.minecraft.client.renderer.texture.TextureAtlas/]: Created: 512x256x4 minecraft:textures/atlas/beds.png-atlas
[06Aug2026 20:33:49.673] [Render thread/INFO] [net.minecraft.client.renderer.texture.TextureAtlas/]: Created: 512x256x4 minecraft:textures/atlas/shulker_boxes.png-atlas
[06Aug2026 20:33:53.354] [Render thread/WARN] [net.minecraft.client.renderer.ShaderInstance/]: Shader voidscape:voidsky/sky could not find sampler named Sampler0 in the specified shader program.
[06Aug2026 20:33:53.355] [Render thread/WARN] [net.minecraft.client.renderer.ShaderInstance/]: Shader voidscape:voidsky/entity could not find sampler named Sampler0 in the specified shader program.
[06Aug2026 20:33:53.358] [Render thread/WARN] [net.minecraft.client.renderer.ShaderInstance/]: Shader supplementaries:static_noise could not find sampler named Sampler1 in the specified shader program.
[06Aug2026 20:33:53.359] [Render thread/WARN] [net.minecraft.client.renderer.ShaderInstance/]: Shader supplementaries:spherify could not find sampler named Sampler1 in the specified shader program.
[06Aug2026 20:33:53.359] [Render thread/WARN] [net.minecraft.client.renderer.ShaderInstance/]: Shader supplementaries:spherify could not find uniform named NoiseSpeed in the specified shader program.
[06Aug2026 20:33:53.359] [Render thread/WARN] [net.minecraft.client.renderer.ShaderInstance/]: Shader supplementaries:spherify could not find uniform named NoiseScale in the specified shader program.
[06Aug2026 20:33:53.359] [Render thread/WARN] [net.minecraft.client.renderer.ShaderInstance/]: Shader supplementaries:spherify could not find uniform named Intensity in the specified shader program.
[06Aug2026 20:33:53.359] [Render thread/WARN] [net.minecraft.client.renderer.ShaderInstance/]: Shader supplementaries:spherify could not find uniform named CameraPos in the specified shader program.
[06Aug2026 20:33:53.365] [Render thread/WARN] [net.minecraft.client.renderer.ShaderInstance/]: Shader alexscaves:rendertype_red_ghost could not find sampler named Sampler2 in the specified shader program.
[06Aug2026 20:33:53.365] [Render thread/INFO] [com.github.alexmodguy.alexscaves.AlexsCaves/]: registered internal shaders
[06Aug2026 20:33:53.368] [Render thread/WARN] [net.minecraft.client.renderer.ShaderInstance/]: Shader moonlight:text_alpha_color could not find sampler named Sampler2 in the specified shader program.
[06Aug2026 20:33:53.368] [Render thread/WARN] [net.minecraft.client.renderer.ShaderInstance/]: Shader moonlight:text_alpha_color could not find uniform named IViewRotMat in the specified shader program.
[06Aug2026 20:33:53.391] [Render thread/WARN] [net.minecraft.client.renderer.EffectInstance/]: Shader bumpy could not find uniform named OutSize in the specified shader program.
[06Aug2026 20:33:53.397] [Render thread/INFO] [net.minecraft.client.renderer.texture.TextureAtlas/]: Created: 4096x4096x0 minecraft:textures/atlas/particles.png-atlas
[06Aug2026 20:33:53.428] [Render thread/INFO] [net.minecraft.client.renderer.texture.TextureAtlas/]: Created: 8192x8192x0 minecraft:textures/atlas/paintings.png-atlas
[06Aug2026 20:33:53.487] [Render thread/INFO] [net.minecraft.client.renderer.texture.TextureAtlas/]: Created: 1024x1024x0 minecraft:textures/atlas/mob_effects.png-atlas
[06Aug2026 20:33:53.505] [Render thread/INFO] [com.blackgear.vanillabackport.core.VanillaBackport/]: Loaded 2 custom leaf colors: [minecraft:azalea_leaves, minecraft:flowering_azalea_leaves]
[06Aug2026 20:33:53.508] [Render thread/INFO] [ModdingLegacy/Lucent/]: Loaded 3 dynamic_lighting/entity
[06Aug2026 20:33:53.508] [Render thread/INFO] [ModdingLegacy/Lucent/]: Loaded 19 dynamic_lighting/item
[06Aug2026 20:33:53.508] [Render thread/INFO] [ModdingLegacy/Lucent/]: Loaded 0 emissive_textures/block
[06Aug2026 20:33:53.508] [Render thread/INFO] [ModdingLegacy/Lucent/]: Loaded 0 emissive_textures/armor_trim
[06Aug2026 20:33:53.508] [Render thread/INFO] [FaceOfHorror/ReloadListener/]: Applying discovered textures (Render Thread)...
[06Aug2026 20:33:53.509] [Render thread/INFO] [FaceOfHorror/ReloadListener/]: Total of 11 textures are now indexed and available.
[06Aug2026 20:33:53.509] [Render thread/INFO] [FaceOfHorror/JumpscareTexturePicker/]: JumpscareTexturePicker invalidated. The pool of enabled textures will be rebuilt on next use.
[06Aug2026 20:33:53.509] [Render thread/INFO] [FaceOfHorror/ReloadListener/]: Client config state cache has been synchronized with the loaded config file.
[06Aug2026 20:33:53.509] [Render thread/INFO] [net.minecraft.client.renderer.texture.TextureAtlas/]: Created: 256x256x0 jei:textures/atlas/gui.png-atlas
[06Aug2026 20:33:53.510] [Render thread/INFO] [net.minecraft.client.renderer.texture.TextureAtlas/]: Created: 512x256x0 mekanism:textures/atlas/robit.png-atlas
[06Aug2026 20:33:53.537] [Render thread/INFO] [flywheel/backend/shaders/]: Loaded 77 shader sources in 13.795 ms
[06Aug2026 20:33:53.579] [Render thread/INFO] [slimeknights.mantle.fluid.tooltip.FluidTooltipHandler/]: Loaded 18 fluid unit lists in 0.673 ms
[06Aug2026 20:33:53.586] [Render thread/INFO] [Mantle/]: Finished loading 1204 Block entity fluids in 6.025 ms
[06Aug2026 20:33:53.589] [Render thread/INFO] [Mantle/]: Finished loading 0 Block entity items in 2.6319 ms
[06Aug2026 20:33:53.592] [Render thread/INFO] [Mantle/]: Finished loading 964 Block entity items in 3.6093 ms
[06Aug2026 20:33:54.058] [Render thread/INFO] [net.minecraft.client.renderer.texture.TextureAtlas/]: Created: 256x128x0 twilightforest:textures/atlas/magic_paintings.png-atlas
[06Aug2026 20:33:54.060] [Render thread/INFO] [patchouli/]: BookContentResourceListenerLoader preloaded 1282 jsons
[06Aug2026 20:33:54.063] [Render thread/INFO] [ModernFix/]: Deduplicated ResourcefulLib highlights (0 points, 0 lines)
[06Aug2026 20:33:54.074] [Render thread/INFO] [xaero.lib.XaeroLib/]: Successfully reloaded the XaeroLib shaders!
[06Aug2026 20:33:54.083] [Render thread/INFO] [com.simibubi.create.Create/]: Loaded 56 train hat configurations.
[06Aug2026 20:33:54.085] [Render thread/INFO] [com.teamabnormals.blueprint.core.Blueprint/]: Blueprint Splash Manager has loaded 4 splashes
[06Aug2026 20:33:54.086] [Render thread/INFO] [net.minecraft.client.renderer.texture.TextureAtlas/]: Created: 512x256x0 caverns_and_chasms:textures/atlas/peeper.png-atlas
[06Aug2026 20:33:54.086] [Render thread/INFO] [net.minecraft.client.renderer.texture.TextureAtlas/]: Created: 512x256x0 caverns_and_chasms:textures/atlas/grazer.png-atlas
[06Aug2026 20:33:54.087] [Render thread/INFO] [net.minecraft.client.renderer.texture.TextureAtlas/]: Created: 256x256x0 caverns_and_chasms:textures/atlas/evendeeper.png-atlas
[06Aug2026 20:33:54.087] [Render thread/INFO] [net.minecraft.client.renderer.texture.TextureAtlas/]: Created: 256x256x0 caverns_and_chasms:textures/atlas/deeper.png-atlas
[06Aug2026 20:33:54.100] [Render thread/INFO] [tconstruct/]: Loaded 3 armor models in 4.1598 ms
[06Aug2026 20:33:54.106] [Render thread/INFO] [Mantle/]: Finished loading 712 Faucet Fluids in 5.7608 ms
[06Aug2026 20:33:54.109] [Render thread/INFO] [Mantle/]: Finished loading 2 Channel fluids in 3.3593 ms
[06Aug2026 20:33:54.110] [Render thread/INFO] [net.minecraft.client.renderer.texture.TextureAtlas/]: Created: 256x256x0 moonlight:textures/atlas/map_markers.png-atlas
[06Aug2026 20:33:54.124] [Render thread/INFO] [Entity Texture Features/]: [ETF]: reloading ETF data.
[06Aug2026 20:33:54.129] [Render thread/INFO] [Entity Texture Features/]: [ETF]: emissive suffixes loaded: [_e]
[06Aug2026 20:33:54.132] [Render thread/INFO] [Entity Texture Features/]: [ETF]: emissive suffixes loaded: [_e]
[06Aug2026 20:33:54.145] [Render thread/INFO] [com.cupboard.Cupboard/]: Loaded config for: chunksending.json
[06Aug2026 20:33:54.216] [Render thread/INFO] [FirstPersonModel/]: Loading PlayerAnimator support!
[06Aug2026 20:33:54.217] [Render thread/INFO] [FirstPersonModel/]: Loaded Vanilla Hands items: [potato_cannon, filled_ore_map, handheld_worldshaper, extendo_grip, filled_magic_map, filled_maze_map]
[06Aug2026 20:33:54.217] [Render thread/INFO] [FirstPersonModel/]: Loaded Auto Disable items: []
[06Aug2026 20:33:54.467] [Realms Notification Availability checker #1/ERROR] [com.mojang.realmsclient.client.RealmsError/]: Could not parse RealmsError: com.google.gson.stream.MalformedJsonException: Use JsonReader.setLenient(true) to accept malformed JSON at line 1 column 12 path $
[06Aug2026 20:33:54.467] [Realms Notification Availability checker #1/ERROR] [com.mojang.realmsclient.client.RealmsError/]: The error was: <!DOCTYPE html PUBLIC '-//W3C//DTD XHTML 1.0 Transitional//EN' 'http://www.w3.org/TR/xhtml1/DTD/xhtml1-transitional.dtd'>
<html xmlns='http://www.w3.org/1999/xhtml'>

<head>
    <meta content='text/html; charset=utf-8' http-equiv='content-type' />
    <style type='text/css'>
        body {
            font-family: Arial;
            margin-left: 40px;
        }

        img {
            border: 0 none;
        }

        #content {
            margin-left: auto;
            margin-right: auto
        }

        #message h1 {
            font-size: 24px;
            font-weight: normal;
            color: #000000;
            margin: 34px 0px 0px 0px
        }

        #message h2 {
            font-size: 20px;
            font-weight: normal;
            color: #000000;
            margin: 34px 0px 0px 0px
        }

        #message p {
            font-size: 16px;
            color: #000000;
            margin: 8px 0px 0px 0px
        }

        #message hr {
            margin: 15px 0px
        }

        #errorref {
            font-size: 11px;
            color: #737373;
            margin-top: 41px
        }
    </style>
    <title>Service unavailable</title>
</head>

<body>
    <div id='content'>
        <div id='message'>
            <h1>502</h1>
<h2><span>The service behind this page isn't responding to Azure Front Door.</span>
</h2>
<hr />
<p>Bad Gateway</p>
<p>Azure Front Door wasn't able to connect to the origin. <br> If the problem persists, use the troubleshooting steps to resolve the issue.</p>
<br />
<a href="https://learn.microsoft.com/en-us/azure/frontdoor/troubleshoot-issues" target="blank">Azure Documentation</a>
<br />
        </div>
        <div id='errorref'>
            <span>Error Info:</span><span>OriginConnectionAborted</span><br />
<span>x-azure-ref ID:</span><span>20260806T173352Z-17f44c96d874dgzjhC1WAWyvbn00000005s0000000007wdr            </span>
        </div>
    </div>
</body>
</html>

[06Aug2026 20:33:54.467] [Realms Notification Availability checker #1/ERROR] [com.mojang.realmsclient.client.RealmsClient/]: Realms http code: 502 - raw body (message failed to parse): <!DOCTYPE html PUBLIC '-//W3C//DTD XHTML 1.0 Transitional//EN' 'http://www.w3.org/TR/xhtml1/DTD/xhtml1-transitional.dtd'>
<html xmlns='http://www.w3.org/1999/xhtml'>

<head>
    <meta content='text/html; charset=utf-8' http-equiv='content-type' />
    <style type='text/css'>
        body {
            font-family: Arial;
            margin-left: 40px;
        }

        img {
            border: 0 none;
        }

        #content {
            margin-left: auto;
            margin-right: auto
        }

        #message h1 {
            font-size: 24px;
            font-weight: normal;
            color: #000000;
            margin: 34px 0px 0px 0px
        }

        #message h2 {
            font-size: 20px;
            font-weight: normal;
            color: #000000;
            margin: 34px 0px 0px 0px
        }

        #message p {
            font-size: 16px;
            color: #000000;
            margin: 8px 0px 0px 0px
        }

        #message hr {
            margin: 15px 0px
        }

        #errorref {
            font-size: 11px;
            color: #737373;
            margin-top: 41px
        }
    </style>
    <title>Service unavailable</title>
</head>

<body>
    <div id='content'>
        <div id='message'>
            <h1>502</h1>
<h2><span>The service behind this page isn't responding to Azure Front Door.</span>
</h2>
<hr />
<p>Bad Gateway</p>
<p>Azure Front Door wasn't able to connect to the origin. <br> If the problem persists, use the troubleshooting steps to resolve the issue.</p>
<br />
<a href="https://learn.microsoft.com/en-us/azure/frontdoor/troubleshoot-issues" target="blank">Azure Documentation</a>
<br />
        </div>
        <div id='errorref'>
            <span>Error Info:</span><span>OriginConnectionAborted</span><br />
<span>x-azure-ref ID:</span><span>20260806T173352Z-17f44c96d874dgzjhC1WAWyvbn00000005s0000000007wdr            </span>
        </div>
    </div>
</body>
</html>

[06Aug2026 20:33:56.575] [Render thread/WARN] [ModernFix/]: Game took 70.351 seconds to start
[06Aug2026 20:38:07.372] [Netty Client IO #0/INFO] [net.minecraftforge.client.ForgeHooksClient/CLIENTHOOKS]: Server has additional mods that may be needed on the client: dynview@ANY, smoothchunk@1.20.1-4.1, neruina@3.3.3, structureessentials@1.20.1-5.0, recipeessentials@, fastsuite@5.1.2, fastasyncworldsave@, placebo@8.6.3
[06Aug2026 20:38:07.372] [Netty Client IO #0/INFO] [net.minecraftforge.client.ForgeHooksClient/CLIENTHOOKS]: Client has mods that are missing on server: [dynamiclights, ok_zoomer, xaerolib]
[06Aug2026 20:38:07.372] [Netty Client IO #1/INFO] [net.minecraftforge.client.ForgeHooksClient/CLIENTHOOKS]: Server has additional mods that may be needed on the client: dynview@ANY, smoothchunk@1.20.1-4.1, neruina@3.3.3, structureessentials@1.20.1-5.0, recipeessentials@, fastsuite@5.1.2, fastasyncworldsave@, placebo@8.6.3
[06Aug2026 20:38:07.372] [Netty Client IO #1/INFO] [net.minecraftforge.client.ForgeHooksClient/CLIENTHOOKS]: Client has mods that are missing on server: [dynamiclights, ok_zoomer, xaerolib]
[06Aug2026 20:38:18.371] [Render thread/INFO] [FaceOfHorror/JumpscareTexturePicker/]: JumpscareTexturePicker invalidated. The pool of enabled textures will be rebuilt on next use.
[06Aug2026 20:38:18.404] [Render thread/INFO] [Entity Texture Features/]: [ETF]: emissive suffixes loaded: [_e]
[06Aug2026 20:38:18.408] [Render thread/INFO] [net.minecraft.client.gui.screens.ConnectScreen/]: Connecting to 192.168.100.17, 25565
[06Aug2026 20:38:28.834] [Render thread/ERROR] [net.minecraft.Util/]: Entity face_of_horror:harvest_moon_spirit has no attributes
[06Aug2026 20:38:28.835] [Render thread/ERROR] [net.minecraft.Util/]: Entity face_of_horror:harvest_moon_spirit has no attributes
[06Aug2026 20:38:28.835] [Render thread/ERROR] [net.minecraft.Util/]: Entity face_of_horror:harvest_moon_spirit has no attributes
[06Aug2026 20:38:28.835] [Render thread/ERROR] [net.minecraft.Util/]: Entity face_of_horror:harvest_moon_spirit has no attributes
[06Aug2026 20:38:28.835] [Render thread/ERROR] [net.minecraft.Util/]: Entity face_of_horror:harvest_moon_spirit has no attributes
[06Aug2026 20:38:28.835] [Render thread/ERROR] [net.minecraft.Util/]: Entity face_of_horror:harvest_moon_spirit has no attributes
[06Aug2026 20:38:28.835] [Render thread/ERROR] [net.minecraft.Util/]: Entity face_of_horror:harvest_moon_spirit has no attributes
[06Aug2026 20:38:28.835] [Render thread/ERROR] [net.minecraft.Util/]: Entity face_of_horror:harvest_moon_spirit has no attributes
[06Aug2026 20:38:28.835] [Render thread/ERROR] [net.minecraft.Util/]: Entity face_of_horror:harvest_moon_spirit has no attributes
[06Aug2026 20:38:28.835] [Render thread/ERROR] [net.minecraft.Util/]: Entity face_of_horror:harvest_moon_spirit has no attributes
[06Aug2026 20:38:28.835] [Render thread/ERROR] [net.minecraft.Util/]: Entity face_of_horror:harvest_moon_spirit has no attributes
[06Aug2026 20:38:28.835] [Render thread/ERROR] [net.minecraft.Util/]: Entity face_of_horror:harvest_moon_spirit has no attributes
[06Aug2026 20:38:28.835] [Render thread/ERROR] [net.minecraft.Util/]: Entity face_of_horror:harvest_moon_spirit has no attributes
[06Aug2026 20:38:28.835] [Render thread/ERROR] [net.minecraft.Util/]: Entity face_of_horror:harvest_moon_spirit has no attributes
[06Aug2026 20:38:28.835] [Render thread/ERROR] [net.minecraft.Util/]: Entity face_of_horror:harvest_moon_spirit has no attributes
[06Aug2026 20:38:28.836] [Render thread/ERROR] [net.minecraft.Util/]: Entity face_of_horror:harvest_moon_spirit has no attributes
[06Aug2026 20:38:28.836] [Render thread/ERROR] [net.minecraft.Util/]: Entity face_of_horror:harvest_moon_spirit has no attributes
[06Aug2026 20:38:28.836] [Render thread/ERROR] [net.minecraft.Util/]: Entity face_of_horror:harvest_moon_spirit has no attributes
[06Aug2026 20:38:28.836] [Render thread/ERROR] [net.minecraft.Util/]: Entity face_of_horror:harvest_moon_spirit has no attributes
[06Aug2026 20:38:28.836] [Render thread/ERROR] [net.minecraft.Util/]: Entity face_of_horror:harvest_moon_spirit has no attributes
[06Aug2026 20:38:28.836] [Render thread/ERROR] [net.minecraft.Util/]: Entity face_of_horror:harvest_moon_spirit has no attributes
[06Aug2026 20:38:28.836] [Render thread/ERROR] [net.minecraft.Util/]: Entity face_of_horror:harvest_moon_spirit has no attributes
[06Aug2026 20:38:28.836] [Render thread/ERROR] [net.minecraft.Util/]: Entity face_of_horror:harvest_moon_spirit has no attributes
[06Aug2026 20:38:28.836] [Render thread/ERROR] [net.minecraft.Util/]: Entity face_of_horror:harvest_moon_spirit has no attributes
[06Aug2026 20:38:28.836] [Render thread/ERROR] [net.minecraft.Util/]: Entity face_of_horror:harvest_moon_spirit has no attributes
[06Aug2026 20:38:28.836] [Render thread/ERROR] [net.minecraft.Util/]: Entity face_of_horror:harvest_moon_spirit has no attributes
[06Aug2026 20:38:28.836] [Render thread/ERROR] [net.minecraft.Util/]: Entity face_of_horror:harvest_moon_spirit has no attributes
[06Aug2026 20:38:28.837] [Render thread/ERROR] [net.minecraft.Util/]: Entity face_of_horror:harvest_moon_spirit has no attributes
[06Aug2026 20:38:28.837] [Render thread/ERROR] [net.minecraft.Util/]: Entity face_of_horror:harvest_moon_spirit has no attributes
[06Aug2026 20:38:28.837] [Render thread/ERROR] [net.minecraft.Util/]: Entity face_of_horror:harvest_moon_spirit has no attributes
[06Aug2026 20:38:28.837] [Render thread/ERROR] [net.minecraft.Util/]: Entity face_of_horror:harvest_moon_spirit has no attributes
[06Aug2026 20:38:28.837] [Render thread/ERROR] [net.minecraft.Util/]: Entity face_of_horror:harvest_moon_spirit has no attributes
[06Aug2026 20:38:28.837] [Render thread/ERROR] [net.minecraft.Util/]: Entity face_of_horror:harvest_moon_spirit has no attributes
[06Aug2026 20:38:28.837] [Render thread/ERROR] [net.minecraft.Util/]: Entity face_of_horror:harvest_moon_spirit has no attributes
[06Aug2026 20:38:28.837] [Render thread/ERROR] [net.minecraft.Util/]: Entity face_of_horror:harvest_moon_spirit has no attributes
[06Aug2026 20:38:28.837] [Render thread/ERROR] [net.minecraft.Util/]: Entity face_of_horror:harvest_moon_spirit has no attributes
[06Aug2026 20:38:28.837] [Render thread/ERROR] [net.minecraft.Util/]: Entity face_of_horror:harvest_moon_spirit has no attributes
[06Aug2026 20:38:28.837] [Render thread/ERROR] [net.minecraft.Util/]: Entity face_of_horror:harvest_moon_spirit has no attributes
[06Aug2026 20:38:28.838] [Render thread/ERROR] [net.minecraft.Util/]: Entity face_of_horror:harvest_moon_spirit has no attributes
[06Aug2026 20:38:28.838] [Render thread/ERROR] [net.minecraft.Util/]: Entity face_of_horror:harvest_moon_spirit has no attributes
[06Aug2026 20:38:28.838] [Render thread/ERROR] [net.minecraft.Util/]: Entity face_of_horror:harvest_moon_spirit has no attributes
[06Aug2026 20:38:28.838] [Render thread/ERROR] [net.minecraft.Util/]: Entity face_of_horror:harvest_moon_spirit has no attributes
[06Aug2026 20:38:28.838] [Render thread/ERROR] [net.minecraft.Util/]: Entity face_of_horror:harvest_moon_spirit has no attributes
[06Aug2026 20:38:28.838] [Render thread/ERROR] [net.minecraft.Util/]: Entity face_of_horror:harvest_moon_spirit has no attributes
[06Aug2026 20:38:28.838] [Render thread/ERROR] [net.minecraft.Util/]: Entity face_of_horror:harvest_moon_spirit has no attributes
[06Aug2026 20:38:28.838] [Render thread/ERROR] [net.minecraft.Util/]: Entity face_of_horror:harvest_moon_spirit has no attributes
[06Aug2026 20:38:28.838] [Render thread/ERROR] [net.minecraft.Util/]: Entity face_of_horror:harvest_moon_spirit has no attributes
[06Aug2026 20:38:28.838] [Render thread/ERROR] [net.minecraft.Util/]: Entity face_of_horror:harvest_moon_spirit has no attributes
[06Aug2026 20:38:28.838] [Render thread/ERROR] [net.minecraft.Util/]: Entity face_of_horror:harvest_moon_spirit has no attributes
[06Aug2026 20:38:28.838] [Render thread/ERROR] [net.minecraft.Util/]: Entity face_of_horror:harvest_moon_spirit has no attributes
[06Aug2026 20:38:28.838] [Render thread/ERROR] [net.minecraft.Util/]: Entity face_of_horror:harvest_moon_spirit has no attributes
[06Aug2026 20:38:28.839] [Render thread/ERROR] [net.minecraft.Util/]: Entity face_of_horror:harvest_moon_spirit has no attributes
[06Aug2026 20:38:28.839] [Render thread/ERROR] [net.minecraft.Util/]: Entity face_of_horror:harvest_moon_spirit has no attributes
[06Aug2026 20:38:28.839] [Render thread/ERROR] [net.minecraft.Util/]: Entity face_of_horror:harvest_moon_spirit has no attributes
[06Aug2026 20:38:28.839] [Render thread/ERROR] [net.minecraft.Util/]: Entity face_of_horror:harvest_moon_spirit has no attributes
[06Aug2026 20:38:28.839] [Render thread/ERROR] [net.minecraft.Util/]: Entity face_of_horror:harvest_moon_spirit has no attributes
[06Aug2026 20:38:28.839] [Render thread/ERROR] [net.minecraft.Util/]: Entity face_of_horror:harvest_moon_spirit has no attributes
[06Aug2026 20:38:28.839] [Render thread/ERROR] [net.minecraft.Util/]: Entity face_of_horror:harvest_moon_spirit has no attributes
[06Aug2026 20:38:28.839] [Render thread/ERROR] [net.minecraft.Util/]: Entity face_of_horror:harvest_moon_spirit has no attributes
[06Aug2026 20:38:28.839] [Render thread/ERROR] [net.minecraft.Util/]: Entity face_of_horror:harvest_moon_spirit has no attributes
[06Aug2026 20:38:28.839] [Render thread/ERROR] [net.minecraft.Util/]: Entity face_of_horror:harvest_moon_spirit has no attributes
[06Aug2026 20:38:28.839] [Render thread/ERROR] [net.minecraft.Util/]: Entity face_of_horror:harvest_moon_spirit has no attributes
[06Aug2026 20:38:28.839] [Render thread/ERROR] [net.minecraft.Util/]: Entity face_of_horror:harvest_moon_spirit has no attributes
[06Aug2026 20:38:28.840] [Render thread/ERROR] [net.minecraft.Util/]: Entity face_of_horror:harvest_moon_spirit has no attributes
[06Aug2026 20:38:28.840] [Render thread/ERROR] [net.minecraft.Util/]: Entity face_of_horror:harvest_moon_spirit has no attributes
[06Aug2026 20:38:28.840] [Render thread/ERROR] [net.minecraft.Util/]: Entity face_of_horror:harvest_moon_spirit has no attributes
[06Aug2026 20:38:28.840] [Render thread/ERROR] [net.minecraft.Util/]: Entity face_of_horror:harvest_moon_spirit has no attributes
[06Aug2026 20:38:28.840] [Render thread/ERROR] [net.minecraft.Util/]: Entity face_of_horror:harvest_moon_spirit has no attributes
[06Aug2026 20:38:28.840] [Render thread/ERROR] [net.minecraft.Util/]: Entity face_of_horror:harvest_moon_spirit has no attributes
[06Aug2026 20:38:28.840] [Render thread/ERROR] [net.minecraft.Util/]: Entity face_of_horror:harvest_moon_spirit has no attributes
[06Aug2026 20:38:28.840] [Render thread/ERROR] [net.minecraft.Util/]: Entity face_of_horror:harvest_moon_spirit has no attributes
[06Aug2026 20:38:28.840] [Render thread/ERROR] [net.minecraft.Util/]: Entity face_of_horror:harvest_moon_spirit has no attributes
[06Aug2026 20:38:28.840] [Render thread/ERROR] [net.minecraft.Util/]: Entity face_of_horror:harvest_moon_spirit has no attributes
[06Aug2026 20:38:28.840] [Render thread/ERROR] [net.minecraft.Util/]: Entity face_of_horror:harvest_moon_spirit has no attributes
[06Aug2026 20:38:28.841] [Render thread/ERROR] [net.minecraft.Util/]: Entity face_of_horror:harvest_moon_spirit has no attributes
[06Aug2026 20:38:28.841] [Render thread/ERROR] [net.minecraft.Util/]: Entity face_of_horror:harvest_moon_spirit has no attributes
[06Aug2026 20:38:28.841] [Render thread/ERROR] [net.minecraft.Util/]: Entity face_of_horror:harvest_moon_spirit has no attributes
[06Aug2026 20:38:28.841] [Render thread/ERROR] [net.minecraft.Util/]: Entity face_of_horror:harvest_moon_spirit has no attributes
[06Aug2026 20:38:28.841] [Render thread/ERROR] [net.minecraft.Util/]: Entity face_of_horror:harvest_moon_spirit has no attributes
[06Aug2026 20:38:28.841] [Render thread/ERROR] [net.minecraft.Util/]: Entity face_of_horror:harvest_moon_spirit has no attributes
[06Aug2026 20:38:28.841] [Render thread/ERROR] [net.minecraft.Util/]: Entity face_of_horror:harvest_moon_spirit has no attributes
[06Aug2026 20:38:28.841] [Render thread/ERROR] [net.minecraft.Util/]: Entity face_of_horror:harvest_moon_spirit has no attributes
[06Aug2026 20:38:28.841] [Render thread/ERROR] [net.minecraft.Util/]: Entity face_of_horror:harvest_moon_spirit has no attributes
[06Aug2026 20:38:28.841] [Render thread/ERROR] [net.minecraft.Util/]: Entity face_of_horror:harvest_moon_spirit has no attributes
[06Aug2026 20:38:28.841] [Render thread/ERROR] [net.minecraft.Util/]: Entity face_of_horror:harvest_moon_spirit has no attributes
[06Aug2026 20:38:28.841] [Render thread/ERROR] [net.minecraft.Util/]: Entity face_of_horror:harvest_moon_spirit has no attributes
[06Aug2026 20:38:28.841] [Render thread/ERROR] [net.minecraft.Util/]: Entity face_of_horror:harvest_moon_spirit has no attributes
[06Aug2026 20:38:28.842] [Render thread/ERROR] [net.minecraft.Util/]: Entity face_of_horror:harvest_moon_spirit has no attributes
[06Aug2026 20:38:28.842] [Render thread/ERROR] [net.minecraft.Util/]: Entity face_of_horror:harvest_moon_spirit has no attributes
[06Aug2026 20:38:28.842] [Render thread/ERROR] [net.minecraft.Util/]: Entity face_of_horror:harvest_moon_spirit has no attributes
[06Aug2026 20:38:28.842] [Render thread/ERROR] [net.minecraft.Util/]: Entity face_of_horror:harvest_moon_spirit has no attributes
[06Aug2026 20:38:28.842] [Render thread/ERROR] [net.minecraft.Util/]: Entity face_of_horror:harvest_moon_spirit has no attributes
[06Aug2026 20:38:28.842] [Render thread/ERROR] [net.minecraft.Util/]: Entity face_of_horror:harvest_moon_spirit has no attributes
[06Aug2026 20:38:28.842] [Render thread/ERROR] [net.minecraft.Util/]: Entity face_of_horror:harvest_moon_spirit has no attributes
[06Aug2026 20:38:28.842] [Render thread/ERROR] [net.minecraft.Util/]: Entity face_of_horror:harvest_moon_spirit has no attributes
[06Aug2026 20:38:28.842] [Render thread/ERROR] [net.minecraft.Util/]: Entity face_of_horror:harvest_moon_spirit has no attributes
[06Aug2026 20:38:28.842] [Render thread/ERROR] [net.minecraft.Util/]: Entity face_of_horror:harvest_moon_spirit has no attributes
[06Aug2026 20:38:29.418] [Netty Client IO #2/WARN] [net.minecraftforge.common.ForgeConfigSpec/CORE]: Configuration file SimpleCommentedConfig:{averageOverworldRiftSpawnTicks=500, averageMidnightLightningSpawnTicks=500, chanceMidnightLightningCreatesRift=0.3} is not correct. Correcting
[06Aug2026 20:38:29.419] [Netty Client IO #2/WARN] [net.minecraftforge.common.ForgeConfigSpec/CORE]: Incorrect key chanceMidnightLightningCreatesRift was corrected from 0.3 to its default, 0.3. 
[06Aug2026 20:38:29.422] [Netty Client IO #2/INFO] [de.cadentem.cave_crawler.CaveCrawler/]: Server configuration has been reloaded
[06Aug2026 20:38:29.425] [Netty Client IO #2/INFO] [de.cadentem.skinstalker.Skinstalker/]: Server configuration has been reloaded
[06Aug2026 20:38:29.427] [Netty Client IO #2/INFO] [de.cadentem.cave_dweller.CaveDweller/]: Server configuration has been reloaded
[06Aug2026 20:38:29.430] [Netty Client IO #2/INFO] [de.cadentem.themimic_er.Mimicer/]: Server configuration has been reloaded
[06Aug2026 20:38:29.439] [Netty Client IO #2/INFO] [de.cadentem.cant_breathe.CantBreathe/]: Server configuration has been reloaded
[06Aug2026 20:38:29.446] [Netty Client IO #2/INFO] [de.cadentem.goatman.GoatMan/]: Server configuration has been reloaded
[06Aug2026 20:38:29.448] [Netty Client IO #2/INFO] [de.cadentem.the_origin.TheOrigin/]: Server configuration has been reloaded
[06Aug2026 20:38:29.449] [Netty Client IO #2/INFO] [de.cadentem.pale_hound.PaleHound/]: Server configuration has been reloaded
[06Aug2026 20:38:29.576] [Netty Client IO #2/INFO] [net.minecraftforge.network.NetworkHooks/]: Connected to a modded server.
[06Aug2026 20:38:59.683] [Render thread/INFO] [FaceOfHorror/JumpscareTexturePicker/]: JumpscareTexturePicker invalidated. The pool of enabled textures will be rebuilt on next use.
[06Aug2026 20:38:59.752] [Render thread/INFO] [Entity Texture Features/]: [ETF]: emissive suffixes loaded: [_e]
[06Aug2026 20:43:04.814] [Netty Client IO #9/INFO] [net.minecraftforge.client.ForgeHooksClient/CLIENTHOOKS]: Server has additional mods that may be needed on the client: dynview@ANY, smoothchunk@1.20.1-4.1, neruina@3.3.3, structureessentials@1.20.1-5.0, recipeessentials@, fastsuite@5.1.2, fastasyncworldsave@, placebo@8.6.3
[06Aug2026 20:43:04.814] [Netty Client IO #9/INFO] [net.minecraftforge.client.ForgeHooksClient/CLIENTHOOKS]: Client has mods that are missing on server: [dynamiclights, ok_zoomer, xaerolib]
[06Aug2026 20:43:32.151] [Render thread/INFO] [FaceOfHorror/JumpscareTexturePicker/]: JumpscareTexturePicker invalidated. The pool of enabled textures will be rebuilt on next use.
[06Aug2026 20:43:32.165] [Render thread/INFO] [Entity Texture Features/]: [ETF]: emissive suffixes loaded: [_e]
[06Aug2026 20:43:32.169] [Render thread/INFO] [net.minecraft.client.gui.screens.ConnectScreen/]: Connecting to 192.168.100.17, 25565
[06Aug2026 20:43:40.758] [Render thread/ERROR] [net.minecraft.Util/]: Entity face_of_horror:harvest_moon_spirit has no attributes
[06Aug2026 20:43:40.758] [Render thread/ERROR] [net.minecraft.Util/]: Entity face_of_horror:harvest_moon_spirit has no attributes
[06Aug2026 20:43:40.759] [Render thread/ERROR] [net.minecraft.Util/]: Entity face_of_horror:harvest_moon_spirit has no attributes
[06Aug2026 20:43:40.759] [Render thread/ERROR] [net.minecraft.Util/]: Entity face_of_horror:harvest_moon_spirit has no attributes
[06Aug2026 20:43:40.759] [Render thread/ERROR] [net.minecraft.Util/]: Entity face_of_horror:harvest_moon_spirit has no attributes
[06Aug2026 20:43:40.759] [Render thread/ERROR] [net.minecraft.Util/]: Entity face_of_horror:harvest_moon_spirit has no attributes
[06Aug2026 20:43:40.759] [Render thread/ERROR] [net.minecraft.Util/]: Entity face_of_horror:harvest_moon_spirit has no attributes
[06Aug2026 20:43:40.759] [Render thread/ERROR] [net.minecraft.Util/]: Entity face_of_horror:harvest_moon_spirit has no attributes
[06Aug2026 20:43:40.759] [Render thread/ERROR] [net.minecraft.Util/]: Entity face_of_horror:harvest_moon_spirit has no attributes
[06Aug2026 20:43:40.759] [Render thread/ERROR] [net.minecraft.Util/]: Entity face_of_horror:harvest_moon_spirit has no attributes
[06Aug2026 20:43:40.759] [Render thread/ERROR] [net.minecraft.Util/]: Entity face_of_horror:harvest_moon_spirit has no attributes
[06Aug2026 20:43:40.760] [Render thread/ERROR] [net.minecraft.Util/]: Entity face_of_horror:harvest_moon_spirit has no attributes
[06Aug2026 20:43:40.760] [Render thread/ERROR] [net.minecraft.Util/]: Entity face_of_horror:harvest_moon_spirit has no attributes
[06Aug2026 20:43:40.760] [Render thread/ERROR] [net.minecraft.Util/]: Entity face_of_horror:harvest_moon_spirit has no attributes
[06Aug2026 20:43:40.760] [Render thread/ERROR] [net.minecraft.Util/]: Entity face_of_horror:harvest_moon_spirit has no attributes
[06Aug2026 20:43:40.761] [Render thread/ERROR] [net.minecraft.Util/]: Entity face_of_horror:harvest_moon_spirit has no attributes
[06Aug2026 20:43:40.761] [Render thread/ERROR] [net.minecraft.Util/]: Entity face_of_horror:harvest_moon_spirit has no attributes
[06Aug2026 20:43:40.761] [Render thread/ERROR] [net.minecraft.Util/]: Entity face_of_horror:harvest_moon_spirit has no attributes
[06Aug2026 20:43:40.761] [Render thread/ERROR] [net.minecraft.Util/]: Entity face_of_horror:harvest_moon_spirit has no attributes
[06Aug2026 20:43:40.761] [Render thread/ERROR] [net.minecraft.Util/]: Entity face_of_horror:harvest_moon_spirit has no attributes
[06Aug2026 20:43:40.761] [Render thread/ERROR] [net.minecraft.Util/]: Entity face_of_horror:harvest_moon_spirit has no attributes
[06Aug2026 20:43:40.761] [Render thread/ERROR] [net.minecraft.Util/]: Entity face_of_horror:harvest_moon_spirit has no attributes
[06Aug2026 20:43:40.762] [Render thread/ERROR] [net.minecraft.Util/]: Entity face_of_horror:harvest_moon_spirit has no attributes
[06Aug2026 20:43:40.762] [Render thread/ERROR] [net.minecraft.Util/]: Entity face_of_horror:harvest_moon_spirit has no attributes
[06Aug2026 20:43:40.762] [Render thread/ERROR] [net.minecraft.Util/]: Entity face_of_horror:harvest_moon_spirit has no attributes
[06Aug2026 20:43:40.762] [Render thread/ERROR] [net.minecraft.Util/]: Entity face_of_horror:harvest_moon_spirit has no attributes
[06Aug2026 20:43:40.762] [Render thread/ERROR] [net.minecraft.Util/]: Entity face_of_horror:harvest_moon_spirit has no attributes
[06Aug2026 20:43:40.762] [Render thread/ERROR] [net.minecraft.Util/]: Entity face_of_horror:harvest_moon_spirit has no attributes
[06Aug2026 20:43:40.762] [Render thread/ERROR] [net.minecraft.Util/]: Entity face_of_horror:harvest_moon_spirit has no attributes
[06Aug2026 20:43:40.762] [Render thread/ERROR] [net.minecraft.Util/]: Entity face_of_horror:harvest_moon_spirit has no attributes
[06Aug2026 20:43:40.763] [Render thread/ERROR] [net.minecraft.Util/]: Entity face_of_horror:harvest_moon_spirit has no attributes
[06Aug2026 20:43:40.763] [Render thread/ERROR] [net.minecraft.Util/]: Entity face_of_horror:harvest_moon_spirit has no attributes
[06Aug2026 20:43:40.763] [Render thread/ERROR] [net.minecraft.Util/]: Entity face_of_horror:harvest_moon_spirit has no attributes
[06Aug2026 20:43:40.763] [Render thread/ERROR] [net.minecraft.Util/]: Entity face_of_horror:harvest_moon_spirit has no attributes
[06Aug2026 20:43:40.763] [Render thread/ERROR] [net.minecraft.Util/]: Entity face_of_horror:harvest_moon_spirit has no attributes
[06Aug2026 20:43:40.763] [Render thread/ERROR] [net.minecraft.Util/]: Entity face_of_horror:harvest_moon_spirit has no attributes
[06Aug2026 20:43:40.763] [Render thread/ERROR] [net.minecraft.Util/]: Entity face_of_horror:harvest_moon_spirit has no attributes
[06Aug2026 20:43:40.763] [Render thread/ERROR] [net.minecraft.Util/]: Entity face_of_horror:harvest_moon_spirit has no attributes
[06Aug2026 20:43:40.763] [Render thread/ERROR] [net.minecraft.Util/]: Entity face_of_horror:harvest_moon_spirit has no attributes
[06Aug2026 20:43:40.764] [Render thread/ERROR] [net.minecraft.Util/]: Entity face_of_horror:harvest_moon_spirit has no attributes
[06Aug2026 20:43:40.764] [Render thread/ERROR] [net.minecraft.Util/]: Entity face_of_horror:harvest_moon_spirit has no attributes
[06Aug2026 20:43:40.764] [Render thread/ERROR] [net.minecraft.Util/]: Entity face_of_horror:harvest_moon_spirit has no attributes
[06Aug2026 20:43:40.764] [Render thread/ERROR] [net.minecraft.Util/]: Entity face_of_horror:harvest_moon_spirit has no attributes
[06Aug2026 20:43:40.764] [Render thread/ERROR] [net.minecraft.Util/]: Entity face_of_horror:harvest_moon_spirit has no attributes
[06Aug2026 20:43:40.764] [Render thread/ERROR] [net.minecraft.Util/]: Entity face_of_horror:harvest_moon_spirit has no attributes
[06Aug2026 20:43:40.764] [Render thread/ERROR] [net.minecraft.Util/]: Entity face_of_horror:harvest_moon_spirit has no attributes
[06Aug2026 20:43:40.764] [Render thread/ERROR] [net.minecraft.Util/]: Entity face_of_horror:harvest_moon_spirit has no attributes
[06Aug2026 20:43:40.765] [Render thread/ERROR] [net.minecraft.Util/]: Entity face_of_horror:harvest_moon_spirit has no attributes
[06Aug2026 20:43:40.765] [Render thread/ERROR] [net.minecraft.Util/]: Entity face_of_horror:harvest_moon_spirit has no attributes
[06Aug2026 20:43:40.765] [Render thread/ERROR] [net.minecraft.Util/]: Entity face_of_horror:harvest_moon_spirit has no attributes
[06Aug2026 20:43:40.765] [Render thread/ERROR] [net.minecraft.Util/]: Entity face_of_horror:harvest_moon_spirit has no attributes
[06Aug2026 20:43:40.765] [Render thread/ERROR] [net.minecraft.Util/]: Entity face_of_horror:harvest_moon_spirit has no attributes
[06Aug2026 20:43:40.765] [Render thread/ERROR] [net.minecraft.Util/]: Entity face_of_horror:harvest_moon_spirit has no attributes
[06Aug2026 20:43:40.765] [Render thread/ERROR] [net.minecraft.Util/]: Entity face_of_horror:harvest_moon_spirit has no attributes
[06Aug2026 20:43:40.765] [Render thread/ERROR] [net.minecraft.Util/]: Entity face_of_horror:harvest_moon_spirit has no attributes
[06Aug2026 20:43:40.766] [Render thread/ERROR] [net.minecraft.Util/]: Entity face_of_horror:harvest_moon_spirit has no attributes
[06Aug2026 20:43:40.766] [Render thread/ERROR] [net.minecraft.Util/]: Entity face_of_horror:harvest_moon_spirit has no attributes
[06Aug2026 20:43:40.766] [Render thread/ERROR] [net.minecraft.Util/]: Entity face_of_horror:harvest_moon_spirit has no attributes
[06Aug2026 20:43:40.766] [Render thread/ERROR] [net.minecraft.Util/]: Entity face_of_horror:harvest_moon_spirit has no attributes
[06Aug2026 20:43:40.766] [Render thread/ERROR] [net.minecraft.Util/]: Entity face_of_horror:harvest_moon_spirit has no attributes
[06Aug2026 20:43:40.766] [Render thread/ERROR] [net.minecraft.Util/]: Entity face_of_horror:harvest_moon_spirit has no attributes
[06Aug2026 20:43:40.766] [Render thread/ERROR] [net.minecraft.Util/]: Entity face_of_horror:harvest_moon_spirit has no attributes
[06Aug2026 20:43:40.766] [Render thread/ERROR] [net.minecraft.Util/]: Entity face_of_horror:harvest_moon_spirit has no attributes
[06Aug2026 20:43:40.767] [Render thread/ERROR] [net.minecraft.Util/]: Entity face_of_horror:harvest_moon_spirit has no attributes
[06Aug2026 20:43:40.767] [Render thread/ERROR] [net.minecraft.Util/]: Entity face_of_horror:harvest_moon_spirit has no attributes
[06Aug2026 20:43:40.767] [Render thread/ERROR] [net.minecraft.Util/]: Entity face_of_horror:harvest_moon_spirit has no attributes
[06Aug2026 20:43:40.767] [Render thread/ERROR] [net.minecraft.Util/]: Entity face_of_horror:harvest_moon_spirit has no attributes
[06Aug2026 20:43:40.767] [Render thread/ERROR] [net.minecraft.Util/]: Entity face_of_horror:harvest_moon_spirit has no attributes
[06Aug2026 20:43:40.767] [Render thread/ERROR] [net.minecraft.Util/]: Entity face_of_horror:harvest_moon_spirit has no attributes
[06Aug2026 20:43:40.768] [Render thread/ERROR] [net.minecraft.Util/]: Entity face_of_horror:harvest_moon_spirit has no attributes
[06Aug2026 20:43:40.768] [Render thread/ERROR] [net.minecraft.Util/]: Entity face_of_horror:harvest_moon_spirit has no attributes
[06Aug2026 20:43:40.768] [Render thread/ERROR] [net.minecraft.Util/]: Entity face_of_horror:harvest_moon_spirit has no attributes
[06Aug2026 20:43:40.768] [Render thread/ERROR] [net.minecraft.Util/]: Entity face_of_horror:harvest_moon_spirit has no attributes
[06Aug2026 20:43:40.768] [Render thread/ERROR] [net.minecraft.Util/]: Entity face_of_horror:harvest_moon_spirit has no attributes
[06Aug2026 20:43:40.768] [Render thread/ERROR] [net.minecraft.Util/]: Entity face_of_horror:harvest_moon_spirit has no attributes
[06Aug2026 20:43:40.768] [Render thread/ERROR] [net.minecraft.Util/]: Entity face_of_horror:harvest_moon_spirit has no attributes
[06Aug2026 20:43:40.768] [Render thread/ERROR] [net.minecraft.Util/]: Entity face_of_horror:harvest_moon_spirit has no attributes
[06Aug2026 20:43:40.769] [Render thread/ERROR] [net.minecraft.Util/]: Entity face_of_horror:harvest_moon_spirit has no attributes
[06Aug2026 20:43:40.769] [Render thread/ERROR] [net.minecraft.Util/]: Entity face_of_horror:harvest_moon_spirit has no attributes
[06Aug2026 20:43:40.769] [Render thread/ERROR] [net.minecraft.Util/]: Entity face_of_horror:harvest_moon_spirit has no attributes
[06Aug2026 20:43:40.769] [Render thread/ERROR] [net.minecraft.Util/]: Entity face_of_horror:harvest_moon_spirit has no attributes
[06Aug2026 20:43:40.769] [Render thread/ERROR] [net.minecraft.Util/]: Entity face_of_horror:harvest_moon_spirit has no attributes
[06Aug2026 20:43:40.769] [Render thread/ERROR] [net.minecraft.Util/]: Entity face_of_horror:harvest_moon_spirit has no attributes
[06Aug2026 20:43:40.769] [Render thread/ERROR] [net.minecraft.Util/]: Entity face_of_horror:harvest_moon_spirit has no attributes
[06Aug2026 20:43:40.769] [Render thread/ERROR] [net.minecraft.Util/]: Entity face_of_horror:harvest_moon_spirit has no attributes
[06Aug2026 20:43:40.769] [Render thread/ERROR] [net.minecraft.Util/]: Entity face_of_horror:harvest_moon_spirit has no attributes
[06Aug2026 20:43:40.769] [Render thread/ERROR] [net.minecraft.Util/]: Entity face_of_horror:harvest_moon_spirit has no attributes
[06Aug2026 20:43:40.769] [Render thread/ERROR] [net.minecraft.Util/]: Entity face_of_horror:harvest_moon_spirit has no attributes
[06Aug2026 20:43:40.770] [Render thread/ERROR] [net.minecraft.Util/]: Entity face_of_horror:harvest_moon_spirit has no attributes
[06Aug2026 20:43:40.770] [Render thread/ERROR] [net.minecraft.Util/]: Entity face_of_horror:harvest_moon_spirit has no attributes
[06Aug2026 20:43:40.770] [Render thread/ERROR] [net.minecraft.Util/]: Entity face_of_horror:harvest_moon_spirit has no attributes
[06Aug2026 20:43:40.770] [Render thread/ERROR] [net.minecraft.Util/]: Entity face_of_horror:harvest_moon_spirit has no attributes
[06Aug2026 20:43:40.770] [Render thread/ERROR] [net.minecraft.Util/]: Entity face_of_horror:harvest_moon_spirit has no attributes
[06Aug2026 20:43:40.770] [Render thread/ERROR] [net.minecraft.Util/]: Entity face_of_horror:harvest_moon_spirit has no attributes
[06Aug2026 20:43:40.770] [Render thread/ERROR] [net.minecraft.Util/]: Entity face_of_horror:harvest_moon_spirit has no attributes
[06Aug2026 20:43:40.770] [Render thread/ERROR] [net.minecraft.Util/]: Entity face_of_horror:harvest_moon_spirit has no attributes
[06Aug2026 20:43:40.771] [Render thread/ERROR] [net.minecraft.Util/]: Entity face_of_horror:harvest_moon_spirit has no attributes
[06Aug2026 20:43:41.323] [Netty Client IO #10/WARN] [net.minecraftforge.common.ForgeConfigSpec/CORE]: Configuration file SimpleCommentedConfig:{averageOverworldRiftSpawnTicks=500, averageMidnightLightningSpawnTicks=500, chanceMidnightLightningCreatesRift=0.3} is not correct. Correcting
[06Aug2026 20:43:41.323] [Netty Client IO #10/WARN] [net.minecraftforge.common.ForgeConfigSpec/CORE]: Incorrect key chanceMidnightLightningCreatesRift was corrected from 0.3 to its default, 0.3. 
[06Aug2026 20:43:41.324] [Netty Client IO #10/INFO] [de.cadentem.cave_crawler.CaveCrawler/]: Server configuration has been reloaded
[06Aug2026 20:43:41.326] [Netty Client IO #10/INFO] [de.cadentem.skinstalker.Skinstalker/]: Server configuration has been reloaded
[06Aug2026 20:43:41.326] [Netty Client IO #10/INFO] [de.cadentem.cave_dweller.CaveDweller/]: Server configuration has been reloaded
[06Aug2026 20:43:41.329] [Netty Client IO #10/INFO] [de.cadentem.themimic_er.Mimicer/]: Server configuration has been reloaded
[06Aug2026 20:43:41.335] [Netty Client IO #10/INFO] [de.cadentem.cant_breathe.CantBreathe/]: Server configuration has been reloaded
[06Aug2026 20:43:41.341] [Netty Client IO #10/INFO] [de.cadentem.goatman.GoatMan/]: Server configuration has been reloaded
[06Aug2026 20:43:41.342] [Netty Client IO #10/INFO] [de.cadentem.the_origin.TheOrigin/]: Server configuration has been reloaded
[06Aug2026 20:43:41.342] [Netty Client IO #10/INFO] [de.cadentem.pale_hound.PaleHound/]: Server configuration has been reloaded
[06Aug2026 20:43:41.439] [Netty Client IO #10/INFO] [net.minecraftforge.network.NetworkHooks/]: Connected to a modded server.
[06Aug2026 20:43:44.607] [Render thread/INFO] [xaero.hud.minimap.MinimapLogs/]: Minimap required item set to nothing.
[06Aug2026 20:43:44.607] [Render thread/INFO] [xaero.hud.minimap.MinimapLogs/]: New Xaero hud session initialized!
[06Aug2026 20:43:44.910] [Render thread/WARN] [net.arphex.ArphexMod/]: [WORLD LOAD] Dimension: minecraft:overworld
[06Aug2026 20:43:44.927] [Render thread/INFO] [incontrol/]: Reading rules from areas.json
[06Aug2026 20:43:44.936] [Render thread/INFO] [incontrol/]: Reading rules from spawn.json
[06Aug2026 20:43:44.938] [Render thread/INFO] [incontrol/]: Reading rules from summonaid.json
[06Aug2026 20:43:44.940] [Render thread/INFO] [incontrol/]: Reading rules from loot.json
[06Aug2026 20:43:44.942] [Render thread/INFO] [incontrol/]: Reading rules from experience.json
[06Aug2026 20:43:44.943] [Render thread/INFO] [incontrol/]: Reading rules from phases.json
[06Aug2026 20:43:44.943] [Render thread/INFO] [incontrol/]: Reading rules from effects.json
[06Aug2026 20:43:44.944] [Render thread/INFO] [incontrol/]: Reading rules from breakevents.json
[06Aug2026 20:43:44.945] [Render thread/INFO] [incontrol/]: Reading rules from placeevents.json
[06Aug2026 20:43:44.947] [Render thread/INFO] [incontrol/]: Reading rules from rightclicks.json
[06Aug2026 20:43:44.948] [Render thread/INFO] [incontrol/]: Reading rules from leftclicks.json
[06Aug2026 20:43:44.952] [Render thread/INFO] [incontrol/]: Reading rules from spawner.json
[06Aug2026 20:43:44.954] [Render thread/INFO] [incontrol/]: Reading rules from events.json
[06Aug2026 20:43:45.058] [Render thread/WARN] [mixin/]: Error loading class: net/fabricmc/fabric/api/blockview/v2/FabricBlockView (java.lang.ClassNotFoundException: net.fabricmc.fabric.api.blockview.v2.FabricBlockView)
[06Aug2026 20:43:45.070] [Render thread/WARN] [mixin/]: Error loading class: net/fabricmc/fabric/api/rendering/data/v1/RenderAttachedBlockView (java.lang.ClassNotFoundException: net.fabricmc.fabric.api.rendering.data.v1.RenderAttachedBlockView)
[06Aug2026 20:43:45.118] [Render thread/WARN] [Embeddium-MixinTaintDetector/]: Mod(s) [cullleaves] are modifying Embeddium class me.jellysquid.mods.sodium.client.render.chunk.compile.pipeline.BlockRenderer, which may cause instability.
[06Aug2026 20:43:45.136] [Render thread/WARN] [Embeddium-MixinTaintDetector/]: Mod(s) [supplementaries] are modifying Embeddium class me.jellysquid.mods.sodium.client.render.chunk.compile.pipeline.FluidRenderer, which may cause instability.
[06Aug2026 20:43:45.149] [Render thread/INFO] [ChunkBuilder/]: Started 4 worker threads
[06Aug2026 20:43:45.609] [Render thread/INFO] [mezz.jei.forge.startup.StartEventObserver/]: JEI StartEventObserver received class net.minecraftforge.client.event.ClientPlayerNetworkEvent$LoggingIn
[06Aug2026 20:43:45.610] [Render thread/INFO] [mezz.jei.forge.startup.StartEventObserver/]: JEI StartEventObserver transitioning state from DISABLED to ENABLED
[06Aug2026 20:43:45.643] [Render thread/INFO] [flywheel/]: Started 10 worker threads
[06Aug2026 20:43:45.716] [Render thread/INFO] [ModdingLegacy/blue_skies/]: Recieved ToolHandleTypeManager from the server
[06Aug2026 20:43:45.716] [Render thread/INFO] [ModdingLegacy/blue_skies/]: Recieved SnowcapOvenFreezingManager from the server
[06Aug2026 20:43:45.716] [Render thread/INFO] [ModdingLegacy/blue_skies/]: Recieved HorizoniteForgeFuelManager from the server
[06Aug2026 20:43:45.716] [Render thread/INFO] [ModdingLegacy/blue_skies/]: Recieved AlchemyRecipeManager from the server
[06Aug2026 20:43:45.716] [Render thread/INFO] [ModdingLegacy/blue_skies/]: Recieved JournalEntryManager from the server
[06Aug2026 20:43:45.716] [Render thread/INFO] [ModdingLegacy/blue_skies/]: Recieved JournalSectionManager from the server
[06Aug2026 20:43:45.716] [Render thread/INFO] [ModdingLegacy/blue_skies/]: Recieved JournalRequirementManager from the server
[06Aug2026 20:43:45.716] [Render thread/INFO] [STDOUT/]: [com.st0x0ef.beyond_earth.common.util.Planets$CelestialBody:addChild:406]: Adding child mercury to sun
[06Aug2026 20:43:45.716] [Render thread/INFO] [STDOUT/]: [com.st0x0ef.beyond_earth.common.util.Planets$CelestialBody:addChild:406]: Adding child venus to sun
[06Aug2026 20:43:45.716] [Render thread/INFO] [STDOUT/]: [com.st0x0ef.beyond_earth.common.util.Planets$CelestialBody:addChild:406]: Adding child moon to earth
[06Aug2026 20:43:45.716] [Render thread/INFO] [STDOUT/]: [com.st0x0ef.beyond_earth.common.util.Planets$CelestialBody:addChild:406]: Adding child earth to sun
[06Aug2026 20:43:45.716] [Render thread/INFO] [STDOUT/]: [com.st0x0ef.beyond_earth.common.util.Planets$CelestialBody:addChild:406]: Adding child phobos to mars
[06Aug2026 20:43:45.717] [Render thread/INFO] [STDOUT/]: [com.st0x0ef.beyond_earth.common.util.Planets$CelestialBody:addChild:406]: Adding child deimos to mars
[06Aug2026 20:43:45.717] [Render thread/INFO] [STDOUT/]: [com.st0x0ef.beyond_earth.common.util.Planets$CelestialBody:addChild:406]: Adding child mars to sun
[06Aug2026 20:43:45.717] [Render thread/INFO] [STDOUT/]: [com.st0x0ef.beyond_earth.common.util.Planets$CelestialBody:addChild:406]: Adding child glacio to proxima_centauri
[06Aug2026 20:43:45.717] [Render thread/INFO] [STDOUT/]: [com.st0x0ef.beyond_earth.common.util.Planets$CelestialBody:addChild:406]: Adding child mercury to sun
[06Aug2026 20:43:45.717] [Render thread/INFO] [STDOUT/]: [com.st0x0ef.beyond_earth.common.util.Planets$CelestialBody:addChild:406]: Adding child venus to sun
[06Aug2026 20:43:45.717] [Render thread/INFO] [STDOUT/]: [com.st0x0ef.beyond_earth.common.util.Planets$CelestialBody:addChild:406]: Adding child moon to earth
[06Aug2026 20:43:45.717] [Render thread/INFO] [STDOUT/]: [com.st0x0ef.beyond_earth.common.util.Planets$CelestialBody:addChild:406]: Adding child earth to sun
[06Aug2026 20:43:45.717] [Render thread/INFO] [STDOUT/]: [com.st0x0ef.beyond_earth.common.util.Planets$CelestialBody:addChild:406]: Adding child phobos to mars
[06Aug2026 20:43:45.717] [Render thread/INFO] [STDOUT/]: [com.st0x0ef.beyond_earth.common.util.Planets$CelestialBody:addChild:406]: Adding child deimos to mars
[06Aug2026 20:43:45.717] [Render thread/INFO] [STDOUT/]: [com.st0x0ef.beyond_earth.common.util.Planets$CelestialBody:addChild:406]: Adding child mars to sun
[06Aug2026 20:43:45.717] [Render thread/INFO] [STDOUT/]: [com.st0x0ef.beyond_earth.common.util.Planets$CelestialBody:addChild:406]: Adding child glacio to proxima_centauri
[06Aug2026 20:43:45.717] [Render thread/WARN] [net.minecraft.client.multiplayer.ClientPacketListener/]: Unknown custom packet identifier: beyond_earth:beyond_earth
[06Aug2026 20:43:45.718] [Render thread/INFO] [Supplementaries/]: Synced Flute Songs
[06Aug2026 20:43:45.719] [Render thread/INFO] [Supplementaries/]: Synced Captured Mobs settings
[06Aug2026 20:43:45.719] [Render thread/INFO] [Supplementaries/]: Synced Globe data
[06Aug2026 20:43:45.721] [Render thread/INFO] [Supplementaries/]: Synced Hourglass data
[06Aug2026 20:43:45.951] [Render thread/INFO] [ChunkBuilder/]: Stopping worker threads
[06Aug2026 20:43:45.957] [Render thread/INFO] [ChunkBuilder/]: Started 4 worker threads
[06Aug2026 20:43:46.089] [Render thread/WARN] [Embeddium-MixinTaintDetector/]: Mod(s) [entity_texture_features] are modifying Embeddium class me.jellysquid.mods.sodium.client.render.immediate.model.EntityRenderer, which may cause instability.
[06Aug2026 20:43:46.454] [Render thread/INFO] [xaero.hud.minimap.MinimapLogs/]: Reloading radar icon resources...
[06Aug2026 20:43:46.493] [Render thread/INFO] [xaero.hud.minimap.MinimapLogs/]: Skipping invalid icon form: true for sculkhorde:living_armor
[06Aug2026 20:43:46.498] [Render thread/INFO] [xaero.hud.minimap.MinimapLogs/]: Skipping invalid icon form: true for the_starved_stalker:chomper
[06Aug2026 20:43:46.498] [Render thread/INFO] [xaero.hud.minimap.MinimapLogs/]: Skipping invalid icon form: true for the_starved_stalker:cravine_female
[06Aug2026 20:43:46.498] [Render thread/INFO] [xaero.hud.minimap.MinimapLogs/]: Skipping invalid icon form: true for the_starved_stalker:cravine_male
[06Aug2026 20:43:46.498] [Render thread/INFO] [xaero.hud.minimap.MinimapLogs/]: Skipping invalid icon form: true for the_starved_stalker:famine
[06Aug2026 20:43:46.498] [Render thread/INFO] [xaero.hud.minimap.MinimapLogs/]: Skipping invalid icon form: true for the_starved_stalker:gobelisk
[06Aug2026 20:43:46.498] [Render thread/INFO] [xaero.hud.minimap.MinimapLogs/]: Skipping invalid icon form: the_starved_stalker:the_starved_stalker/haggardfish.png for the_starved_stalker:haggardfish
[06Aug2026 20:43:46.498] [Render thread/INFO] [xaero.hud.minimap.MinimapLogs/]: Skipping invalid icon form: true for the_starved_stalker:haggardfish
[06Aug2026 20:43:46.498] [Render thread/INFO] [xaero.hud.minimap.MinimapLogs/]: Skipping invalid icon form: true for the_starved_stalker:hungrejaws
[06Aug2026 20:43:46.498] [Render thread/INFO] [xaero.hud.minimap.MinimapLogs/]: Skipping invalid icon form: true for the_starved_stalker:ingurgitator
[06Aug2026 20:43:46.498] [Render thread/INFO] [xaero.hud.minimap.MinimapLogs/]: Skipping invalid icon form: the_starved_stalker:the_starved_stalker/pinchfin.png for the_starved_stalker:pinchfin
[06Aug2026 20:43:46.498] [Render thread/INFO] [xaero.hud.minimap.MinimapLogs/]: Skipping invalid icon form: true for the_starved_stalker:pinchfin
[06Aug2026 20:43:46.498] [Render thread/INFO] [xaero.hud.minimap.MinimapLogs/]: Skipping invalid icon form: true for the_starved_stalker:putrid_fangs
[06Aug2026 20:43:46.498] [Render thread/INFO] [xaero.hud.minimap.MinimapLogs/]: Skipping invalid icon form: the_starved_stalker:the_starved_stalker/ravenous.png for the_starved_stalker:ravenous
[06Aug2026 20:43:46.498] [Render thread/INFO] [xaero.hud.minimap.MinimapLogs/]: Skipping invalid icon form: true for the_starved_stalker:ravenous
[06Aug2026 20:43:46.498] [Render thread/INFO] [xaero.hud.minimap.MinimapLogs/]: Skipping invalid icon form: true for the_starved_stalker:starved_stalker_aggro
[06Aug2026 20:43:46.498] [Render thread/INFO] [xaero.hud.minimap.MinimapLogs/]: Skipping invalid icon form: the_starved_stalker:the_starved_stalker/starved_stalker.png for the_starved_stalker:starved_stalker_aggro
[06Aug2026 20:43:46.499] [Render thread/INFO] [xaero.hud.minimap.MinimapLogs/]: Skipping invalid icon form: true for the_starved_stalker:the_starved_stalker
[06Aug2026 20:43:46.499] [Render thread/INFO] [xaero.hud.minimap.MinimapLogs/]: Skipping invalid icon form: the_starved_stalker:the_starved_stalker/starved_stalker.png for the_starved_stalker:the_starved_stalker
[06Aug2026 20:43:46.499] [Render thread/INFO] [xaero.hud.minimap.MinimapLogs/]: Skipping invalid icon form: the_starved_stalker:the_starved_stalker/vorail.png for the_starved_stalker:vorail
[06Aug2026 20:43:46.499] [Render thread/INFO] [xaero.hud.minimap.MinimapLogs/]: Skipping invalid icon form: true for the_starved_stalker:vorail
[06Aug2026 20:43:46.501] [Render thread/INFO] [xaero.hud.minimap.MinimapLogs/]: Reloaded radar icon resources!
[06Aug2026 20:43:47.138] [Render thread/INFO] [com.hyrrx.hardcoretruedarkness.HardcoreTrueDarkness/]: Sent Hardcore True Darkness client readiness report: none
[06Aug2026 20:43:47.188] [Render thread/INFO] [ChunkBuilder/]: Stopping worker threads
[06Aug2026 20:43:47.191] [Render thread/INFO] [ChunkBuilder/]: Started 4 worker threads
[06Aug2026 20:43:51.724] [Netty Client IO #10/INFO] [STDOUT/]: [com.github.sculkhorde.common.recipe.SoulHarvestingRecipe$Serializer:fromNetwork:118]: SoulHarvesterRecipe | Data size being read: 2894698
[06Aug2026 20:43:51.782] [Netty Client IO #10/INFO] [STDOUT/]: [com.github.sculkhorde.common.recipe.SoulHarvestingRecipe$Serializer:fromNetwork:118]: SoulHarvesterRecipe | Data size being read: 2630625
[06Aug2026 20:43:51.816] [Render thread/INFO] [xaero.hud.minimap.MinimapLogs/]: Xaero hud session finalized.
[06Aug2026 20:43:51.817] [Render thread/INFO] [FaceOfHorror/JumpscareTexturePicker/]: JumpscareTexturePicker invalidated. The pool of enabled textures will be rebuilt on next use.
[06Aug2026 20:43:51.818] [Render thread/INFO] [mezz.jei.forge.startup.StartEventObserver/]: JEI StartEventObserver received class net.minecraftforge.client.event.ClientPlayerNetworkEvent$LoggingOut
[06Aug2026 20:43:51.818] [Render thread/INFO] [mezz.jei.forge.startup.StartEventObserver/]: JEI StartEventObserver transitioning state from ENABLED to DISABLED
[06Aug2026 20:43:51.819] [Render thread/INFO] [Framework/]: Unloading synced configs from server
[06Aug2026 20:43:51.831] [Render thread/INFO] [FaceOfHorror/JumpscareTexturePicker/]: JumpscareTexturePicker invalidated. The pool of enabled textures will be rebuilt on next use.
[06Aug2026 20:43:51.833] [Render thread/WARN] [net.arphex.ArphexMod/]: [WORLD UNLOAD] Dimension: minecraft:overworld
[06Aug2026 20:43:52.095] [Render thread/INFO] [ChunkBuilder/]: Stopping worker threads
[06Aug2026 20:43:52.099] [Render thread/INFO] [Entity Texture Features/]: [ETF]: emissive suffixes loaded: [_e]
[06Aug2026 20:59:12.377] [Render thread/INFO] [net.minecraft.client.Minecraft/]: Stopping!
[06Aug2026 20:59:12.385] [Render thread/INFO] [FaceOfHorror/JumpscareTexturePicker/]: JumpscareTexturePicker invalidated. The pool of enabled textures will be rebuilt on next use.
[06Aug2026 20:59:12.401] [Render thread/INFO] [Entity Texture Features/]: [ETF]: emissive suffixes loaded: [_e]
