[06Aug2026 20:22:31.496] [main/INFO] [cpw.mods.modlauncher.Launcher/MODLAUNCHER]: ModLauncher running: args [--launchTarget, forgeserver, --fml.forgeVersion, 47.4.10, --fml.mcVersion, 1.20.1, --fml.forgeGroup, net.minecraftforge, --fml.mcpVersion, 20230612.114412]
[06Aug2026 20:22:31.512] [main/INFO] [cpw.mods.modlauncher.Launcher/MODLAUNCHER]: ModLauncher 10.0.9+10.0.9+main.dcd20f30 starting: java version 17.0.19 by Microsoft; OS Windows 10 arch amd64 version 10.0
[06Aug2026 20:22:40.887] [main/INFO] [net.minecraftforge.fml.loading.ImmediateWindowHandler/]: ImmediateWindowProvider not loading because launch target is forgeserver
[06Aug2026 20:22:41.059] [main/INFO] [mixin/]: SpongePowered MIXIN Subsystem Version=0.8.5 Source=union:/C:/Users/strea/Desktop/Forge1.20.1/libraries/org/spongepowered/mixin/0.8.5/mixin-0.8.5.jar%2365!/ Service=ModLauncher Env=SERVER
[06Aug2026 20:22:44.575] [main/WARN] [net.minecraftforge.fml.loading.moddiscovery.ModFileParser/LOADING]: Mod file C:\Users\strea\Desktop\Forge1.20.1\libraries\net\minecraftforge\fmlcore\1.20.1-47.4.10\fmlcore-1.20.1-47.4.10.jar is missing mods.toml file
[06Aug2026 20:22:44.575] [main/WARN] [net.minecraftforge.fml.loading.moddiscovery.ModFileParser/LOADING]: Mod file C:\Users\strea\Desktop\Forge1.20.1\libraries\net\minecraftforge\javafmllanguage\1.20.1-47.4.10\javafmllanguage-1.20.1-47.4.10.jar is missing mods.toml file
[06Aug2026 20:22:44.590] [main/WARN] [net.minecraftforge.fml.loading.moddiscovery.ModFileParser/LOADING]: Mod file C:\Users\strea\Desktop\Forge1.20.1\libraries\net\minecraftforge\lowcodelanguage\1.20.1-47.4.10\lowcodelanguage-1.20.1-47.4.10.jar is missing mods.toml file
[06Aug2026 20:22:44.606] [main/WARN] [net.minecraftforge.fml.loading.moddiscovery.ModFileParser/LOADING]: Mod file C:\Users\strea\Desktop\Forge1.20.1\libraries\net\minecraftforge\mclanguage\1.20.1-47.4.10\mclanguage-1.20.1-47.4.10.jar is missing mods.toml file
[06Aug2026 20:22:46.481] [main/WARN] [net.minecraftforge.jarjar.selection.JarSelector/]: Attempted to select a dependency jar for JarJar which was passed in as source: terrablender. Using Mod File: C:\Users\strea\Desktop\Forge1.20.1\mods\TerraBlender-forge-1.20.1-3.0.1.10.jar
[06Aug2026 20:22:46.481] [main/WARN] [net.minecraftforge.jarjar.selection.JarSelector/]: Attempted to select a dependency jar for JarJar which was passed in as source: geckolib. Using Mod File: C:\Users\strea\Desktop\Forge1.20.1\mods\geckolib-forge-1.20.1-4.8.4.jar
[06Aug2026 20:22:46.481] [main/WARN] [net.minecraftforge.jarjar.selection.JarSelector/]: Attempted to select a dependency jar for JarJar which was passed in as source: curios. Using Mod File: C:\Users\strea\Desktop\Forge1.20.1\mods\curios-forge-5.14.1+1.20.1.jar
[06Aug2026 20:22:46.481] [main/WARN] [net.minecraftforge.jarjar.selection.JarSelector/]: Attempted to select a dependency jar for JarJar which was passed in as source: resourcefullib. Using Mod File: C:\Users\strea\Desktop\Forge1.20.1\mods\resourcefullib-forge-1.20.1-2.1.29.jar
[06Aug2026 20:22:46.481] [main/INFO] [net.minecraftforge.fml.loading.moddiscovery.JarInJarDependencyLocator/]: Found 20 dependencies adding them to mods collection
[06Aug2026 20:23:24.672] [main/INFO] [mixin/]: Compatibility level set to JAVA_17
[06Aug2026 20:23:26.787] [main/ERROR] [mixin/]: Mixin config geologicexpansion-common.mixins.json does not specify "minVersion" property
[06Aug2026 20:23:26.803] [main/ERROR] [mixin/]: Mixin config geologicexpansion.mixins.json does not specify "minVersion" property
[06Aug2026 20:23:27.272] [main/ERROR] [mixin/]: Mixin config cannibal.mixin.json does not specify "minVersion" property
[06Aug2026 20:23:28.412] [main/INFO] [mixin/]: Successfully loaded Mixin Connector [com.crypticmushroom.minecraft.registry.coremod.CrypticCoreMod]
[06Aug2026 20:23:28.459] [main/INFO] [mixin/]: Successfully loaded Mixin Connector [com.crypticmushroom.minecraft.midnight.coremod.MidnightCoreMod]
[06Aug2026 20:23:28.584] [main/INFO] [cpw.mods.modlauncher.LaunchServiceHandler/MODLAUNCHER]: Launching target 'forgeserver' with arguments []
[06Aug2026 20:23:28.693] [main/INFO] [com.abdelaziz.saturn.common.Saturn/]: Loaded Saturn config file with 4 configurable options
[06Aug2026 20:23:30.334] [main/INFO] [ModernFix/]: Loaded configuration file for ModernFix 5.27.66+mc1.20.1: 110 options available, 1 override(s) found
[06Aug2026 20:23:30.506] [main/WARN] [ModernFix/]: Option 'mixin.perf.dynamic_resources' overriden (by user configuration) to 'true'
[06Aug2026 20:23:30.537] [main/INFO] [ModernFix/]: Applying Nashorn fix
[06Aug2026 20:23:30.818] [main/INFO] [ModernFix/]: Applied Forge config corruption patch
[06Aug2026 20:23:31.506] [main/WARN] [mixin/]: Reference map 'lmft-common-refmap.json' for lmft-common.mixins.json could not be read. If this is a development environment you can ignore this message
[06Aug2026 20:23:31.740] [main/WARN] [mixin/]: Reference map 'nitrogen_internals.refmap.json' for nitrogen_internals.mixins.json could not be read. If this is a development environment you can ignore this message
[06Aug2026 20:23:31.834] [main/WARN] [mixin/]: Reference map 'face_of_horror.refmap.json' for face_of_horror.mixins.json could not be read. If this is a development environment you can ignore this message
[06Aug2026 20:23:32.022] [main/INFO] [Radium Config/]: Loaded configuration file for Radium: 125 options available, 1 override(s) found
[06Aug2026 20:23:32.131] [main/WARN] [mixin/]: Reference map 'graveyard-FORGE-forge-refmap.json' for graveyard-forge.mixins.json could not be read. If this is a development environment you can ignore this message
[06Aug2026 20:23:32.240] [main/WARN] [mixin/]: Reference map 'EpheroLib-refmap.json' for epherolib.mixins.json could not be read. If this is a development environment you can ignore this message
[06Aug2026 20:23:32.693] [main/WARN] [mixin/]: Reference map 'mixins.apollyon.refmap.json' for mixins.apollyon.json could not be read. If this is a development environment you can ignore this message
[06Aug2026 20:23:32.818] [main/WARN] [mixin/]: Reference map 'mimicer.refmap.json' for themimic_er.mixins.json could not be read. If this is a development environment you can ignore this message
[06Aug2026 20:23:33.240] [main/WARN] [mixin/]: Reference map 'MistMod.refmap.json' for they_watch_from_the_mist.mixins.json could not be read. If this is a development environment you can ignore this message
[06Aug2026 20:23:33.490] [main/WARN] [mixin/]: Reference map 'spartanskies.refmap.json' for spartanskies.mixins.json could not be read. If this is a development environment you can ignore this message
[06Aug2026 20:23:33.631] [main/WARN] [mixin/]: Reference map 'justhammers-common-refmap.json' for justhammers-common.mixins.json could not be read. If this is a development environment you can ignore this message
[06Aug2026 20:23:34.272] [main/WARN] [mixin/]: Reference map 'mixins.cheese_cave.refmap.json' for mixins.cheese_cave.json could not be read. If this is a development environment you can ignore this message
[06Aug2026 20:23:34.959] [main/WARN] [mixin/]: Reference map 'mixins.herobrine011840_dungeons.refmap.json' for mixins.herobrine011840_dungeons.json could not be read. If this is a development environment you can ignore this message
[06Aug2026 20:23:35.209] [main/INFO] [dev.tonimatas.packetfixer.mixins.v1_19_4_forge.MixinPlugin/]: Packet Fixer forge 1.19.4-1.20.1 has been applied successfully.
[06Aug2026 20:23:37.818] [main/INFO] [net.minecraftforge.coremod.CoreMod.placebo/COREMODLOG]: Patching IForgeItemStack#getEnchantmentLevel
[06Aug2026 20:23:37.897] [main/INFO] [net.minecraftforge.coremod.CoreMod.placebo/COREMODLOG]: Patching IForgeItemStack#getEnchantmentLevel
[06Aug2026 20:23:39.068] [main/ERROR] [net.minecraftforge.coremod.transformer.CoreModBaseTransformer/COREMOD]: Error occurred applying transform of coremod coremods/field_to_method.js function biome
java.lang.IllegalStateException: Field f_47437_ is not private and an instance field
	at net.minecraftforge.coremod.api.ASMAPI.redirectFieldToMethod(ASMAPI.java:1069) ~[coremods-5.2.4.jar%2354!/:?]
	at org.openjdk.nashorn.internal.scripts.Script$Recompilation$92$292A$\^eval\_.initializeCoreMod#transformer(<eval>:11) ~[?:?]
	at org.openjdk.nashorn.internal.runtime.ScriptFunctionData.invoke(ScriptFunctionData.java:648) ~[nashorn-core-15.4.jar%2366!/:?]
	at org.openjdk.nashorn.internal.runtime.ScriptFunction.invoke(ScriptFunction.java:513) ~[nashorn-core-15.4.jar%2366!/:?]
	at org.openjdk.nashorn.internal.runtime.ScriptRuntime.apply(ScriptRuntime.java:520) ~[nashorn-core-15.4.jar%2366!/:?]
	at org.openjdk.nashorn.api.scripting.ScriptObjectMirror.call(ScriptObjectMirror.java:111) ~[nashorn-core-15.4.jar%2366!/:?]
	at net.minecraftforge.coremod.NashornFactory.lambda$getFunction$0(NashornFactory.java:37) ~[coremods-5.2.4.jar%2354!/:5.2.4]
	at net.minecraftforge.coremod.transformer.CoreModClassTransformer.runCoremod(CoreModClassTransformer.java:22) ~[coremods-5.2.4.jar%2354!/:?]
	at net.minecraftforge.coremod.transformer.CoreModClassTransformer.runCoremod(CoreModClassTransformer.java:14) ~[coremods-5.2.4.jar%2354!/:?]
	at net.minecraftforge.coremod.transformer.CoreModBaseTransformer.transform(CoreModBaseTransformer.java:60) ~[coremods-5.2.4.jar%2354!/:?]
	at cpw.mods.modlauncher.TransformerHolder.transform(TransformerHolder.java:41) ~[modlauncher-10.0.9.jar%2355!/:?]
	at cpw.mods.modlauncher.ClassTransformer.performVote(ClassTransformer.java:179) ~[modlauncher-10.0.9.jar%2355!/:?]
	at cpw.mods.modlauncher.ClassTransformer.transform(ClassTransformer.java:117) ~[modlauncher-10.0.9.jar%2355!/:?]
	at cpw.mods.modlauncher.TransformingClassLoader.maybeTransformClassBytes(TransformingClassLoader.java:50) ~[modlauncher-10.0.9.jar%2355!/:?]
	at cpw.mods.cl.ModuleClassLoader.getMaybeTransformedClassBytes(ModuleClassLoader.java:250) ~[securejarhandler-2.1.10.jar:?]
	at cpw.mods.modlauncher.TransformingClassLoader.buildTransformedClassNodeFor(TransformingClassLoader.java:58) ~[modlauncher-10.0.9.jar%2355!/:?]
	at cpw.mods.modlauncher.LaunchPluginHandler.lambda$announceLaunch$10(LaunchPluginHandler.java:100) ~[modlauncher-10.0.9.jar%2355!/:?]
	at org.spongepowered.asm.launch.MixinLaunchPluginLegacy.getClassNode(MixinLaunchPluginLegacy.java:222) ~[mixin-0.8.5.jar%2365!/:0.8.5+Jenkins-b310.git-155314e6e91465dad727e621a569906a410cd6f4]
	at org.spongepowered.asm.launch.MixinLaunchPluginLegacy.getClassNode(MixinLaunchPluginLegacy.java:207) ~[mixin-0.8.5.jar%2365!/:0.8.5+Jenkins-b310.git-155314e6e91465dad727e621a569906a410cd6f4]
	at org.spongepowered.asm.mixin.transformer.ClassInfo.forName(ClassInfo.java:2005) ~[mixin-0.8.5.jar%2365!/:0.8.5+Jenkins-b310.git-155314e6e91465dad727e621a569906a410cd6f4]
	at org.spongepowered.asm.mixin.transformer.MixinInfo.getTargetClass(MixinInfo.java:1017) ~[mixin-0.8.5.jar%2365!/:0.8.5+Jenkins-b310.git-155314e6e91465dad727e621a569906a410cd6f4]
	at org.spongepowered.asm.mixin.transformer.MixinInfo.readTargetClasses(MixinInfo.java:1007) ~[mixin-0.8.5.jar%2365!/:0.8.5+Jenkins-b310.git-155314e6e91465dad727e621a569906a410cd6f4]
	at org.spongepowered.asm.mixin.transformer.MixinInfo.parseTargets(MixinInfo.java:895) ~[mixin-0.8.5.jar%2365!/:0.8.5+Jenkins-b310.git-155314e6e91465dad727e621a569906a410cd6f4]
	at org.spongepowered.asm.mixin.transformer.MixinConfig.prepareMixins(MixinConfig.java:867) ~[mixin-0.8.5.jar%2365!/:0.8.5+Jenkins-b310.git-155314e6e91465dad727e621a569906a410cd6f4]
	at org.spongepowered.asm.mixin.transformer.MixinConfig.prepare(MixinConfig.java:775) ~[mixin-0.8.5.jar%2365!/:0.8.5+Jenkins-b310.git-155314e6e91465dad727e621a569906a410cd6f4]
	at org.spongepowered.asm.mixin.transformer.MixinProcessor.prepareConfigs(MixinProcessor.java:539) ~[mixin-0.8.5.jar%2365!/:0.8.5+Jenkins-b310.git-155314e6e91465dad727e621a569906a410cd6f4]
	at org.spongepowered.asm.mixin.transformer.MixinProcessor.select(MixinProcessor.java:462) ~[mixin-0.8.5.jar%2365!/:0.8.5+Jenkins-b310.git-155314e6e91465dad727e621a569906a410cd6f4]
	at org.spongepowered.asm.mixin.transformer.MixinProcessor.checkSelect(MixinProcessor.java:438) ~[mixin-0.8.5.jar%2365!/:0.8.5+Jenkins-b310.git-155314e6e91465dad727e621a569906a410cd6f4]
	at org.spongepowered.asm.mixin.transformer.MixinProcessor.applyMixins(MixinProcessor.java:290) ~[mixin-0.8.5.jar%2365!/:0.8.5+Jenkins-b310.git-155314e6e91465dad727e621a569906a410cd6f4]
	at org.spongepowered.asm.mixin.transformer.MixinTransformer.transformClass(MixinTransformer.java:250) ~[mixin-0.8.5.jar%2365!/:0.8.5+Jenkins-b310.git-155314e6e91465dad727e621a569906a410cd6f4]
	at org.spongepowered.asm.service.modlauncher.MixinTransformationHandler.processClass(MixinTransformationHandler.java:131) ~[mixin-0.8.5.jar%2365!/:0.8.5+Jenkins-b310.git-155314e6e91465dad727e621a569906a410cd6f4]
	at org.spongepowered.asm.launch.MixinLaunchPluginLegacy.processClass(MixinLaunchPluginLegacy.java:131) ~[mixin-0.8.5.jar%2365!/:0.8.5+Jenkins-b310.git-155314e6e91465dad727e621a569906a410cd6f4]
	at cpw.mods.modlauncher.serviceapi.ILaunchPluginService.processClassWithFlags(ILaunchPluginService.java:156) ~[modlauncher-10.0.9.jar%2355!/:10.0.9+10.0.9+main.dcd20f30]
	at cpw.mods.modlauncher.LaunchPluginHandler.offerClassNodeToPlugins(LaunchPluginHandler.java:88) ~[modlauncher-10.0.9.jar%2355!/:?]
	at cpw.mods.modlauncher.ClassTransformer.transform(ClassTransformer.java:120) ~[modlauncher-10.0.9.jar%2355!/:?]
	at cpw.mods.modlauncher.TransformingClassLoader.maybeTransformClassBytes(TransformingClassLoader.java:50) ~[modlauncher-10.0.9.jar%2355!/:?]
	at cpw.mods.cl.ModuleClassLoader.readerToClass(ModuleClassLoader.java:113) ~[securejarhandler-2.1.10.jar:?]
	at cpw.mods.cl.ModuleClassLoader.lambda$findClass$15(ModuleClassLoader.java:219) ~[securejarhandler-2.1.10.jar:?]
	at cpw.mods.cl.ModuleClassLoader.loadFromModule(ModuleClassLoader.java:229) ~[securejarhandler-2.1.10.jar:?]
	at cpw.mods.cl.ModuleClassLoader.findClass(ModuleClassLoader.java:219) ~[securejarhandler-2.1.10.jar:?]
	at java.lang.ClassLoader.loadClass(ClassLoader.java:637) ~[?:?]
	at java.lang.Class.forName(Class.java:547) ~[?:?]
	at net.minecraftforge.fml.loading.ImmediateWindowHandler$DummyProvider.lambda$updateModuleReads$1(ImmediateWindowHandler.java:145) ~[fmlloader-1.20.1-47.4.10.jar%2369!/:1.0]
	at java.util.Optional.map(Optional.java:260) ~[?:?]
	at net.minecraftforge.fml.loading.ImmediateWindowHandler$DummyProvider.updateModuleReads(ImmediateWindowHandler.java:145) ~[fmlloader-1.20.1-47.4.10.jar%2369!/:1.0]
	at net.minecraftforge.fml.loading.ImmediateWindowHandler.acceptGameLayer(ImmediateWindowHandler.java:71) ~[fmlloader-1.20.1-47.4.10.jar%2369!/:1.0]
	at net.minecraftforge.fml.loading.FMLLoader.beforeStart(FMLLoader.java:216) ~[fmlloader-1.20.1-47.4.10.jar%2369!/:1.0]
	at net.minecraftforge.fml.loading.targets.CommonLaunchHandler.launchService(CommonLaunchHandler.java:92) ~[fmlloader-1.20.1-47.4.10.jar%2369!/:?]
	at cpw.mods.modlauncher.LaunchServiceHandlerDecorator.launch(LaunchServiceHandlerDecorator.java:30) ~[modlauncher-10.0.9.jar%2355!/:?]
	at cpw.mods.modlauncher.LaunchServiceHandler.launch(LaunchServiceHandler.java:53) ~[modlauncher-10.0.9.jar%2355!/:?]
	at cpw.mods.modlauncher.LaunchServiceHandler.launch(LaunchServiceHandler.java:71) ~[modlauncher-10.0.9.jar%2355!/:?]
	at cpw.mods.modlauncher.Launcher.run(Launcher.java:108) ~[modlauncher-10.0.9.jar%2355!/:?]
	at cpw.mods.modlauncher.Launcher.main(Launcher.java:78) ~[modlauncher-10.0.9.jar%2355!/:?]
	at cpw.mods.modlauncher.BootstrapLaunchConsumer.accept(BootstrapLaunchConsumer.java:26) ~[modlauncher-10.0.9.jar%2355!/:?]
	at cpw.mods.modlauncher.BootstrapLaunchConsumer.accept(BootstrapLaunchConsumer.java:23) ~[modlauncher-10.0.9.jar%2355!/:?]
	at cpw.mods.bootstraplauncher.BootstrapLauncher.main(BootstrapLauncher.java:141) ~[bootstraplauncher-1.1.2.jar:?]
[06Aug2026 20:23:39.584] [main/ERROR] [net.minecraftforge.fml.loading.RuntimeDistCleaner/DISTXFORM]: Attempted to load class net/minecraft/client/renderer/block/BlockRenderDispatcher for invalid dist DEDICATED_SERVER
[06Aug2026 20:23:39.600] [main/WARN] [mixin/]: Error loading class: net/minecraft/client/renderer/block/BlockRenderDispatcher (java.lang.RuntimeException: Attempted to load class net/minecraft/client/renderer/block/BlockRenderDispatcher for invalid dist DEDICATED_SERVER)
[06Aug2026 20:23:39.615] [main/WARN] [mixin/]: @Mixin target net.minecraft.client.renderer.block.BlockRenderDispatcher was not found vanillabackport.mixins.json:access.BlockRenderDispatcherAccessor
[06Aug2026 20:23:40.318] [main/WARN] [mixin/]: Error loading class: net/mehvahdjukaar/stone_zone/api/set/stone/StoneType (java.lang.ClassNotFoundException: net.mehvahdjukaar.stone_zone.api.set.stone.StoneType)
[06Aug2026 20:23:40.350] [main/WARN] [mixin/]: Error loading class: jeresources/api/util/BiomeHelper (java.lang.ClassNotFoundException: jeresources.api.util.BiomeHelper)
[06Aug2026 20:23:42.381] [main/WARN] [Radium Config/]: Force-disabling mixin 'alloc.blockstate.StateMixin' as option 'mixin.alloc.blockstate' (added by mods [ferritecore]) disables it and children
[06Aug2026 20:23:46.490] [main/INFO] [com.cupboard.Cupboard/]: Loaded config for: recipeessentials.json
[06Aug2026 20:23:46.678] [main/WARN] [mixin/]: Error loading class: com/legacy/lost_aether/entity/AerwhaleKingEntity (java.lang.ClassNotFoundException: com.legacy.lost_aether.entity.AerwhaleKingEntity)
[06Aug2026 20:23:46.850] [main/INFO] [com.cupboard.Cupboard/]: Loaded config for: structureessentials.json
[06Aug2026 20:23:47.412] [main/WARN] [mixin/]: Error loading class: net/minecraft/client/renderer/entity/PhantomRenderer (java.lang.ClassNotFoundException: net.minecraft.client.renderer.entity.PhantomRenderer)
[06Aug2026 20:23:47.428] [main/WARN] [mixin/]: @Mixin target net.minecraft.client.renderer.entity.PhantomRenderer was not found mixins.deeperdarker.json:PhantomRendererMixin
[06Aug2026 20:23:47.600] [main/WARN] [mixin/]: Error loading class: net/minecraft/client/model/HierarchicalModel (java.lang.ClassNotFoundException: net.minecraft.client.model.HierarchicalModel)
[06Aug2026 20:23:47.615] [main/WARN] [mixin/]: @Mixin target net.minecraft.client.model.HierarchicalModel was not found geologicexpansion-common.mixins.json:access.HierarchicalModelAccessor
[06Aug2026 20:23:48.240] [main/ERROR] [net.minecraftforge.fml.loading.RuntimeDistCleaner/DISTXFORM]: Attempted to load class net/minecraft/client/gui/Gui for invalid dist DEDICATED_SERVER
[06Aug2026 20:23:48.240] [main/WARN] [mixin/]: Error loading class: net/minecraft/client/gui/Gui (java.lang.RuntimeException: Attempted to load class net/minecraft/client/gui/Gui for invalid dist DEDICATED_SERVER)
[06Aug2026 20:23:48.256] [main/WARN] [mixin/]: @Mixin target net.minecraft.client.gui.Gui was not found mixins.prehistoricfauna.json:GuiMixin
[06Aug2026 20:23:48.818] [main/ERROR] [net.minecraftforge.fml.loading.RuntimeDistCleaner/DISTXFORM]: Attempted to load class net/minecraft/client/renderer/entity/layers/ElytraLayer for invalid dist DEDICATED_SERVER
[06Aug2026 20:23:48.834] [main/WARN] [mixin/]: Error loading class: net/minecraft/client/renderer/entity/layers/ElytraLayer (java.lang.RuntimeException: Attempted to load class net/minecraft/client/renderer/entity/layers/ElytraLayer for invalid dist DEDICATED_SERVER)
[06Aug2026 20:23:48.850] [main/WARN] [mixin/]: @Mixin target net.minecraft.client.renderer.entity.layers.ElytraLayer was not found mixins.endless_heart.json:ElytraLayerMixin
[06Aug2026 20:23:49.178] [main/ERROR] [net.minecraftforge.fml.loading.RuntimeDistCleaner/DISTXFORM]: Attempted to load class net/minecraft/client/renderer/LevelRenderer for invalid dist DEDICATED_SERVER
[06Aug2026 20:23:49.209] [main/WARN] [mixin/]: Error loading class: net/minecraft/client/renderer/LevelRenderer (java.lang.RuntimeException: Attempted to load class net/minecraft/client/renderer/LevelRenderer for invalid dist DEDICATED_SERVER)
[06Aug2026 20:23:49.256] [main/WARN] [mixin/]: @Mixin target net.minecraft.client.renderer.LevelRenderer was not found mixins.endless_heart.json:CloudTintMixin
[06Aug2026 20:23:49.303] [main/WARN] [mixin/]: Error loading class: net/minecraft/client/renderer/blockentity/TheEndPortalRenderer (java.lang.ClassNotFoundException: net.minecraft.client.renderer.blockentity.TheEndPortalRenderer)
[06Aug2026 20:23:49.303] [main/WARN] [mixin/]: @Mixin target net.minecraft.client.renderer.blockentity.TheEndPortalRenderer was not found mixins.endless_heart.json:TheEndPortalRendererMixin
[06Aug2026 20:23:49.318] [main/ERROR] [net.minecraftforge.fml.loading.RuntimeDistCleaner/DISTXFORM]: Attempted to load class net/minecraft/client/gui/Gui for invalid dist DEDICATED_SERVER
[06Aug2026 20:23:49.350] [main/WARN] [mixin/]: Error loading class: net/minecraft/client/gui/Gui (java.lang.RuntimeException: Attempted to load class net/minecraft/client/gui/Gui for invalid dist DEDICATED_SERVER)
[06Aug2026 20:23:49.397] [main/WARN] [mixin/]: @Mixin target net.minecraft.client.gui.Gui was not found mixins.endless_heart.json:VoidTouchedHeartsMixin
[06Aug2026 20:23:50.272] [main/WARN] [mixin/]: Error loading class: com/legacy/lucent/api/data/objects/EntityLighting$Builder (java.lang.ClassNotFoundException: com.legacy.lucent.api.data.objects.EntityLighting$Builder)
[06Aug2026 20:23:50.303] [main/WARN] [mixin/]: @Mixin target com.legacy.lucent.api.data.objects.EntityLighting$Builder was not found META-INF/mixin/midnight.mixins.json:accessor.EntityLightingBuilderAccessor
[06Aug2026 20:23:50.365] [main/WARN] [mixin/]: Error loading class: com/legacy/lucent/api/data/objects/ItemLighting$Builder (java.lang.ClassNotFoundException: com.legacy.lucent.api.data.objects.ItemLighting$Builder)
[06Aug2026 20:23:50.381] [main/WARN] [mixin/]: @Mixin target com.legacy.lucent.api.data.objects.ItemLighting$Builder was not found META-INF/mixin/midnight.mixins.json:accessor.ItemLightingBuilderAccessor
[06Aug2026 20:23:52.303] [main/ERROR] [net.minecraftforge.fml.loading.RuntimeDistCleaner/DISTXFORM]: Attempted to load class com/mojang/blaze3d/vertex/VertexFormat$Mode for invalid dist DEDICATED_SERVER
[06Aug2026 20:23:52.350] [main/WARN] [mixin/]: Error loading class: com/mojang/blaze3d/vertex/VertexFormat$Mode (java.lang.RuntimeException: Attempted to load class com/mojang/blaze3d/vertex/VertexFormat$Mode for invalid dist DEDICATED_SERVER)
[06Aug2026 20:23:52.560] [main/INFO] [MixinExtras|Service/]: Initializing MixinExtras via com.llamalad7.mixinextras.service.MixinExtrasServiceImpl(version=0.5.3).
[06Aug2026 20:23:58.231] [main/INFO] [net.minecraft.server.Bootstrap/]: ModernFix reached bootstrap stage (1.572 min after launch)
[06Aug2026 20:23:58.575] [main/WARN] [mixin/]: @Final field delegatesByName:Ljava/util/Map; in modernfix-modernfix.mixins.json:perf.forge_registry_alloc.ForgeRegistryMixin should be final
[06Aug2026 20:23:58.575] [main/WARN] [mixin/]: @Final field delegatesByValue:Ljava/util/Map; in modernfix-modernfix.mixins.json:perf.forge_registry_alloc.ForgeRegistryMixin should be final
[06Aug2026 20:23:58.981] [main/INFO] [ModernFix/]: Injecting BlockStateBase cache population hook into getNeighborPathNodeType from me.jellysquid.mods.lithium.mixin.ai.pathing.AbstractBlockStateMixin
[06Aug2026 20:23:58.981] [main/INFO] [ModernFix/]: Injecting BlockStateBase cache population hook into getPathNodeType from me.jellysquid.mods.lithium.mixin.ai.pathing.AbstractBlockStateMixin
[06Aug2026 20:23:58.997] [main/INFO] [ModernFix/]: Injecting BlockStateBase cache population hook into getAllFlags from me.jellysquid.mods.lithium.mixin.util.block_tracking.AbstractBlockStateMixin
[06Aug2026 20:24:03.263] [main/INFO] [net.minecraftforge.coremod.CoreMod.placebo/COREMODLOG]: Patching IForgeItemStack#getEnchantmentLevel
[06Aug2026 20:24:03.278] [main/INFO] [net.minecraftforge.coremod.CoreMod.placebo/COREMODLOG]: Patching IForgeItemStack#getEnchantmentLevel
[06Aug2026 20:24:05.263] [main/INFO] [net.minecraft.server.Bootstrap/]: Vanilla bootstrap took 6966 milliseconds
[06Aug2026 20:24:10.435] [main/INFO] [net.minecraftforge.coremod.CoreMod.placebo/COREMODLOG]: Patching IForgeItemStack#getEnchantmentLevel
[06Aug2026 20:24:10.435] [main/INFO] [net.minecraftforge.coremod.CoreMod.placebo/COREMODLOG]: Patching IForgeItemStack#getEnchantmentLevel
[06Aug2026 20:24:20.919] [main/WARN] [mixin/]: Mixin alexscaves.mixins.json:SwampHutPieceMixin has multiple constructors, (Lnet/minecraft/world/level/levelgen/structure/pieces/StructurePieceType;IIIIIILnet/minecraft/core/Direction;)V was selected

[06Aug2026 20:24:21.481] [main/WARN] [mixin/]: Method overwrite conflict for modifyBiomeSet in mixins.endlessbiomes.json:BiomeSourceMixin, previously written by net.mcreator.endlessheart.mixins.BiomeSourceMixin. Skipping method.
[06Aug2026 20:24:21.481] [main/WARN] [mixin/]: @Redirect conflict. Skipping mixins.endlessbiomes.json:BiomeSourceMixin->@Redirect::getBiomes(Ljava/util/function/Supplier;)Ljava/lang/Object; with priority 1000, already redirected by mixins.endless_heart.json:BiomeSourceMixin->@Redirect::getBiomes(Ljava/util/function/Supplier;)Ljava/lang/Object; with priority 1000
[06Aug2026 20:24:21.513] [main/ERROR] [net.minecraftforge.coremod.transformer.CoreModBaseTransformer/COREMOD]: Error occurred applying transform of coremod coremods/field_to_method.js function biome
java.lang.IllegalStateException: Field f_47437_ is not private and an instance field
	at net.minecraftforge.coremod.api.ASMAPI.redirectFieldToMethod(ASMAPI.java:1069) ~[coremods-5.2.4.jar%2354!/:?]
	at org.openjdk.nashorn.internal.scripts.Script$Recompilation$92$292A$\^eval\_.initializeCoreMod#transformer(<eval>:11) ~[?:?]
	at org.openjdk.nashorn.internal.runtime.ScriptFunctionData.invoke(ScriptFunctionData.java:648) ~[nashorn-core-15.4.jar%2366!/:?]
	at org.openjdk.nashorn.internal.runtime.ScriptFunction.invoke(ScriptFunction.java:513) ~[nashorn-core-15.4.jar%2366!/:?]
	at org.openjdk.nashorn.internal.runtime.ScriptRuntime.apply(ScriptRuntime.java:520) ~[nashorn-core-15.4.jar%2366!/:?]
	at org.openjdk.nashorn.api.scripting.ScriptObjectMirror.call(ScriptObjectMirror.java:111) ~[nashorn-core-15.4.jar%2366!/:?]
	at net.minecraftforge.coremod.NashornFactory.lambda$getFunction$0(NashornFactory.java:37) ~[coremods-5.2.4.jar%2354!/:5.2.4]
	at net.minecraftforge.coremod.transformer.CoreModClassTransformer.runCoremod(CoreModClassTransformer.java:22) ~[coremods-5.2.4.jar%2354!/:?]
	at net.minecraftforge.coremod.transformer.CoreModClassTransformer.runCoremod(CoreModClassTransformer.java:14) ~[coremods-5.2.4.jar%2354!/:?]
	at net.minecraftforge.coremod.transformer.CoreModBaseTransformer.transform(CoreModBaseTransformer.java:60) ~[coremods-5.2.4.jar%2354!/:?]
	at cpw.mods.modlauncher.TransformerHolder.transform(TransformerHolder.java:41) ~[modlauncher-10.0.9.jar%2355!/:?]
	at cpw.mods.modlauncher.ClassTransformer.performVote(ClassTransformer.java:179) ~[modlauncher-10.0.9.jar%2355!/:?]
	at cpw.mods.modlauncher.ClassTransformer.transform(ClassTransformer.java:117) ~[modlauncher-10.0.9.jar%2355!/:?]
	at cpw.mods.modlauncher.TransformingClassLoader.maybeTransformClassBytes(TransformingClassLoader.java:50) ~[modlauncher-10.0.9.jar%2355!/:?]
	at cpw.mods.cl.ModuleClassLoader.readerToClass(ModuleClassLoader.java:113) ~[securejarhandler-2.1.10.jar:?]
	at cpw.mods.cl.ModuleClassLoader.lambda$findClass$15(ModuleClassLoader.java:219) ~[securejarhandler-2.1.10.jar:?]
	at cpw.mods.cl.ModuleClassLoader.loadFromModule(ModuleClassLoader.java:229) ~[securejarhandler-2.1.10.jar:?]
	at cpw.mods.cl.ModuleClassLoader.findClass(ModuleClassLoader.java:219) ~[securejarhandler-2.1.10.jar:?]
	at cpw.mods.cl.ModuleClassLoader.loadClass(ModuleClassLoader.java:135) ~[securejarhandler-2.1.10.jar:?]
	at java.lang.ClassLoader.loadClass(ClassLoader.java:525) ~[?:?]
	at net.minecraft.world.level.biome.FixedBiomeSource.<clinit>(FixedBiomeSource.java:17) ~[server-1.20.1-20230612.114412-srg.jar%23701!/:?]
	at net.minecraft.world.level.biome.BiomeSources.m_220586_(BiomeSources.java:8) ~[server-1.20.1-20230612.114412-srg.jar%23701!/:?]
	at net.minecraft.core.registries.BuiltInRegistries.m_258029_(BuiltInRegistries.java:448) ~[server-1.20.1-20230612.114412-srg.jar%23701!/:?]
	at net.minecraft.core.registries.BuiltInRegistries.m_258037_(BuiltInRegistries.java:462) ~[server-1.20.1-20230612.114412-srg.jar%23701!/:?]
	at java.util.LinkedHashMap.forEach(LinkedHashMap.java:721) ~[?:?]
	at net.minecraft.core.registries.BuiltInRegistries.m_257453_(BuiltInRegistries.java:461) ~[server-1.20.1-20230612.114412-srg.jar%23701!/:?]
	at net.minecraft.core.registries.BuiltInRegistries.m_257498_(BuiltInRegistries.java:455) ~[server-1.20.1-20230612.114412-srg.jar%23701!/:?]
	at net.minecraft.server.Bootstrap.m_135870_(Bootstrap.java:55) ~[server-1.20.1-20230612.114412-srg.jar%23701!/:?]
	at net.minecraft.server.Main.main(Main.java:121) ~[server-1.20.1-20230612.114412-srg.jar%23701!/:?]
	at jdk.internal.reflect.NativeMethodAccessorImpl.invoke0(Native Method) ~[?:?]
	at jdk.internal.reflect.NativeMethodAccessorImpl.invoke(NativeMethodAccessorImpl.java:77) ~[?:?]
	at jdk.internal.reflect.DelegatingMethodAccessorImpl.invoke(DelegatingMethodAccessorImpl.java:43) ~[?:?]
	at java.lang.reflect.Method.invoke(Method.java:569) ~[?:?]
	at net.minecraftforge.fml.loading.targets.CommonLaunchHandler.runTarget(CommonLaunchHandler.java:111) ~[fmlloader-1.20.1-47.4.10.jar%2369!/:?]
	at net.minecraftforge.fml.loading.targets.CommonLaunchHandler.serverService(CommonLaunchHandler.java:103) ~[fmlloader-1.20.1-47.4.10.jar%2369!/:?]
	at net.minecraftforge.fml.loading.targets.CommonServerLaunchHandler.lambda$makeService$0(CommonServerLaunchHandler.java:27) ~[fmlloader-1.20.1-47.4.10.jar%2369!/:?]
	at cpw.mods.modlauncher.LaunchServiceHandlerDecorator.launch(LaunchServiceHandlerDecorator.java:30) ~[modlauncher-10.0.9.jar%2355!/:?]
	at cpw.mods.modlauncher.LaunchServiceHandler.launch(LaunchServiceHandler.java:53) ~[modlauncher-10.0.9.jar%2355!/:?]
	at cpw.mods.modlauncher.LaunchServiceHandler.launch(LaunchServiceHandler.java:71) ~[modlauncher-10.0.9.jar%2355!/:?]
	at cpw.mods.modlauncher.Launcher.run(Launcher.java:108) ~[modlauncher-10.0.9.jar%2355!/:?]
	at cpw.mods.modlauncher.Launcher.main(Launcher.java:78) ~[modlauncher-10.0.9.jar%2355!/:?]
	at cpw.mods.modlauncher.BootstrapLaunchConsumer.accept(BootstrapLaunchConsumer.java:26) ~[modlauncher-10.0.9.jar%2355!/:?]
	at cpw.mods.modlauncher.BootstrapLaunchConsumer.accept(BootstrapLaunchConsumer.java:23) ~[modlauncher-10.0.9.jar%2355!/:?]
	at cpw.mods.bootstraplauncher.BootstrapLauncher.main(BootstrapLauncher.java:141) ~[bootstraplauncher-1.1.2.jar:?]
[06Aug2026 20:24:21.528] [main/WARN] [mixin/]: Static binding violation: PRIVATE @Overwrite method m_47505_ in modernfix-modernfix.mixins.json:perf.remove_biome_temperature_cache.BiomeMixin cannot reduce visibiliy of PUBLIC target method, visibility will be upgraded.
[06Aug2026 20:24:21.528] [main/WARN] [mixin/]: Method overwrite conflict for m_47505_ in lithium.mixins.json:world.temperature_cache.BiomeMixin, previously written by org.embeddedt.modernfix.common.mixin.perf.remove_biome_temperature_cache.BiomeMixin. Skipping method.
[06Aug2026 20:24:21.794] [main/WARN] [mixin/]: Method overwrite conflict for modifyBiomeSet in mixins.endlessbiomes.json:TheEndBiomeSourceMixin, previously written by net.mcreator.endlessheart.mixins.TheEndBiomeSourceMixin. Skipping method.
[06Aug2026 20:24:29.131] [modloading-worker-0/INFO] [com.hyrrx.hardcoretruedarkness.HardcoreTrueDarkness/]: Hardcore True Darkness v6 loaded. Required client/server network protocol 6.0 is active.
[06Aug2026 20:24:32.989] [modloading-worker-0/INFO] [biolith/]: Biolith for Forge is initializing...
[06Aug2026 20:24:33.013] [modloading-worker-0/INFO] [biolith/]: Enabling Biolith's TerraBlender compatibility layer.
[06Aug2026 20:24:33.159] [modloading-worker-0/WARN] [mixin/]: @Redirect conflict. Skipping recipeessentials.mixins.json:RecipeManagerMixin->@Redirect::logErrorOnce(Lorg/slf4j/Logger;Ljava/lang/String;Ljava/lang/Object;Ljava/lang/Object;)V with priority 200, already redirected by modernfix-modernfix.mixins.json:perf.datapack_reload_exceptions.RecipeManagerMixin->@Redirect::silenceException(Lorg/slf4j/Logger;Ljava/lang/String;Ljava/lang/Object;Ljava/lang/Object;)V with priority 2000
[06Aug2026 20:24:33.662] [modloading-worker-0/INFO] [io.wispforest.lmft.LMFTCommon/]: [LMFT]: Loaded Config File!
[06Aug2026 20:24:35.656] [modloading-worker-0/INFO] [Advanced Wall Climber API/]: Advanced Wall Climber API initialized!
[06Aug2026 20:24:36.294] [modloading-worker-0/INFO] [Ksyxis/MOD_KSYXIS]: Ksyxis: Enabled compatibility hack with ModernFix. (removeSpawnChunks: false)
[06Aug2026 20:24:40.039] [modloading-worker-0/INFO] [com.aetherteam.cumulus.Cumulus/]: Disabling Cumulus as it is on server.
[06Aug2026 20:24:44.425] [modloading-worker-0/WARN] [mixin/]: Method overwrite conflict for getPools in croptopia.forge.mixins.json:LootTableAccessor, previously written by com.blackgear.platform.core.mixin.forge.LootTableMixin. Skipping method.
[06Aug2026 20:24:45.509] [modloading-worker-0/INFO] [graveyard/]: Registered JSON trade offer adapter.
[06Aug2026 20:24:47.078] [modloading-worker-0/INFO] [org.berezka.berezka_api.Berezka_api/]: [Berezka API] Berezka is loading...
[06Aug2026 20:24:47.125] [modloading-worker-0/INFO] [org.berezka.berezka_api.API/]: [Berezka API] createConfig info: namespace: berezka_api, configName: BerezkaAPI
[06Aug2026 20:24:47.162] [modloading-worker-0/INFO] [org.berezka.berezka_api.API/]: [Berezka API] Config param list for berezka_api is {DebugMode=org.berezka.berezka_api.data.ConfigParam@33789e8f, DevMode=org.berezka.berezka_api.data.ConfigParam@a858703, DefaultDoExtraChecksValue=org.berezka.berezka_api.data.ConfigParam@1dfed7a5, UseFolderPluginSystem=org.berezka.berezka_api.data.ConfigParam@849a4a3, FolderPluginSystemList=org.berezka.berezka_api.data.ConfigParam@7f32dfc3, SpawnLessLoot=org.berezka.berezka_api.data.ConfigParam@5929f2b9, MaxSizeOfStructuresCache=org.berezka.berezka_api.data.ConfigParam@320155c6, LifeTimeOfStricturesCacheEntry=org.berezka.berezka_api.data.ConfigParam@77a89399, StructuresRarityMultiplier=org.berezka.berezka_api.data.ConfigParam@1e8d9668, GlobalStructuresRotation=org.berezka.berezka_api.data.ConfigParam@8a7033a, UseGlobalStructuresRotation=org.berezka.berezka_api.data.ConfigParam@30b0c88d}
[06Aug2026 20:24:47.203] [modloading-worker-0/INFO] [org.berezka.berezka_api.API/]: [Berezka API] Config for berezka_api successfully registered!
[06Aug2026 20:24:47.241] [modloading-worker-0/INFO] [org.berezka.berezka_api.API/]: [Berezka API] Config spec: net.minecraftforge.common.ForgeConfigSpec@eeb59054
[06Aug2026 20:24:47.279] [modloading-worker-0/INFO] [org.berezka.berezka_api.API/]: [Berezka API] Config file path: C:\Users\strea\Desktop\Forge1.20.1\config\BerezkaAPI.toml
[06Aug2026 20:24:47.317] [modloading-worker-0/INFO] [org.berezka.berezka_api.API/]: [Berezka API] config for berezka_api was created in 191ms
[06Aug2026 20:24:48.240] [modloading-worker-0/INFO] [com.axperty.cratedelight.CrateDelight/]: Crate Delight loaded
[06Aug2026 20:24:48.414] [modloading-worker-0/INFO] [net.minecraftforge.common.ForgeMod/FORGEMOD]: Forge mod loading, version 47.4.10, for MC 1.20.1 with MCP 20230612.114412
[06Aug2026 20:24:48.451] [modloading-worker-0/INFO] [net.minecraftforge.common.MinecraftForge/FORGE]: MinecraftForge v47.4.10 Initialized
[06Aug2026 20:24:57.209] [modloading-worker-0/INFO] [STDOUT/]: [yalter.mousetweaks.Logger:Log:6]: [Mouse Tweaks] Disabled because not running on the client.
[06Aug2026 20:24:58.312] [modloading-worker-0/INFO] [Ksyxis/MOD_KSYXIS]: Ksyxis: Loading... (platform: forge, version: 1.4.3, manual: false)
[06Aug2026 20:24:58.353] [modloading-worker-0/INFO] [Ksyxis/MOD_KSYXIS]: Ksyxis: Ready to remove unneeded chunks. (mixinVersion: 0.8.5, time: 40 ms)
[06Aug2026 20:24:59.005] [modloading-worker-0/INFO] [Midnight/]: Welcome back to The Midnight. Shall we resume the spread of the malaise?
[06Aug2026 20:24:59.264] [modloading-worker-0/INFO] [com.epherical.epherolib.config.CommonConfig/]: Creating default config file: croptopia_v3.conf
[06Aug2026 20:25:02.490] [modloading-worker-0/INFO] [ModernFix/]: Bypassed Mojang DFU
[06Aug2026 20:25:02.532] [modloading-worker-0/INFO] [ModernFix/]: Instantiating Mojang DFU
[06Aug2026 20:25:03.820] [Modding Legacy/blue_skies/Supporters thread/INFO] [ModdingLegacy/blue_skies/Supporter/]: Attempting to load the Modding Legacy supporters list from https://moddinglegacy.com/supporters-changelogs/supporters.txt
[06Aug2026 20:25:07.185] [Modding Legacy/blue_skies/Supporters thread/INFO] [ModdingLegacy/blue_skies/Supporter/]: Successfully loaded the Modding Legacy supporters list.
[06Aug2026 20:25:09.245] [modloading-worker-0/INFO] [com.axperty.storagedelight.StorageDelight/]: Storage Delight loaded
[06Aug2026 20:25:10.413] [modloading-worker-0/INFO] [com.st0x0ef.beyond_earth.BeyondEarth/]: Beyond Earth Loaded Successfully!
[06Aug2026 20:25:15.624] [modloading-worker-0/INFO] [Spartan Weaponry/]: Constructing Mod: Spartan Weaponry
[06Aug2026 20:25:15.627] [modloading-worker-0/INFO] [Spartan Weaponry/]: Initialising API! Version: 12
[06Aug2026 20:25:15.632] [modloading-worker-0/INFO] [Spartan Weaponry/]: Spartan Weaponry API version 12 has been initalized!
[06Aug2026 20:25:16.026] [modloading-worker-0/INFO] [dev.architectury.networking.forge.NetworkManagerImpl/]: Registering C2S receiver with id architectury:sync_ids
[06Aug2026 20:25:16.059] [modloading-worker-0/INFO] [com.cupboard.Cupboard/]: Loaded config for: cupboard.json
[06Aug2026 20:25:16.533] [modloading-worker-0/INFO] [voidscape/]: Starting Donator Handler
[06Aug2026 20:25:16.542] [Voidscape Donator Loader/INFO] [voidscape/]: Loading donor data
[06Aug2026 20:25:17.199] [Voidscape Donator Loader/INFO] [voidscape/]: Donor data loaded
[06Aug2026 20:25:17.920] [modloading-worker-0/INFO] [geologicexpansion/]: Initializing tags of type: block
[06Aug2026 20:25:17.925] [modloading-worker-0/INFO] [geologicexpansion/]: Initializing tags of type: worldgen/biome
[06Aug2026 20:25:18.022] [modloading-worker-0/INFO] [com.simibubi.create.Create/]: Create 6.0.8 initializing! Commit hash: 1a1a9a2819b4f89f78caec41b55ed8cb222fa24b
[06Aug2026 20:25:23.614] [modloading-worker-0/INFO] [dev.architectury.networking.forge.NetworkManagerImpl/]: Registering C2S receiver with id magistuarmory:packet_long_reach_attack
[06Aug2026 20:25:23.622] [modloading-worker-0/INFO] [dev.architectury.networking.forge.NetworkManagerImpl/]: Registering C2S receiver with id magistuarmory:packet_lance_collision
[06Aug2026 20:25:23.688] [modloading-worker-0/INFO] [net.dixta.dixtas_armory.config.DixtasArmoryJsonConfig/]: Didn't write a new file because none was created
[06Aug2026 20:25:23.754] [modloading-worker-0/INFO] [net.dixta.dixtas_armory.config.DixtasArmoryJsonConfig/]: wooden_throwing_knife
[06Aug2026 20:25:23.762] [modloading-worker-0/INFO] [net.dixta.dixtas_armory.config.DixtasArmoryJsonConfig/]: Found use Anim: spear
[06Aug2026 20:25:23.769] [modloading-worker-0/INFO] [STDOUT/]: [com.magistuarmory.item.armor.ArmorType:<init>:64]: magistuarmory:minicrown
[06Aug2026 20:25:23.772] [modloading-worker-0/INFO] [net.dixta.dixtas_armory.config.DixtasArmoryJsonConfig/]: wooden_shuriken
[06Aug2026 20:25:23.774] [modloading-worker-0/INFO] [STDOUT/]: [com.magistuarmory.item.armor.ArmorType:<init>:64]: magistuarmory:crown
[06Aug2026 20:25:23.775] [modloading-worker-0/INFO] [net.dixta.dixtas_armory.config.DixtasArmoryJsonConfig/]: Found use Anim: spear
[06Aug2026 20:25:23.777] [modloading-worker-0/INFO] [STDOUT/]: [com.magistuarmory.item.armor.ArmorType:<init>:64]: magistuarmory:flowercrown
[06Aug2026 20:25:23.779] [modloading-worker-0/INFO] [net.dixta.dixtas_armory.config.DixtasArmoryJsonConfig/]: wooden_chakram
[06Aug2026 20:25:23.785] [modloading-worker-0/INFO] [STDOUT/]: [com.magistuarmory.item.armor.ArmorType:<init>:64]: minecraft:default
[06Aug2026 20:25:23.787] [modloading-worker-0/INFO] [net.dixta.dixtas_armory.config.DixtasArmoryJsonConfig/]: Found use Anim: spear
[06Aug2026 20:25:23.788] [modloading-worker-0/INFO] [STDOUT/]: [com.magistuarmory.item.armor.ArmorType:<init>:64]: magistuarmory:armet
[06Aug2026 20:25:23.791] [modloading-worker-0/INFO] [net.dixta.dixtas_armory.config.DixtasArmoryJsonConfig/]: wooden_javelin
[06Aug2026 20:25:23.793] [modloading-worker-0/INFO] [STDOUT/]: [com.magistuarmory.item.armor.ArmorType:<init>:64]: magistuarmory:stechhelm
[06Aug2026 20:25:23.794] [modloading-worker-0/INFO] [net.dixta.dixtas_armory.config.DixtasArmoryJsonConfig/]: Found use Anim: spear
[06Aug2026 20:25:23.795] [modloading-worker-0/INFO] [STDOUT/]: [com.magistuarmory.item.armor.ArmorType:<init>:64]: minecraft:default
[06Aug2026 20:25:23.801] [modloading-worker-0/INFO] [net.dixta.dixtas_armory.config.DixtasArmoryJsonConfig/]: stone_throwing_knife
[06Aug2026 20:25:23.803] [modloading-worker-0/INFO] [STDOUT/]: [com.magistuarmory.item.armor.ArmorType:<init>:64]: magistuarmory:sallet
[06Aug2026 20:25:23.804] [modloading-worker-0/INFO] [net.dixta.dixtas_armory.config.DixtasArmoryJsonConfig/]: Found use Anim: spear
[06Aug2026 20:25:23.806] [modloading-worker-0/INFO] [STDOUT/]: [com.magistuarmory.item.armor.ArmorType:<init>:64]: minecraft:default
[06Aug2026 20:25:23.807] [modloading-worker-0/INFO] [net.dixta.dixtas_armory.config.DixtasArmoryJsonConfig/]: stone_shuriken
[06Aug2026 20:25:23.808] [modloading-worker-0/INFO] [STDOUT/]: [com.magistuarmory.item.armor.ArmorType:<init>:64]: magistuarmory:maximilian_helmet
[06Aug2026 20:25:23.810] [modloading-worker-0/INFO] [net.dixta.dixtas_armory.config.DixtasArmoryJsonConfig/]: Found use Anim: spear
[06Aug2026 20:25:23.811] [modloading-worker-0/INFO] [STDOUT/]: [com.magistuarmory.item.armor.ArmorType:<init>:64]: minecraft:default
[06Aug2026 20:25:23.816] [modloading-worker-0/INFO] [net.dixta.dixtas_armory.config.DixtasArmoryJsonConfig/]: stone_chakram
[06Aug2026 20:25:23.818] [modloading-worker-0/INFO] [STDOUT/]: [com.magistuarmory.item.armor.ArmorType:<init>:64]: minecraft:default
[06Aug2026 20:25:23.822] [modloading-worker-0/INFO] [STDOUT/]: [com.magistuarmory.item.armor.ArmorType:<init>:64]: magistuarmory:kettlehat
[06Aug2026 20:25:23.819] [modloading-worker-0/INFO] [net.dixta.dixtas_armory.config.DixtasArmoryJsonConfig/]: Found use Anim: spear
[06Aug2026 20:25:23.824] [modloading-worker-0/INFO] [STDOUT/]: [com.magistuarmory.item.armor.ArmorType:<init>:64]: minecraft:default
[06Aug2026 20:25:23.826] [modloading-worker-0/INFO] [net.dixta.dixtas_armory.config.DixtasArmoryJsonConfig/]: stone_javelin
[06Aug2026 20:25:23.827] [modloading-worker-0/INFO] [STDOUT/]: [com.magistuarmory.item.armor.ArmorType:<init>:64]: magistuarmory:barbute
[06Aug2026 20:25:23.828] [modloading-worker-0/INFO] [net.dixta.dixtas_armory.config.DixtasArmoryJsonConfig/]: Found use Anim: spear
[06Aug2026 20:25:23.833] [modloading-worker-0/INFO] [STDOUT/]: [com.magistuarmory.item.armor.ArmorType:<init>:64]: minecraft:default
[06Aug2026 20:25:23.835] [modloading-worker-0/INFO] [net.dixta.dixtas_armory.config.DixtasArmoryJsonConfig/]: golden_throwing_knife
[06Aug2026 20:25:23.838] [modloading-worker-0/INFO] [STDOUT/]: [com.magistuarmory.item.armor.ArmorType:<init>:64]: magistuarmory:crusader
[06Aug2026 20:25:23.840] [modloading-worker-0/INFO] [net.dixta.dixtas_armory.config.DixtasArmoryJsonConfig/]: Found use Anim: spear
[06Aug2026 20:25:23.842] [modloading-worker-0/INFO] [STDOUT/]: [com.magistuarmory.item.armor.ArmorType:<init>:64]: minecraft:default
[06Aug2026 20:25:23.844] [modloading-worker-0/INFO] [net.dixta.dixtas_armory.config.DixtasArmoryJsonConfig/]: golden_shuriken
[06Aug2026 20:25:23.849] [modloading-worker-0/INFO] [STDOUT/]: [com.magistuarmory.item.armor.ArmorType:<init>:64]: minecraft:default
[06Aug2026 20:25:23.851] [modloading-worker-0/INFO] [net.dixta.dixtas_armory.config.DixtasArmoryJsonConfig/]: Found use Anim: spear
[06Aug2026 20:25:23.854] [modloading-worker-0/INFO] [STDOUT/]: [com.magistuarmory.item.armor.ArmorType:<init>:64]: minecraft:default
[06Aug2026 20:25:23.855] [modloading-worker-0/INFO] [net.dixta.dixtas_armory.config.DixtasArmoryJsonConfig/]: golden_chakram
[06Aug2026 20:25:23.856] [modloading-worker-0/INFO] [net.dixta.dixtas_armory.config.DixtasArmoryJsonConfig/]: Found use Anim: spear
[06Aug2026 20:25:23.858] [modloading-worker-0/INFO] [STDOUT/]: [com.magistuarmory.item.armor.ArmorType:<init>:64]: magistuarmory:armet
[06Aug2026 20:25:23.858] [modloading-worker-0/INFO] [net.dixta.dixtas_armory.config.DixtasArmoryJsonConfig/]: golden_javelin
[06Aug2026 20:25:23.860] [modloading-worker-0/INFO] [net.dixta.dixtas_armory.config.DixtasArmoryJsonConfig/]: Found use Anim: spear
[06Aug2026 20:25:23.860] [modloading-worker-0/INFO] [STDOUT/]: [com.magistuarmory.item.armor.ArmorType:<init>:64]: minecraft:default
[06Aug2026 20:25:23.866] [modloading-worker-0/INFO] [net.dixta.dixtas_armory.config.DixtasArmoryJsonConfig/]: iron_throwing_knife
[06Aug2026 20:25:23.868] [modloading-worker-0/INFO] [STDOUT/]: [com.magistuarmory.item.armor.ArmorType:<init>:64]: magistuarmory:conic_helmet
[06Aug2026 20:25:23.869] [modloading-worker-0/INFO] [STDOUT/]: [com.magistuarmory.item.armor.ArmorType:<init>:64]: magistuarmory:conic_helmet
[06Aug2026 20:25:23.869] [modloading-worker-0/INFO] [net.dixta.dixtas_armory.config.DixtasArmoryJsonConfig/]: Found use Anim: spear
[06Aug2026 20:25:23.871] [modloading-worker-0/INFO] [net.dixta.dixtas_armory.config.DixtasArmoryJsonConfig/]: iron_shuriken
[06Aug2026 20:25:23.873] [modloading-worker-0/INFO] [net.dixta.dixtas_armory.config.DixtasArmoryJsonConfig/]: Found use Anim: spear
[06Aug2026 20:25:23.872] [modloading-worker-0/INFO] [STDOUT/]: [com.magistuarmory.item.armor.ArmorType:<init>:64]: magistuarmory:barbute
[06Aug2026 20:25:23.874] [modloading-worker-0/INFO] [net.dixta.dixtas_armory.config.DixtasArmoryJsonConfig/]: iron_chakram
[06Aug2026 20:25:23.876] [modloading-worker-0/INFO] [net.dixta.dixtas_armory.config.DixtasArmoryJsonConfig/]: Found use Anim: spear
[06Aug2026 20:25:23.877] [modloading-worker-0/INFO] [STDOUT/]: [com.magistuarmory.item.armor.ArmorType:<init>:64]: minecraft:default
[06Aug2026 20:25:23.879] [modloading-worker-0/INFO] [STDOUT/]: [com.magistuarmory.item.armor.ArmorType:<init>:64]: minecraft:default
[06Aug2026 20:25:23.877] [modloading-worker-0/INFO] [net.dixta.dixtas_armory.config.DixtasArmoryJsonConfig/]: iron_javelin
[06Aug2026 20:25:23.886] [modloading-worker-0/INFO] [net.dixta.dixtas_armory.config.DixtasArmoryJsonConfig/]: Found use Anim: spear
[06Aug2026 20:25:23.887] [modloading-worker-0/INFO] [STDOUT/]: [com.magistuarmory.item.armor.ArmorType:<init>:64]: magistuarmory:kettlehat
[06Aug2026 20:25:23.891] [modloading-worker-0/INFO] [STDOUT/]: [com.magistuarmory.item.armor.ArmorType:<init>:64]: magistuarmory:conic_helmet
[06Aug2026 20:25:23.895] [modloading-worker-0/INFO] [STDOUT/]: [com.magistuarmory.item.armor.ArmorType:<init>:64]: magistuarmory:crusader
[06Aug2026 20:25:23.899] [modloading-worker-0/INFO] [STDOUT/]: [com.magistuarmory.item.armor.ArmorType:<init>:64]: minecraft:default
[06Aug2026 20:25:23.902] [modloading-worker-0/INFO] [net.dixta.dixtas_armory.config.DixtasArmoryJsonConfig/]: silver_throwing_knife
[06Aug2026 20:25:23.903] [modloading-worker-0/INFO] [net.dixta.dixtas_armory.config.DixtasArmoryJsonConfig/]: Found use Anim: spear
[06Aug2026 20:25:23.905] [modloading-worker-0/INFO] [STDOUT/]: [com.magistuarmory.item.armor.ArmorType:<init>:64]: magistuarmory:bascinet
[06Aug2026 20:25:23.906] [modloading-worker-0/INFO] [STDOUT/]: [com.magistuarmory.item.armor.ArmorType:<init>:64]: minecraft:default
[06Aug2026 20:25:23.906] [modloading-worker-0/INFO] [net.dixta.dixtas_armory.config.DixtasArmoryJsonConfig/]: silver_shuriken
[06Aug2026 20:25:23.908] [modloading-worker-0/INFO] [net.dixta.dixtas_armory.config.DixtasArmoryJsonConfig/]: Found use Anim: spear
[06Aug2026 20:25:23.908] [modloading-worker-0/INFO] [STDOUT/]: [com.magistuarmory.item.armor.ArmorType:<init>:64]: magistuarmory:wingedhussarchestplate
[06Aug2026 20:25:23.909] [modloading-worker-0/INFO] [net.dixta.dixtas_armory.config.DixtasArmoryJsonConfig/]: silver_chakram
[06Aug2026 20:25:23.911] [modloading-worker-0/INFO] [net.dixta.dixtas_armory.config.DixtasArmoryJsonConfig/]: Found use Anim: spear
[06Aug2026 20:25:23.910] [modloading-worker-0/INFO] [STDOUT/]: [com.magistuarmory.item.armor.ArmorType:<init>:64]: minecraft:default
[06Aug2026 20:25:23.917] [modloading-worker-0/INFO] [net.dixta.dixtas_armory.config.DixtasArmoryJsonConfig/]: silver_javelin
[06Aug2026 20:25:23.919] [modloading-worker-0/INFO] [STDOUT/]: [com.magistuarmory.item.armor.ArmorType:<init>:64]: minecraft:default
[06Aug2026 20:25:23.920] [modloading-worker-0/INFO] [net.dixta.dixtas_armory.config.DixtasArmoryJsonConfig/]: Found use Anim: spear
[06Aug2026 20:25:23.922] [modloading-worker-0/INFO] [STDOUT/]: [com.magistuarmory.item.armor.ArmorType:<init>:64]: magistuarmory:grand_bascinet
[06Aug2026 20:25:23.923] [modloading-worker-0/INFO] [net.dixta.dixtas_armory.config.DixtasArmoryJsonConfig/]: diamond_throwing_knife
[06Aug2026 20:25:23.924] [modloading-worker-0/INFO] [STDOUT/]: [com.magistuarmory.item.armor.ArmorType:<init>:64]: minecraft:default
[06Aug2026 20:25:23.924] [modloading-worker-0/INFO] [net.dixta.dixtas_armory.config.DixtasArmoryJsonConfig/]: Found use Anim: spear
[06Aug2026 20:25:23.929] [modloading-worker-0/INFO] [net.dixta.dixtas_armory.config.DixtasArmoryJsonConfig/]: diamond_shuriken
[06Aug2026 20:25:23.933] [modloading-worker-0/INFO] [net.dixta.dixtas_armory.config.DixtasArmoryJsonConfig/]: Found use Anim: spear
[06Aug2026 20:25:23.934] [modloading-worker-0/INFO] [net.dixta.dixtas_armory.config.DixtasArmoryJsonConfig/]: diamond_chakram
[06Aug2026 20:25:23.937] [modloading-worker-0/INFO] [net.dixta.dixtas_armory.config.DixtasArmoryJsonConfig/]: Found use Anim: spear
[06Aug2026 20:25:23.944] [modloading-worker-0/INFO] [net.dixta.dixtas_armory.config.DixtasArmoryJsonConfig/]: diamond_javelin
[06Aug2026 20:25:23.948] [modloading-worker-0/INFO] [net.dixta.dixtas_armory.config.DixtasArmoryJsonConfig/]: Found use Anim: spear
[06Aug2026 20:25:23.951] [modloading-worker-0/INFO] [net.dixta.dixtas_armory.config.DixtasArmoryJsonConfig/]: netherite_throwing_knife
[06Aug2026 20:25:23.952] [modloading-worker-0/INFO] [net.dixta.dixtas_armory.config.DixtasArmoryJsonConfig/]: Found use Anim: spear
[06Aug2026 20:25:23.954] [modloading-worker-0/INFO] [net.dixta.dixtas_armory.config.DixtasArmoryJsonConfig/]: netherite_shuriken
[06Aug2026 20:25:23.955] [modloading-worker-0/INFO] [net.dixta.dixtas_armory.config.DixtasArmoryJsonConfig/]: Found use Anim: spear
[06Aug2026 20:25:23.956] [modloading-worker-0/INFO] [net.dixta.dixtas_armory.config.DixtasArmoryJsonConfig/]: netherite_chakram
[06Aug2026 20:25:23.959] [modloading-worker-0/INFO] [net.dixta.dixtas_armory.config.DixtasArmoryJsonConfig/]: Found use Anim: spear
[06Aug2026 20:25:23.960] [modloading-worker-0/INFO] [net.dixta.dixtas_armory.config.DixtasArmoryJsonConfig/]: netherite_javelin
[06Aug2026 20:25:23.961] [modloading-worker-0/INFO] [net.dixta.dixtas_armory.config.DixtasArmoryJsonConfig/]: Found use Anim: spear
[06Aug2026 20:25:23.965] [modloading-worker-0/INFO] [net.dixta.dixtas_armory.config.DixtasArmoryJsonConfig/]: necromium_throwing_knife
[06Aug2026 20:25:23.966] [modloading-worker-0/INFO] [net.dixta.dixtas_armory.config.DixtasArmoryJsonConfig/]: Found use Anim: spear
[06Aug2026 20:25:23.968] [modloading-worker-0/INFO] [net.dixta.dixtas_armory.config.DixtasArmoryJsonConfig/]: necromium_shuriken
[06Aug2026 20:25:23.969] [modloading-worker-0/INFO] [net.dixta.dixtas_armory.config.DixtasArmoryJsonConfig/]: Found use Anim: spear
[06Aug2026 20:25:23.970] [modloading-worker-0/INFO] [net.dixta.dixtas_armory.config.DixtasArmoryJsonConfig/]: necromium_chakram
[06Aug2026 20:25:23.971] [modloading-worker-0/INFO] [net.dixta.dixtas_armory.config.DixtasArmoryJsonConfig/]: Found use Anim: spear
[06Aug2026 20:25:23.975] [modloading-worker-0/INFO] [net.dixta.dixtas_armory.config.DixtasArmoryJsonConfig/]: necromium_javelin
[06Aug2026 20:25:23.976] [modloading-worker-0/INFO] [net.dixta.dixtas_armory.config.DixtasArmoryJsonConfig/]: Found use Anim: spear
[06Aug2026 20:25:24.412] [modloading-worker-0/WARN] [mixin/]: Method overwrite conflict for getEntries in croptopia.forge.mixins.json:LootPoolAccessor, previously written by com.blackgear.platform.core.mixin.forge.LootPoolMixin. Skipping method.
[06Aug2026 20:25:25.451] [modloading-worker-0/INFO] [org.infernalstudios.miningmaster.MiningMaster/]: Mining Master: Blocks Registered!
[06Aug2026 20:25:25.454] [modloading-worker-0/INFO] [org.infernalstudios.miningmaster.MiningMaster/]: Mining Master: Items Registered!
[06Aug2026 20:25:25.469] [modloading-worker-0/INFO] [org.infernalstudios.miningmaster.MiningMaster/]: Mining Master: Enchantments Registered!
[06Aug2026 20:25:25.478] [modloading-worker-0/INFO] [org.infernalstudios.miningmaster.MiningMaster/]: Mining Master: Recipes Registered!
[06Aug2026 20:25:25.482] [modloading-worker-0/INFO] [org.infernalstudios.miningmaster.MiningMaster/]: Mining Master: Container Types Registered!
[06Aug2026 20:25:25.485] [modloading-worker-0/INFO] [org.infernalstudios.miningmaster.MiningMaster/]: Mining Master: Tile Entity Types Registered!
[06Aug2026 20:25:25.490] [modloading-worker-0/INFO] [org.infernalstudios.miningmaster.MiningMaster/]: Mining Master: Sounds Registered!
[06Aug2026 20:25:25.495] [modloading-worker-0/INFO] [org.infernalstudios.miningmaster.MiningMaster/]: Mining Master: Loot Modifiers Registered!
[06Aug2026 20:25:25.501] [modloading-worker-0/INFO] [org.infernalstudios.miningmaster.MiningMaster/]: Mining Master: Features Registered!
[06Aug2026 20:25:25.698] [modloading-worker-0/INFO] [com.axperty.delightlib.api.DelightAddon/]: Delight Lib initialized for: moredelight
[06Aug2026 20:25:28.506] [modloading-worker-0/INFO] [Mystical Agriculture/]: Registered plugin: com.blakebr0.mysticalagriculture.lib.ModCorePlugin
[06Aug2026 20:25:28.542] [modloading-worker-0/INFO] [Mystical Agriculture/]: Loaded 1 plugins
[06Aug2026 20:25:30.166] [modloading-worker-0/INFO] [Archery Expansion/]: Finished Loading Archery Expansion
[06Aug2026 20:25:30.718] [modloading-worker-0/INFO] [dev.architectury.networking.forge.NetworkManagerImpl/]: Registering C2S receiver with id gardens_of_the_dead:networking_channel/bc2f24ca5d503301bb3abf7b928d614e
[06Aug2026 20:25:33.022] [modloading-worker-0/INFO] [com.axperty.delightlib.DelightLib/]: Delight Lib loaded
[06Aug2026 20:25:33.193] [modloading-worker-0/INFO] [toughasnails/]: Serene Seasons detected. Enabling season modifier.
[06Aug2026 20:25:58.388] [main/ERROR] [net.minecraftforge.eventbus.EventSubclassTransformer/EVENTBUS]: Could not find parent net/minecraft/client/resources/sounds/AbstractTickableSoundInstance for class com/teamabnormals/caverns_and_chasms/client/resources/sounds/MovingDoorMoveSoundInstance in classloader cpw.mods.modlauncher.TransformingClassLoader@74badf19 on thread Thread[main,5,main]
[06Aug2026 20:25:58.392] [main/ERROR] [net.minecraftforge.eventbus.EventSubclassTransformer/EVENTBUS]: An error occurred building event handler
java.lang.ClassNotFoundException: net.minecraft.client.resources.sounds.AbstractTickableSoundInstance
	at cpw.mods.cl.ModuleClassLoader.loadClass(ModuleClassLoader.java:141) ~[securejarhandler-2.1.10.jar:?]
	at java.lang.ClassLoader.loadClass(ClassLoader.java:525) ~[?:?]
	at net.minecraftforge.eventbus.EventSubclassTransformer.buildEvents(EventSubclassTransformer.java:97) ~[eventbus-6.0.5.jar%2352!/:?]
	at net.minecraftforge.eventbus.EventSubclassTransformer.transform(EventSubclassTransformer.java:48) ~[eventbus-6.0.5.jar%2352!/:?]
	at net.minecraftforge.eventbus.EventBusEngine.processClass(EventBusEngine.java:26) ~[eventbus-6.0.5.jar%2352!/:?]
	at net.minecraftforge.eventbus.service.ModLauncherService.processClassWithFlags(ModLauncherService.java:32) ~[eventbus-6.0.5.jar%2352!/:6.0.5+6.0.5+master.eb8e549b]
	at cpw.mods.modlauncher.LaunchPluginHandler.offerClassNodeToPlugins(LaunchPluginHandler.java:88) ~[modlauncher-10.0.9.jar%2355!/:?]
	at cpw.mods.modlauncher.ClassTransformer.transform(ClassTransformer.java:120) ~[modlauncher-10.0.9.jar%2355!/:?]
	at cpw.mods.modlauncher.TransformingClassLoader.maybeTransformClassBytes(TransformingClassLoader.java:50) ~[modlauncher-10.0.9.jar%2355!/:?]
	at cpw.mods.cl.ModuleClassLoader.readerToClass(ModuleClassLoader.java:113) ~[securejarhandler-2.1.10.jar:?]
	at cpw.mods.cl.ModuleClassLoader.lambda$findClass$15(ModuleClassLoader.java:219) ~[securejarhandler-2.1.10.jar:?]
	at cpw.mods.cl.ModuleClassLoader.loadFromModule(ModuleClassLoader.java:229) ~[securejarhandler-2.1.10.jar:?]
	at cpw.mods.cl.ModuleClassLoader.findClass(ModuleClassLoader.java:219) ~[securejarhandler-2.1.10.jar:?]
	at cpw.mods.cl.ModuleClassLoader.loadClass(ModuleClassLoader.java:135) ~[securejarhandler-2.1.10.jar:?]
	at java.lang.ClassLoader.loadClass(ClassLoader.java:525) ~[?:?]
	at java.lang.Class.getDeclaredMethods0(Native Method) ~[?:?]
	at java.lang.Class.privateGetDeclaredMethods(Class.java:3404) ~[?:?]
	at java.lang.Class.getDeclaredMethod(Class.java:2675) ~[?:?]
	at me.jellysquid.mods.lithium.common.reflection.ReflectionUtil.hasMethodOverride(ReflectionUtil.java:13) ~[radium-mc1.20.1-0.12.4+git.26c9d8e.jar%23614!/:?]
	at me.jellysquid.mods.lithium.common.ai.pathing.BlockClassChecker.lambda$hasNonstandardImplementation$0(BlockClassChecker.java:30) ~[radium-mc1.20.1-0.12.4+git.26c9d8e.jar%23614!/:?]
	at java.util.concurrent.ConcurrentHashMap.computeIfAbsent(ConcurrentHashMap.java:1740) ~[?:?]
	at me.jellysquid.mods.lithium.common.ai.pathing.BlockClassChecker.shouldUseDynamicTypeCheck(BlockClassChecker.java:22) ~[radium-mc1.20.1-0.12.4+git.26c9d8e.jar%23614!/:?]
	at net.minecraft.world.level.block.Block.handler$ban000$postConstruct(Block.java:1639) ~[server-1.20.1-20230612.114412-srg.jar%23701!/:?]
	at net.minecraft.world.level.block.Block.<init>(Block.java:181) ~[server-1.20.1-20230612.114412-srg.jar%23701!/:?]
	at net.minecraft.world.level.block.BaseEntityBlock.<init>(BaseEntityBlock.java:15) ~[server-1.20.1-20230612.114412-srg.jar%23701!/:?]
	at com.teamabnormals.caverns_and_chasms.common.block.holdable.AbstractMovingDoorBlock.<init>(AbstractMovingDoorBlock.java:49) ~[caverns_and_chasms-1.20.1-2.1.3.jar%23451!/:2.1.3]
	at com.teamabnormals.caverns_and_chasms.common.block.holdable.RollerDoorBlock.<init>(RollerDoorBlock.java:60) ~[caverns_and_chasms-1.20.1-2.1.3.jar%23451!/:2.1.3]
	at com.teamabnormals.caverns_and_chasms.core.registry.CCBlocks.lambda$static$28(CCBlocks.java:112) ~[caverns_and_chasms-1.20.1-2.1.3.jar%23451!/:2.1.3]
	at net.minecraftforge.registries.DeferredRegister.lambda$addEntries$1(DeferredRegister.java:386) ~[forge-1.20.1-47.4.10-universal.jar%23706!/:?]
	at net.minecraftforge.registries.RegisterEvent.register(RegisterEvent.java:59) ~[forge-1.20.1-47.4.10-universal.jar%23706!/:?]
	at net.minecraftforge.registries.DeferredRegister.addEntries(DeferredRegister.java:386) ~[forge-1.20.1-47.4.10-universal.jar%23706!/:?]
	at net.minecraftforge.registries.DeferredRegister$EventDispatcher.handleEvent(DeferredRegister.java:328) ~[forge-1.20.1-47.4.10-universal.jar%23706!/:?]
	at net.minecraftforge.registries.__EventDispatcher_handleEvent_RegisterEvent.invoke(.dynamic) ~[forge-1.20.1-47.4.10-universal.jar%23706!/:?]
	at net.minecraftforge.eventbus.ASMEventHandler.invoke(ASMEventHandler.java:73) ~[eventbus-6.0.5.jar%2352!/:?]
	at net.minecraftforge.eventbus.EventBus.post(EventBus.java:315) ~[eventbus-6.0.5.jar%2352!/:?]
	at net.minecraftforge.eventbus.EventBus.post(EventBus.java:296) ~[eventbus-6.0.5.jar%2352!/:?]
	at net.minecraftforge.fml.javafmlmod.FMLModContainer.acceptEvent(FMLModContainer.java:121) ~[javafmllanguage-1.20.1-47.4.10.jar%23703!/:?]
	at net.minecraftforge.fml.ModLoader.lambda$postEventWithWrapInModOrder$33(ModLoader.java:346) ~[fmlcore-1.20.1-47.4.10.jar%23702!/:?]
	at java.lang.Iterable.forEach(Iterable.java:75) ~[?:?]
	at net.minecraftforge.fml.ModList.forEachModInOrder(ModList.java:227) ~[fmlcore-1.20.1-47.4.10.jar%23702!/:?]
	at net.minecraftforge.fml.ModLoader.postEventWithWrapInModOrder(ModLoader.java:344) ~[fmlcore-1.20.1-47.4.10.jar%23702!/:?]
	at net.minecraftforge.fml.ModLoader.postEventWrapContainerInModOrder(ModLoader.java:337) ~[fmlcore-1.20.1-47.4.10.jar%23702!/:?]
	at net.minecraftforge.registries.GameData.postRegisterEvents(GameData.java:329) ~[forge-1.20.1-47.4.10-universal.jar%23706!/:?]
	at net.minecraftforge.common.ForgeStatesProvider.lambda$new$4(ForgeStatesProvider.java:25) ~[forge-1.20.1-47.4.10-universal.jar%23706!/:?]
	at net.minecraftforge.fml.ModLoader.handleInlineTransition(ModLoader.java:217) ~[fmlcore-1.20.1-47.4.10.jar%23702!/:?]
	at net.minecraftforge.fml.ModLoader.lambda$dispatchAndHandleError$19(ModLoader.java:209) ~[fmlcore-1.20.1-47.4.10.jar%23702!/:?]
	at java.util.Optional.ifPresent(Optional.java:178) ~[?:?]
	at net.minecraftforge.fml.ModLoader.dispatchAndHandleError(ModLoader.java:209) ~[fmlcore-1.20.1-47.4.10.jar%23702!/:?]
	at net.minecraftforge.fml.ModLoader.lambda$gatherAndInitializeMods$13(ModLoader.java:183) ~[fmlcore-1.20.1-47.4.10.jar%23702!/:?]
	at java.lang.Iterable.forEach(Iterable.java:75) ~[?:?]
	at net.minecraftforge.fml.ModLoader.gatherAndInitializeMods(ModLoader.java:183) ~[fmlcore-1.20.1-47.4.10.jar%23702!/:?]
	at net.minecraftforge.server.loading.ServerModLoader.load(ServerModLoader.java:30) ~[forge-1.20.1-47.4.10-universal.jar%23706!/:?]
	at net.minecraft.server.Main.main(Main.java:125) ~[server-1.20.1-20230612.114412-srg.jar%23701!/:?]
	at jdk.internal.reflect.NativeMethodAccessorImpl.invoke0(Native Method) ~[?:?]
	at jdk.internal.reflect.NativeMethodAccessorImpl.invoke(NativeMethodAccessorImpl.java:77) ~[?:?]
	at jdk.internal.reflect.DelegatingMethodAccessorImpl.invoke(DelegatingMethodAccessorImpl.java:43) ~[?:?]
	at java.lang.reflect.Method.invoke(Method.java:569) ~[?:?]
	at net.minecraftforge.fml.loading.targets.CommonLaunchHandler.runTarget(CommonLaunchHandler.java:111) ~[fmlloader-1.20.1-47.4.10.jar%2369!/:?]
	at net.minecraftforge.fml.loading.targets.CommonLaunchHandler.serverService(CommonLaunchHandler.java:103) ~[fmlloader-1.20.1-47.4.10.jar%2369!/:?]
	at net.minecraftforge.fml.loading.targets.CommonServerLaunchHandler.lambda$makeService$0(CommonServerLaunchHandler.java:27) ~[fmlloader-1.20.1-47.4.10.jar%2369!/:?]
	at cpw.mods.modlauncher.LaunchServiceHandlerDecorator.launch(LaunchServiceHandlerDecorator.java:30) ~[modlauncher-10.0.9.jar%2355!/:?]
	at cpw.mods.modlauncher.LaunchServiceHandler.launch(LaunchServiceHandler.java:53) ~[modlauncher-10.0.9.jar%2355!/:?]
	at cpw.mods.modlauncher.LaunchServiceHandler.launch(LaunchServiceHandler.java:71) ~[modlauncher-10.0.9.jar%2355!/:?]
	at cpw.mods.modlauncher.Launcher.run(Launcher.java:108) ~[modlauncher-10.0.9.jar%2355!/:?]
	at cpw.mods.modlauncher.Launcher.main(Launcher.java:78) ~[modlauncher-10.0.9.jar%2355!/:?]
	at cpw.mods.modlauncher.BootstrapLaunchConsumer.accept(BootstrapLaunchConsumer.java:26) ~[modlauncher-10.0.9.jar%2355!/:?]
	at cpw.mods.modlauncher.BootstrapLaunchConsumer.accept(BootstrapLaunchConsumer.java:23) ~[modlauncher-10.0.9.jar%2355!/:?]
	at cpw.mods.bootstraplauncher.BootstrapLauncher.main(BootstrapLauncher.java:141) ~[bootstraplauncher-1.1.2.jar:?]
[06Aug2026 20:25:58.420] [main/ERROR] [net.minecraftforge.fml.loading.RuntimeDistCleaner/DISTXFORM]: Attempted to load class com/teamabnormals/caverns_and_chasms/client/resources/sounds/MovingDoorMoveSoundInstance for invalid dist DEDICATED_SERVER
[06Aug2026 20:25:58.423] [main/WARN] [Radium Class Analysis/]: Radium Class Analysis Error: Class com.teamabnormals.caverns_and_chasms.common.block.holdable.RollerDoorBlock cannot be analysed, because getting declared methods crashes with RuntimeException: Attempted to load class com/teamabnormals/caverns_and_chasms/client/resources/sounds/MovingDoorMoveSoundInstance for invalid dist DEDICATED_SERVER. This is usually caused by modded entities declaring methods that have a return type or parameter type that is annotated with @OnlyIn(Dist.CLIENT). Loading the type is not possible, because it only exists in the CLIENT environment. The recommended fix is to annotate the method with this argument or return type with the same annotation. Lithium handles this error by assuming the class cannot be included in some optimizations.
[06Aug2026 20:25:58.431] [main/ERROR] [net.minecraftforge.eventbus.EventSubclassTransformer/EVENTBUS]: Could not find parent net/minecraft/client/resources/sounds/AbstractTickableSoundInstance for class com/teamabnormals/caverns_and_chasms/client/resources/sounds/MovingDoorMoveSoundInstance in classloader cpw.mods.modlauncher.TransformingClassLoader@74badf19 on thread Thread[main,5,main]
[06Aug2026 20:25:58.434] [main/ERROR] [net.minecraftforge.eventbus.EventSubclassTransformer/EVENTBUS]: An error occurred building event handler
java.lang.ClassNotFoundException: net.minecraft.client.resources.sounds.AbstractTickableSoundInstance
	at cpw.mods.cl.ModuleClassLoader.loadClass(ModuleClassLoader.java:141) ~[securejarhandler-2.1.10.jar:?]
	at java.lang.ClassLoader.loadClass(ClassLoader.java:525) ~[?:?]
	at net.minecraftforge.eventbus.EventSubclassTransformer.buildEvents(EventSubclassTransformer.java:97) ~[eventbus-6.0.5.jar%2352!/:?]
	at net.minecraftforge.eventbus.EventSubclassTransformer.transform(EventSubclassTransformer.java:48) ~[eventbus-6.0.5.jar%2352!/:?]
	at net.minecraftforge.eventbus.EventBusEngine.processClass(EventBusEngine.java:26) ~[eventbus-6.0.5.jar%2352!/:?]
	at net.minecraftforge.eventbus.service.ModLauncherService.processClassWithFlags(ModLauncherService.java:32) ~[eventbus-6.0.5.jar%2352!/:6.0.5+6.0.5+master.eb8e549b]
	at cpw.mods.modlauncher.LaunchPluginHandler.offerClassNodeToPlugins(LaunchPluginHandler.java:88) ~[modlauncher-10.0.9.jar%2355!/:?]
	at cpw.mods.modlauncher.ClassTransformer.transform(ClassTransformer.java:120) ~[modlauncher-10.0.9.jar%2355!/:?]
	at cpw.mods.modlauncher.TransformingClassLoader.maybeTransformClassBytes(TransformingClassLoader.java:50) ~[modlauncher-10.0.9.jar%2355!/:?]
	at cpw.mods.cl.ModuleClassLoader.readerToClass(ModuleClassLoader.java:113) ~[securejarhandler-2.1.10.jar:?]
	at cpw.mods.cl.ModuleClassLoader.lambda$findClass$15(ModuleClassLoader.java:219) ~[securejarhandler-2.1.10.jar:?]
	at cpw.mods.cl.ModuleClassLoader.loadFromModule(ModuleClassLoader.java:229) ~[securejarhandler-2.1.10.jar:?]
	at cpw.mods.cl.ModuleClassLoader.findClass(ModuleClassLoader.java:219) ~[securejarhandler-2.1.10.jar:?]
	at cpw.mods.cl.ModuleClassLoader.loadClass(ModuleClassLoader.java:135) ~[securejarhandler-2.1.10.jar:?]
	at java.lang.ClassLoader.loadClass(ClassLoader.java:525) ~[?:?]
	at java.lang.Class.getDeclaredMethods0(Native Method) ~[?:?]
	at java.lang.Class.privateGetDeclaredMethods(Class.java:3404) ~[?:?]
	at java.lang.Class.getDeclaredMethod(Class.java:2675) ~[?:?]
	at me.jellysquid.mods.lithium.common.reflection.ReflectionUtil.hasMethodOverride(ReflectionUtil.java:13) ~[radium-mc1.20.1-0.12.4+git.26c9d8e.jar%23614!/:?]
	at me.jellysquid.mods.lithium.common.ai.pathing.BlockClassChecker.lambda$hasNonstandardImplementation$0(BlockClassChecker.java:30) ~[radium-mc1.20.1-0.12.4+git.26c9d8e.jar%23614!/:?]
	at java.util.concurrent.ConcurrentHashMap.computeIfAbsent(ConcurrentHashMap.java:1740) ~[?:?]
	at me.jellysquid.mods.lithium.common.ai.pathing.BlockClassChecker.shouldUseDynamicBurningCheck(BlockClassChecker.java:26) ~[radium-mc1.20.1-0.12.4+git.26c9d8e.jar%23614!/:?]
	at net.minecraft.world.level.block.Block.handler$ban000$postConstruct(Block.java:1640) ~[server-1.20.1-20230612.114412-srg.jar%23701!/:?]
	at net.minecraft.world.level.block.Block.<init>(Block.java:181) ~[server-1.20.1-20230612.114412-srg.jar%23701!/:?]
	at net.minecraft.world.level.block.BaseEntityBlock.<init>(BaseEntityBlock.java:15) ~[server-1.20.1-20230612.114412-srg.jar%23701!/:?]
	at com.teamabnormals.caverns_and_chasms.common.block.holdable.AbstractMovingDoorBlock.<init>(AbstractMovingDoorBlock.java:49) ~[caverns_and_chasms-1.20.1-2.1.3.jar%23451!/:2.1.3]
	at com.teamabnormals.caverns_and_chasms.common.block.holdable.RollerDoorBlock.<init>(RollerDoorBlock.java:60) ~[caverns_and_chasms-1.20.1-2.1.3.jar%23451!/:2.1.3]
	at com.teamabnormals.caverns_and_chasms.core.registry.CCBlocks.lambda$static$28(CCBlocks.java:112) ~[caverns_and_chasms-1.20.1-2.1.3.jar%23451!/:2.1.3]
	at net.minecraftforge.registries.DeferredRegister.lambda$addEntries$1(DeferredRegister.java:386) ~[forge-1.20.1-47.4.10-universal.jar%23706!/:?]
	at net.minecraftforge.registries.RegisterEvent.register(RegisterEvent.java:59) ~[forge-1.20.1-47.4.10-universal.jar%23706!/:?]
	at net.minecraftforge.registries.DeferredRegister.addEntries(DeferredRegister.java:386) ~[forge-1.20.1-47.4.10-universal.jar%23706!/:?]
	at net.minecraftforge.registries.DeferredRegister$EventDispatcher.handleEvent(DeferredRegister.java:328) ~[forge-1.20.1-47.4.10-universal.jar%23706!/:?]
	at net.minecraftforge.registries.__EventDispatcher_handleEvent_RegisterEvent.invoke(.dynamic) ~[forge-1.20.1-47.4.10-universal.jar%23706!/:?]
	at net.minecraftforge.eventbus.ASMEventHandler.invoke(ASMEventHandler.java:73) ~[eventbus-6.0.5.jar%2352!/:?]
	at net.minecraftforge.eventbus.EventBus.post(EventBus.java:315) ~[eventbus-6.0.5.jar%2352!/:?]
	at net.minecraftforge.eventbus.EventBus.post(EventBus.java:296) ~[eventbus-6.0.5.jar%2352!/:?]
	at net.minecraftforge.fml.javafmlmod.FMLModContainer.acceptEvent(FMLModContainer.java:121) ~[javafmllanguage-1.20.1-47.4.10.jar%23703!/:?]
	at net.minecraftforge.fml.ModLoader.lambda$postEventWithWrapInModOrder$33(ModLoader.java:346) ~[fmlcore-1.20.1-47.4.10.jar%23702!/:?]
	at java.lang.Iterable.forEach(Iterable.java:75) ~[?:?]
	at net.minecraftforge.fml.ModList.forEachModInOrder(ModList.java:227) ~[fmlcore-1.20.1-47.4.10.jar%23702!/:?]
	at net.minecraftforge.fml.ModLoader.postEventWithWrapInModOrder(ModLoader.java:344) ~[fmlcore-1.20.1-47.4.10.jar%23702!/:?]
	at net.minecraftforge.fml.ModLoader.postEventWrapContainerInModOrder(ModLoader.java:337) ~[fmlcore-1.20.1-47.4.10.jar%23702!/:?]
	at net.minecraftforge.registries.GameData.postRegisterEvents(GameData.java:329) ~[forge-1.20.1-47.4.10-universal.jar%23706!/:?]
	at net.minecraftforge.common.ForgeStatesProvider.lambda$new$4(ForgeStatesProvider.java:25) ~[forge-1.20.1-47.4.10-universal.jar%23706!/:?]
	at net.minecraftforge.fml.ModLoader.handleInlineTransition(ModLoader.java:217) ~[fmlcore-1.20.1-47.4.10.jar%23702!/:?]
	at net.minecraftforge.fml.ModLoader.lambda$dispatchAndHandleError$19(ModLoader.java:209) ~[fmlcore-1.20.1-47.4.10.jar%23702!/:?]
	at java.util.Optional.ifPresent(Optional.java:178) ~[?:?]
	at net.minecraftforge.fml.ModLoader.dispatchAndHandleError(ModLoader.java:209) ~[fmlcore-1.20.1-47.4.10.jar%23702!/:?]
	at net.minecraftforge.fml.ModLoader.lambda$gatherAndInitializeMods$13(ModLoader.java:183) ~[fmlcore-1.20.1-47.4.10.jar%23702!/:?]
	at java.lang.Iterable.forEach(Iterable.java:75) ~[?:?]
	at net.minecraftforge.fml.ModLoader.gatherAndInitializeMods(ModLoader.java:183) ~[fmlcore-1.20.1-47.4.10.jar%23702!/:?]
	at net.minecraftforge.server.loading.ServerModLoader.load(ServerModLoader.java:30) ~[forge-1.20.1-47.4.10-universal.jar%23706!/:?]
	at net.minecraft.server.Main.main(Main.java:125) ~[server-1.20.1-20230612.114412-srg.jar%23701!/:?]
	at jdk.internal.reflect.NativeMethodAccessorImpl.invoke0(Native Method) ~[?:?]
	at jdk.internal.reflect.NativeMethodAccessorImpl.invoke(NativeMethodAccessorImpl.java:77) ~[?:?]
	at jdk.internal.reflect.DelegatingMethodAccessorImpl.invoke(DelegatingMethodAccessorImpl.java:43) ~[?:?]
	at java.lang.reflect.Method.invoke(Method.java:569) ~[?:?]
	at net.minecraftforge.fml.loading.targets.CommonLaunchHandler.runTarget(CommonLaunchHandler.java:111) ~[fmlloader-1.20.1-47.4.10.jar%2369!/:?]
	at net.minecraftforge.fml.loading.targets.CommonLaunchHandler.serverService(CommonLaunchHandler.java:103) ~[fmlloader-1.20.1-47.4.10.jar%2369!/:?]
	at net.minecraftforge.fml.loading.targets.CommonServerLaunchHandler.lambda$makeService$0(CommonServerLaunchHandler.java:27) ~[fmlloader-1.20.1-47.4.10.jar%2369!/:?]
	at cpw.mods.modlauncher.LaunchServiceHandlerDecorator.launch(LaunchServiceHandlerDecorator.java:30) ~[modlauncher-10.0.9.jar%2355!/:?]
	at cpw.mods.modlauncher.LaunchServiceHandler.launch(LaunchServiceHandler.java:53) ~[modlauncher-10.0.9.jar%2355!/:?]
	at cpw.mods.modlauncher.LaunchServiceHandler.launch(LaunchServiceHandler.java:71) ~[modlauncher-10.0.9.jar%2355!/:?]
	at cpw.mods.modlauncher.Launcher.run(Launcher.java:108) ~[modlauncher-10.0.9.jar%2355!/:?]
	at cpw.mods.modlauncher.Launcher.main(Launcher.java:78) ~[modlauncher-10.0.9.jar%2355!/:?]
	at cpw.mods.modlauncher.BootstrapLaunchConsumer.accept(BootstrapLaunchConsumer.java:26) ~[modlauncher-10.0.9.jar%2355!/:?]
	at cpw.mods.modlauncher.BootstrapLaunchConsumer.accept(BootstrapLaunchConsumer.java:23) ~[modlauncher-10.0.9.jar%2355!/:?]
	at cpw.mods.bootstraplauncher.BootstrapLauncher.main(BootstrapLauncher.java:141) ~[bootstraplauncher-1.1.2.jar:?]
[06Aug2026 20:25:58.449] [main/ERROR] [net.minecraftforge.fml.loading.RuntimeDistCleaner/DISTXFORM]: Attempted to load class com/teamabnormals/caverns_and_chasms/client/resources/sounds/MovingDoorMoveSoundInstance for invalid dist DEDICATED_SERVER
[06Aug2026 20:25:58.451] [main/WARN] [Radium Class Analysis/]: Radium Class Analysis Error: Class com.teamabnormals.caverns_and_chasms.common.block.holdable.RollerDoorBlock cannot be analysed, because getting declared methods crashes with RuntimeException: Attempted to load class com/teamabnormals/caverns_and_chasms/client/resources/sounds/MovingDoorMoveSoundInstance for invalid dist DEDICATED_SERVER. This is usually caused by modded entities declaring methods that have a return type or parameter type that is annotated with @OnlyIn(Dist.CLIENT). Loading the type is not possible, because it only exists in the CLIENT environment. The recommended fix is to annotate the method with this argument or return type with the same annotation. Lithium handles this error by assuming the class cannot be included in some optimizations.
[06Aug2026 20:26:16.974] [main/WARN] [dev.architectury.registry.registries.forge.RegistrarManagerImpl/]: Registry entry listened Registry Entry [minecraft:entity_type / zombie_variants:desert_zombie] was not realized!
[06Aug2026 20:26:16.976] [main/WARN] [dev.architectury.registry.registries.forge.RegistrarManagerImpl/]: Registry entry listened Registry Entry [minecraft:entity_type / zombie_variants:dripstone_zombie] was not realized!
[06Aug2026 20:26:16.978] [main/WARN] [dev.architectury.registry.registries.forge.RegistrarManagerImpl/]: Registry entry listened Registry Entry [minecraft:entity_type / zombie_variants:pale_garden_zombie] was not realized!
[06Aug2026 20:26:16.980] [main/WARN] [dev.architectury.registry.registries.forge.RegistrarManagerImpl/]: Registry entry listened Registry Entry [minecraft:entity_type / zombie_variants:deep_dark_zombie] was not realized!
[06Aug2026 20:26:16.982] [main/WARN] [dev.architectury.registry.registries.forge.RegistrarManagerImpl/]: Registry entry listened Registry Entry [minecraft:entity_type / zombie_variants:bamboo_zombie] was not realized!
[06Aug2026 20:26:16.982] [main/WARN] [dev.architectury.registry.registries.forge.RegistrarManagerImpl/]: Registry entry listened Registry Entry [minecraft:entity_type / zombie_variants:lush_zombie] was not realized!
[06Aug2026 20:26:16.984] [main/WARN] [dev.architectury.registry.registries.forge.RegistrarManagerImpl/]: Registry entry listened Registry Entry [minecraft:entity_type / zombie_variants:savanna_zombie] was not realized!
[06Aug2026 20:26:16.985] [main/WARN] [dev.architectury.registry.registries.forge.RegistrarManagerImpl/]: Registry entry listened Registry Entry [minecraft:entity_type / zombie_variants:badlands_zombie] was not realized!
[06Aug2026 20:26:16.986] [main/WARN] [dev.architectury.registry.registries.forge.RegistrarManagerImpl/]: Registry entry listened Registry Entry [minecraft:entity_type / zombie_variants:cherry_zombie] was not realized!
[06Aug2026 20:26:16.987] [main/WARN] [dev.architectury.registry.registries.forge.RegistrarManagerImpl/]: Registry entry listened Registry Entry [minecraft:entity_type / zombie_variants:mushroom_zombie] was not realized!
[06Aug2026 20:26:16.988] [main/WARN] [dev.architectury.registry.registries.forge.RegistrarManagerImpl/]: Registry entry listened Registry Entry [minecraft:entity_type / zombie_variants:mangrove_zombie] was not realized!
[06Aug2026 20:26:16.989] [main/WARN] [dev.architectury.registry.registries.forge.RegistrarManagerImpl/]: Registry entry listened Registry Entry [minecraft:entity_type / zombie_variants:swamp_zombie] was not realized!
[06Aug2026 20:26:16.990] [main/WARN] [dev.architectury.registry.registries.forge.RegistrarManagerImpl/]: Registry entry listened Registry Entry [minecraft:entity_type / zombie_variants:cave_zombie] was not realized!
[06Aug2026 20:26:16.995] [main/WARN] [dev.architectury.registry.registries.forge.RegistrarManagerImpl/]: Registry entry listened Registry Entry [minecraft:entity_type / zombie_variants:frozen_zombie] was not realized!
[06Aug2026 20:26:16.996] [main/WARN] [dev.architectury.registry.registries.forge.RegistrarManagerImpl/]: Registry entry listened Registry Entry [minecraft:entity_type / zombie_variants:jungle_zombie] was not realized!
[06Aug2026 20:26:17.274] [main/WARN] [Moonlight/]: Failed to find child for WoodType: caverns_and_chasms:azalea - leaves. Ignored! ERROR: No value present
[06Aug2026 20:26:17.568] [main/INFO] [Moonlight/]: Initialized block sets in 368ms
[06Aug2026 20:26:17.705] [main/WARN] [dev.architectury.registry.registries.forge.RegistrarManagerImpl/]: Registry entry listened Registry Entry [minecraft:entity_type / zombie_variants:desert_zombie] was not realized!
[06Aug2026 20:26:17.706] [main/WARN] [dev.architectury.registry.registries.forge.RegistrarManagerImpl/]: Registry entry listened Registry Entry [minecraft:entity_type / zombie_variants:dripstone_zombie] was not realized!
[06Aug2026 20:26:17.712] [main/WARN] [dev.architectury.registry.registries.forge.RegistrarManagerImpl/]: Registry entry listened Registry Entry [minecraft:entity_type / zombie_variants:pale_garden_zombie] was not realized!
[06Aug2026 20:26:17.713] [main/WARN] [dev.architectury.registry.registries.forge.RegistrarManagerImpl/]: Registry entry listened Registry Entry [minecraft:entity_type / zombie_variants:deep_dark_zombie] was not realized!
[06Aug2026 20:26:17.714] [main/WARN] [dev.architectury.registry.registries.forge.RegistrarManagerImpl/]: Registry entry listened Registry Entry [minecraft:entity_type / zombie_variants:bamboo_zombie] was not realized!
[06Aug2026 20:26:17.716] [main/WARN] [dev.architectury.registry.registries.forge.RegistrarManagerImpl/]: Registry entry listened Registry Entry [minecraft:entity_type / zombie_variants:lush_zombie] was not realized!
[06Aug2026 20:26:17.717] [main/WARN] [dev.architectury.registry.registries.forge.RegistrarManagerImpl/]: Registry entry listened Registry Entry [minecraft:entity_type / zombie_variants:savanna_zombie] was not realized!
[06Aug2026 20:26:17.718] [main/WARN] [dev.architectury.registry.registries.forge.RegistrarManagerImpl/]: Registry entry listened Registry Entry [minecraft:entity_type / zombie_variants:badlands_zombie] was not realized!
[06Aug2026 20:26:17.719] [main/WARN] [dev.architectury.registry.registries.forge.RegistrarManagerImpl/]: Registry entry listened Registry Entry [minecraft:entity_type / zombie_variants:cherry_zombie] was not realized!
[06Aug2026 20:26:17.720] [main/WARN] [dev.architectury.registry.registries.forge.RegistrarManagerImpl/]: Registry entry listened Registry Entry [minecraft:entity_type / zombie_variants:mushroom_zombie] was not realized!
[06Aug2026 20:26:17.721] [main/WARN] [dev.architectury.registry.registries.forge.RegistrarManagerImpl/]: Registry entry listened Registry Entry [minecraft:entity_type / zombie_variants:mangrove_zombie] was not realized!
[06Aug2026 20:26:17.723] [main/WARN] [dev.architectury.registry.registries.forge.RegistrarManagerImpl/]: Registry entry listened Registry Entry [minecraft:entity_type / zombie_variants:swamp_zombie] was not realized!
[06Aug2026 20:26:17.727] [main/WARN] [dev.architectury.registry.registries.forge.RegistrarManagerImpl/]: Registry entry listened Registry Entry [minecraft:entity_type / zombie_variants:cave_zombie] was not realized!
[06Aug2026 20:26:17.729] [main/WARN] [dev.architectury.registry.registries.forge.RegistrarManagerImpl/]: Registry entry listened Registry Entry [minecraft:entity_type / zombie_variants:frozen_zombie] was not realized!
[06Aug2026 20:26:17.730] [main/WARN] [dev.architectury.registry.registries.forge.RegistrarManagerImpl/]: Registry entry listened Registry Entry [minecraft:entity_type / zombie_variants:jungle_zombie] was not realized!
[06Aug2026 20:26:20.337] [main/INFO] [evilcraft/]: 2205 possible Broom base combinations are ready for flying!
[06Aug2026 20:26:22.959] [main/WARN] [mixin/]: Method overwrite conflict for setSeed in mixins.endlessbiomes.json:ClimateSamplerMixin, previously written by net.mcreator.endlessheart.mixins.ClimateSamplerMixin. Skipping method.
[06Aug2026 20:26:22.959] [main/WARN] [mixin/]: Method overwrite conflict for getSeed in mixins.endlessbiomes.json:ClimateSamplerMixin, previously written by net.mcreator.endlessheart.mixins.ClimateSamplerMixin. Skipping method.
[06Aug2026 20:26:22.964] [main/WARN] [mixin/]: Method overwrite conflict for getEndBiomesSampler in mixins.endlessbiomes.json:ClimateSamplerMixin, previously written by net.mcreator.endlessheart.mixins.ClimateSamplerMixin. Skipping method.
[06Aug2026 20:26:28.854] [main/INFO] [ModdingLegacy/StructureGel/]: [structure_gel] Registering data for structure_gel:loot_table_alias
[06Aug2026 20:26:28.891] [main/INFO] [ModdingLegacy/StructureGel/]: [structure_gel] Registering data for structure_gel:data_handler_type
[06Aug2026 20:26:28.895] [main/INFO] [ModdingLegacy/StructureGel/]: [structure_gel] Registering data for structure_gel:dynamic_spawner
[06Aug2026 20:26:28.904] [main/INFO] [ModdingLegacy/StructureGel/]: [structure_gel] Registering data for structure_gel:jigsaw_type
[06Aug2026 20:26:29.307] [main/WARN] [net.minecraftforge.registries.ForgeRegistry/REGISTRIES]: Registry forge:global_loot_modifier_serializers: The object RecordCodec[UnitDecoder[vectorwing.farmersdelight.common.loot.modifier.AddItemModifier$$Lambda$77882/0x000002a50a3da810@2550bb70] * Field[conditions: passthrough[flatXmapped]] * Field[item: net.minecraftforge.registries.ForgeRegistry$RegistryCodec@7cfaa8f9] * OptionalFieldCodec[count: Int][xmapped]] has been registered twice for the same name farmersdelight:add_item.
[06Aug2026 20:26:29.310] [main/WARN] [net.minecraftforge.registries.ForgeRegistry/REGISTRIES]: Registry forge:global_loot_modifier_serializers: The object RecordCodec[UnitDecoder[vectorwing.farmersdelight.common.loot.modifier.ReplaceItemModifier$$Lambda$77887/0x000002a50a3db328@62d7adc6] * Field[conditions: passthrough[flatXmapped]] * Field[removed_item: net.minecraftforge.registries.ForgeRegistry$RegistryCodec@7cfaa8f9] * Field[added_item: net.minecraftforge.registries.ForgeRegistry$RegistryCodec@7cfaa8f9] * OptionalFieldCodec[count: Int][xmapped]] has been registered twice for the same name farmersdelight:replace_item.
[06Aug2026 20:26:29.313] [main/WARN] [net.minecraftforge.registries.ForgeRegistry/REGISTRIES]: Registry forge:global_loot_modifier_serializers: The object RecordCodec[UnitDecoder[vectorwing.farmersdelight.common.loot.modifier.AddLootTableModifier$$Lambda$77890/0x000002a50a3db9e0@6f9ffc74] * Field[conditions: passthrough[flatXmapped]] * Field[lootTable: String[comapFlatMapped]]] has been registered twice for the same name farmersdelight:add_loot_table.
[06Aug2026 20:26:29.314] [main/WARN] [net.minecraftforge.registries.ForgeRegistry/REGISTRIES]: Registry forge:global_loot_modifier_serializers: The object RecordCodec[UnitDecoder[vectorwing.farmersdelight.common.loot.modifier.PastrySlicingModifier$$Lambda$77893/0x000002a50a3dc078@4fb451cc] * Field[conditions: passthrough[flatXmapped]] * Field[slice: net.minecraftforge.registries.ForgeRegistry$RegistryCodec@7cfaa8f9]] has been registered twice for the same name farmersdelight:pastry_slicing.
[06Aug2026 20:26:30.848] [main/WARN] [net.minecraft.network.syncher.SynchedEntityData/]: defineId called for: class com.naterbobber.darkerdepths.entities.VoidSoulKnightEntity from class com.naterbobber.darkerdepths.entities.VoidSoulEntity
[06Aug2026 20:26:31.047] [main/WARN] [net.minecraft.network.syncher.SynchedEntityData/]: defineId called for: class net.minecraft.world.entity.monster.Creeper from class blueduck.blighted_beasts.entity.Bloater
[06Aug2026 20:26:31.050] [main/WARN] [net.minecraft.network.syncher.SynchedEntityData/]: defineId called for: class net.minecraft.world.entity.monster.Creeper from class blueduck.blighted_beasts.entity.Bloater
[06Aug2026 20:26:31.052] [main/WARN] [net.minecraft.network.syncher.SynchedEntityData/]: defineId called for: class net.minecraft.world.entity.monster.Creeper from class blueduck.blighted_beasts.entity.Bloater
[06Aug2026 20:26:31.665] [main/WARN] [net.minecraft.network.syncher.SynchedEntityData/]: defineId called for: class net.minecraft.world.entity.animal.Bee from class com.github.sculkhorde.common.entity.SculkBeeHarvesterEntity
[06Aug2026 20:26:31.668] [main/WARN] [net.minecraft.network.syncher.SynchedEntityData/]: defineId called for: class com.github.sculkhorde.common.entity.boss.sculk_enderman.SculkEndermanEntity from class com.github.sculkhorde.common.entity.SculkSporeSpewerEntity
[06Aug2026 20:26:31.672] [main/WARN] [net.minecraft.network.syncher.SynchedEntityData/]: defineId called for: class com.github.sculkhorde.common.entity.boss.sculk_enderman.SculkEndermanEntity from class com.github.sculkhorde.common.entity.SculkPhantomCorpseEntity
[06Aug2026 20:26:31.806] [main/WARN] [net.minecraft.network.syncher.SynchedEntityData/]: defineId called for: class net.mcreator.borninchaosv.entity.BabySpiderEntity from class net.mcreator.borninchaosv.entity.MotherSpiderEntity
[06Aug2026 20:26:32.094] [main/WARN] [net.minecraft.network.syncher.SynchedEntityData/]: defineId called for: class com.github.alexmodguy.alexscaves.server.entity.living.TremorzillaEntity from class com.github.alexmodguy.alexscaves.server.entity.living.LicowitchEntity
[06Aug2026 20:26:32.124] [main/WARN] [net.minecraft.network.syncher.SynchedEntityData/]: defineId called for: class net.mcreator.endlessheart.entity.EndersentEntity from class net.mcreator.endlessheart.entity.SnarelingEntity
[06Aug2026 20:26:32.126] [main/WARN] [net.minecraft.network.syncher.SynchedEntityData/]: defineId called for: class net.mcreator.endlessheart.entity.EndersentEntity from class net.mcreator.endlessheart.entity.BlastlingEntity
[06Aug2026 20:26:32.130] [main/WARN] [net.minecraft.network.syncher.SynchedEntityData/]: defineId called for: class net.mcreator.endlessheart.entity.EndersentEntity from class net.mcreator.endlessheart.entity.WatchlingEntity
[06Aug2026 20:26:32.946] [main/INFO] [org.berezka.berezka_api.Berezka_api/]: [Berezka API] onConfig load for berezka_api
[06Aug2026 20:26:32.949] [main/INFO] [org.berezka.berezka_api.API/]: [Berezka API] getValue: key: berezka_api:UseFolderPluginSystem is exist?: true
[06Aug2026 20:26:32.951] [main/INFO] [org.berezka.berezka_api.API/]: [Berezka API] getValue: key: berezka_api:UseGlobalStructuresRotation is exist?: true
[06Aug2026 20:26:32.952] [main/INFO] [org.berezka.berezka_api.API/]: [Berezka API] getValue: key: berezka_api:DebugMode is exist?: true
[06Aug2026 20:26:32.956] [main/INFO] [org.berezka.berezka_api.Berezka_api/]: [Berezka API] Berezka API is loaded
[06Aug2026 20:26:33.428] [main/INFO] [Spartan Weaponry/]: Updating config settings!
[06Aug2026 20:26:33.587] [main/INFO] [Distant Friends/]: Refreshing friends cache
[06Aug2026 20:26:34.400] [modloading-worker-0/ERROR] [mixin/]: Mixin config farlandsreborn.mixins.json does not specify "minVersion" property
[06Aug2026 20:26:35.167] [modloading-worker-0/INFO] [evilcraft/]: Registered packet handler.
[06Aug2026 20:26:35.248] [modloading-worker-0/INFO] [terrablender/]: Registered region minecraft:overworld to index 0 for type OVERWORLD
[06Aug2026 20:26:35.298] [modloading-worker-0/INFO] [terrablender/]: Registered region minecraft:nether to index 0 for type NETHER
[06Aug2026 20:26:35.339] [modloading-worker-0/INFO] [terrablender/]: Registered region aether:the_aether to index 0 for type THE_AETHER
[06Aug2026 20:26:35.408] [modloading-worker-0/INFO] [terrablender/]: Registered region vanillabackport:overworld to index 1 for type OVERWORLD
[06Aug2026 20:26:35.925] [modloading-worker-0/INFO] [net.mcreator.theharasser.StaticScreenOverlay/]: StaticScreenOverlay initialized
[06Aug2026 20:26:35.927] [modloading-worker-0/INFO] [mekanism.common.Mekanism/]: Version 10.4.16 initializing...
[06Aug2026 20:26:35.930] [modloading-worker-0/INFO] [net.mcreator.theharasser.ScreamScreenOverlay/]: ScreamScreenOverlay initialized
[06Aug2026 20:26:36.350] [modloading-worker-0/INFO] [com.mongoose.clanginghowl.ClangingHowl/]: Loading compat module for mod curios
[06Aug2026 20:26:36.587] [modloading-worker-0/INFO] [mekanism.common.Mekanism/]: Fake player readout: UUID = 46e82cd0-d480-3d48-800a-77431ede078e, name = [Mekanism]
[06Aug2026 20:26:36.618] [modloading-worker-0/INFO] [mekanism.common.Mekanism/]: Mod loaded.
[06Aug2026 20:26:36.665] [modloading-worker-0/INFO] [STDOUT/]: [dev.denismasterherobrine.afterdark.TheAfterdark:init:7]: The Afterdark is initializing...
[06Aug2026 20:26:36.996] [modloading-worker-0/INFO] [com.chunksending.ChunkSending/]: chunksending mod initialized
[06Aug2026 20:26:37.122] [Forge Version Check/INFO] [net.minecraftforge.fml.VersionChecker/]: [saturn] Starting version check at https://github.com/AbdElAziz333/Saturn/raw/mc1.20.1/dev/updates.json
[06Aug2026 20:26:37.374] [modloading-worker-0/INFO] [com.recipeessentials.RecipeEssentials/]: recipeessentials mod initialized
[06Aug2026 20:26:37.794] [modloading-worker-0/INFO] [incontrol/]: Enabling support for Serene Seasons
[06Aug2026 20:26:37.946] [modloading-worker-0/INFO] [com.structureessentials.StructureEssentials/]: structureessentials mod initialized
[06Aug2026 20:26:38.561] [modloading-worker-0/INFO] [net.witherbean.mistmod.TheyWatchFromTheMist/]: HELLO FROM COMMON SETUP
[06Aug2026 20:26:38.599] [modloading-worker-0/INFO] [net.witherbean.mistmod.TheyWatchFromTheMist/]: DIRT BLOCK >> minecraft:dirt
[06Aug2026 20:26:38.933] [modloading-worker-0/INFO] [net.witherbean.mistmod.TheyWatchFromTheMist/]: HELLO FROM COMMON SETUP
[06Aug2026 20:26:39.266] [modloading-worker-0/INFO] [com.va11halla.casualness_delight.Casualness_Delight/]: HELLO FROM COMMON SETUP
[06Aug2026 20:26:38.986] [Forge Version Check/WARN] [net.minecraftforge.fml.VersionChecker/]: Failed to process update information
com.google.gson.JsonSyntaxException: java.lang.IllegalStateException: Expected BEGIN_OBJECT but was STRING at line 9 column 1 path $
	at com.google.gson.Gson.fromJson(Gson.java:1226) ~[gson-2.10.jar%2372!/:?]
	at com.google.gson.Gson.fromJson(Gson.java:1124) ~[gson-2.10.jar%2372!/:?]
	at com.google.gson.Gson.fromJson(Gson.java:1034) ~[gson-2.10.jar%2372!/:?]
	at com.google.gson.Gson.fromJson(Gson.java:969) ~[gson-2.10.jar%2372!/:?]
	at net.minecraftforge.fml.VersionChecker$1.process(VersionChecker.java:186) ~[fmlcore-1.20.1-47.4.10.jar%23702!/:?]
	at java.lang.Iterable.forEach(Iterable.java:75) ~[?:?]
	at net.minecraftforge.fml.VersionChecker$1.run(VersionChecker.java:117) ~[fmlcore-1.20.1-47.4.10.jar%23702!/:?]
Caused by: java.lang.IllegalStateException: Expected BEGIN_OBJECT but was STRING at line 9 column 1 path $
	at com.google.gson.stream.JsonReader.beginObject(JsonReader.java:393) ~[gson-2.10.jar%2372!/:?]
	at com.google.gson.internal.bind.MapTypeAdapterFactory$Adapter.read(MapTypeAdapterFactory.java:182) ~[gson-2.10.jar%2372!/:?]
	at com.google.gson.internal.bind.MapTypeAdapterFactory$Adapter.read(MapTypeAdapterFactory.java:144) ~[gson-2.10.jar%2372!/:?]
	at com.google.gson.Gson.fromJson(Gson.java:1214) ~[gson-2.10.jar%2372!/:?]
	... 6 more
[06Aug2026 20:26:39.269] [modloading-worker-0/INFO] [com.va11halla.casualness_delight.Casualness_Delight/]: DIRT BLOCK >> minecraft:dirt
[06Aug2026 20:26:39.255] [modloading-worker-0/INFO] [net.witherbean.mistmod.TheyWatchFromTheMist/]: DIRT BLOCK >> minecraft:dirt
[06Aug2026 20:26:39.273] [Forge Version Check/INFO] [net.minecraftforge.fml.VersionChecker/]: [evilcraft] Starting version check at https://raw.githubusercontent.com/CyclopsMC/Versions/master/forge_update/evilcraft.json
[06Aug2026 20:26:39.292] [modloading-worker-0/INFO] [com.komikan.nydelight.NewYearsDelight/]: New Year's Delight common setup complete
[06Aug2026 20:26:39.309] [modloading-worker-0/INFO] [STDERR/]: [net.mcreator.midnightlurker.procedures.LurkerconfigoldProcedure:execute:56]: java.io.FileNotFoundException: C:\Users\strea\Desktop\Forge1.20.1\config\midnightlurkerconfig.json (The system cannot find the file specified)
[06Aug2026 20:26:39.321] [modloading-worker-0/INFO] [STDERR/]: [net.mcreator.midnightlurker.procedures.LurkerconfigoldProcedure:execute:56]: 	at java.base/java.io.FileInputStream.open0(Native Method)
[06Aug2026 20:26:39.324] [modloading-worker-0/INFO] [STDERR/]: [net.mcreator.midnightlurker.procedures.LurkerconfigoldProcedure:execute:56]: 	at java.base/java.io.FileInputStream.open(FileInputStream.java:216)
[06Aug2026 20:26:39.328] [modloading-worker-0/INFO] [STDERR/]: [net.mcreator.midnightlurker.procedures.LurkerconfigoldProcedure:execute:56]: 	at java.base/java.io.FileInputStream.<init>(FileInputStream.java:157)
[06Aug2026 20:26:39.331] [modloading-worker-0/INFO] [STDERR/]: [net.mcreator.midnightlurker.procedures.LurkerconfigoldProcedure:execute:56]: 	at java.base/java.io.FileReader.<init>(FileReader.java:75)
[06Aug2026 20:26:39.333] [modloading-worker-0/INFO] [STDERR/]: [net.mcreator.midnightlurker.procedures.LurkerconfigoldProcedure:execute:56]: 	at TRANSFORMER/midnightlurker@4.0.0-D2-beta/net.mcreator.midnightlurker.procedures.LurkerconfigoldProcedure.execute(LurkerconfigoldProcedure.java:34)
[06Aug2026 20:26:39.336] [modloading-worker-0/INFO] [STDERR/]: [net.mcreator.midnightlurker.procedures.LurkerconfigoldProcedure:execute:56]: 	at TRANSFORMER/midnightlurker@4.0.0-D2-beta/net.mcreator.midnightlurker.procedures.LurkerconfigoldProcedure.execute(LurkerconfigoldProcedure.java:25)
[06Aug2026 20:26:39.340] [modloading-worker-0/INFO] [STDERR/]: [net.mcreator.midnightlurker.procedures.LurkerconfigoldProcedure:execute:56]: 	at TRANSFORMER/midnightlurker@4.0.0-D2-beta/net.mcreator.midnightlurker.procedures.LurkerconfigoldProcedure.init(LurkerconfigoldProcedure.java:21)
[06Aug2026 20:26:39.367] [modloading-worker-0/INFO] [STDERR/]: [net.mcreator.midnightlurker.procedures.LurkerconfigoldProcedure:execute:56]: 	at TRANSFORMER/midnightlurker@4.0.0-D2-beta/net.mcreator.midnightlurker.procedures.__LurkerconfigoldProcedure_init_FMLCommonSetupEvent.invoke(.dynamic)
[06Aug2026 20:26:39.372] [modloading-worker-0/INFO] [STDERR/]: [net.mcreator.midnightlurker.procedures.LurkerconfigoldProcedure:execute:56]: 	at MC-BOOTSTRAP/net.minecraftforge.eventbus/net.minecraftforge.eventbus.ASMEventHandler.invoke(ASMEventHandler.java:73)
[06Aug2026 20:26:39.384] [modloading-worker-0/INFO] [STDERR/]: [net.mcreator.midnightlurker.procedures.LurkerconfigoldProcedure:execute:56]: 	at MC-BOOTSTRAP/net.minecraftforge.eventbus/net.minecraftforge.eventbus.EventBus.post(EventBus.java:315)
[06Aug2026 20:26:39.556] [modloading-worker-0/INFO] [STDERR/]: [net.mcreator.midnightlurker.procedures.LurkerconfigoldProcedure:execute:56]: 	at MC-BOOTSTRAP/net.minecraftforge.eventbus/net.minecraftforge.eventbus.EventBus.post(EventBus.java:296)
[06Aug2026 20:26:39.583] [modloading-worker-0/INFO] [STDERR/]: [net.mcreator.midnightlurker.procedures.LurkerconfigoldProcedure:execute:56]: 	at LAYER PLUGIN/javafmllanguage@1.20.1-47.4.10/net.minecraftforge.fml.javafmlmod.FMLModContainer.acceptEvent(FMLModContainer.java:121)
[06Aug2026 20:26:39.599] [modloading-worker-0/INFO] [STDERR/]: [net.mcreator.midnightlurker.procedures.LurkerconfigoldProcedure:execute:56]: 	at LAYER PLUGIN/fmlcore@1.20.1-47.4.10/net.minecraftforge.fml.ModContainer.lambda$buildTransitionHandler$5(ModContainer.java:127)
[06Aug2026 20:26:39.637] [modloading-worker-0/INFO] [STDERR/]: [net.mcreator.midnightlurker.procedures.LurkerconfigoldProcedure:execute:56]: 	at java.base/java.util.concurrent.CompletableFuture$AsyncRun.run(CompletableFuture.java:1804)
[06Aug2026 20:26:39.654] [modloading-worker-0/INFO] [STDERR/]: [net.mcreator.midnightlurker.procedures.LurkerconfigoldProcedure:execute:56]: 	at java.base/java.util.concurrent.CompletableFuture$AsyncRun.exec(CompletableFuture.java:1796)
[06Aug2026 20:26:39.815] [Forge Version Check/INFO] [net.minecraftforge.fml.VersionChecker/]: [evilcraft] Found status: OUTDATED Current: 1.2.61 Target: 1.3.0
[06Aug2026 20:26:39.833] [Forge Version Check/INFO] [net.minecraftforge.fml.VersionChecker/]: [mr_enchantment_descriptionsjava] Starting version check at https://api.modrinth.com/updates/lYv7bxK3/forge_updates.json
[06Aug2026 20:26:39.828] [modloading-worker-0/INFO] [STDERR/]: [net.mcreator.midnightlurker.procedures.LurkerconfigoldProcedure:execute:56]: 	at java.base/java.util.concurrent.ForkJoinTask.doExec(ForkJoinTask.java:373)
[06Aug2026 20:26:39.866] [modloading-worker-0/INFO] [Spartan Weaponry/]: Setting up Spartan Weaponry!
[06Aug2026 20:26:39.874] [modloading-worker-0/INFO] [STDERR/]: [net.mcreator.midnightlurker.procedures.LurkerconfigoldProcedure:execute:56]: 	at java.base/java.util.concurrent.ForkJoinPool$WorkQueue.topLevelExec(ForkJoinPool.java:1182)
[06Aug2026 20:26:39.886] [modloading-worker-0/INFO] [STDERR/]: [net.mcreator.midnightlurker.procedures.LurkerconfigoldProcedure:execute:56]: 	at java.base/java.util.concurrent.ForkJoinPool.scan(ForkJoinPool.java:1655)
[06Aug2026 20:26:39.928] [modloading-worker-0/INFO] [STDERR/]: [net.mcreator.midnightlurker.procedures.LurkerconfigoldProcedure:execute:56]: 	at java.base/java.util.concurrent.ForkJoinPool.runWorker(ForkJoinPool.java:1622)
[06Aug2026 20:26:39.938] [modloading-worker-0/INFO] [STDERR/]: [net.mcreator.midnightlurker.procedures.LurkerconfigoldProcedure:execute:56]: 	at java.base/java.util.concurrent.ForkJoinWorkerThread.run(ForkJoinWorkerThread.java:165)
[06Aug2026 20:26:40.820] [Forge Version Check/INFO] [net.minecraftforge.fml.VersionChecker/]: [mr_enchantment_descriptionsjava] Found status: OUTDATED Current: 1.3.0 Target: 1.3.0+mod
[06Aug2026 20:26:40.858] [Forge Version Check/INFO] [net.minecraftforge.fml.VersionChecker/]: [structure_gel] Starting version check at http://changelogs.moddinglegacy.com/structure-gel.json
[06Aug2026 20:26:41.437] [modloading-worker-0/INFO] [Mystical Agriculture/]: Loaded 136 crops
[06Aug2026 20:26:41.460] [modloading-worker-0/INFO] [Mystical Agriculture/]: Loaded 6 crop tiers
[06Aug2026 20:26:41.465] [modloading-worker-0/INFO] [Mystical Agriculture/]: Loaded 2 crop types
[06Aug2026 20:26:41.466] [modloading-worker-0/INFO] [Mystical Agriculture/]: Loaded 55 augments
[06Aug2026 20:26:41.468] [modloading-worker-0/INFO] [Mystical Agriculture/]: Loaded 20 mob soul types
[06Aug2026 20:26:41.501] [Forge Version Check/INFO] [net.minecraftforge.fml.VersionChecker/]: [structure_gel] Found status: BETA Current: 2.16.2 Target: null
[06Aug2026 20:26:41.523] [Forge Version Check/INFO] [net.minecraftforge.fml.VersionChecker/]: [corpse] Starting version check at https://update.maxhenkel.de/forge/corpse
[06Aug2026 20:26:41.522] [modloading-worker-0/INFO] [cn.mcmod_mmf.mmlib.Main/]: Presented by Zaia
[06Aug2026 20:26:42.351] [Forge Version Check/INFO] [net.minecraftforge.fml.VersionChecker/]: [corpse] Found status: AHEAD Current: 1.20.1-1.0.23 Target: null
[06Aug2026 20:26:42.344] [main/INFO] [terrablender/]: Registered region darkerdepths:overworld to index 2 for type OVERWORLD
[06Aug2026 20:26:42.360] [Forge Version Check/INFO] [net.minecraftforge.fml.VersionChecker/]: [dungeons_plus] Starting version check at http://changelogs.moddinglegacy.com/dungeons-plus.json
[06Aug2026 20:26:42.487] [Forge Version Check/INFO] [net.minecraftforge.fml.VersionChecker/]: [dungeons_plus] Found status: BETA Current: 1.5.0 Target: null
[06Aug2026 20:26:42.507] [Forge Version Check/INFO] [net.minecraftforge.fml.VersionChecker/]: [mr_dungeons_andtaverns] Starting version check at https://api.modrinth.com/updates/tpehi7ww/forge_updates.json
[06Aug2026 20:26:42.747] [Forge Version Check/INFO] [net.minecraftforge.fml.VersionChecker/]: [mr_dungeons_andtaverns] Found status: OUTDATED Current: 3.0.3.f Target: 3.0.3.f+mod
[06Aug2026 20:26:42.751] [Forge Version Check/INFO] [net.minecraftforge.fml.VersionChecker/]: [cumulus_menus] Starting version check at https://github.com/The-Aether-Team/Cumulus/raw/1.20.1-develop/update.json
[06Aug2026 20:26:42.864] [Forge Version Check/INFO] [net.minecraftforge.fml.VersionChecker/]: [cumulus_menus] Found status: UP_TO_DATE Current: 1.20.1-1.0.1-neoforge Target: null
[06Aug2026 20:26:42.866] [Forge Version Check/INFO] [net.minecraftforge.fml.VersionChecker/]: [undermod] Starting version check at https://raw.githubusercontent.com/mystronics/undermod/main/versions-forge.json
[06Aug2026 20:26:42.915] [Forge Version Check/INFO] [net.minecraftforge.fml.VersionChecker/]: [undermod] Found status: BETA Current: 0.2.1 Target: null
[06Aug2026 20:26:42.917] [Forge Version Check/INFO] [net.minecraftforge.fml.VersionChecker/]: [cfm] Starting version check at https://mrcrayfish.com/modupdatejson?id=cfm
[06Aug2026 20:26:42.964] [main/INFO] [terrablender/]: Registered region biomesoplenty:overworld_primary to index 3 for type OVERWORLD
[06Aug2026 20:26:42.965] [main/INFO] [terrablender/]: Registered region biomesoplenty:overworld_secondary to index 4 for type OVERWORLD
[06Aug2026 20:26:42.967] [main/INFO] [terrablender/]: Registered region biomesoplenty:overworld_rare to index 5 for type OVERWORLD
[06Aug2026 20:26:42.968] [main/INFO] [terrablender/]: Registered region biomesoplenty:nether_common to index 1 for type NETHER
[06Aug2026 20:26:42.970] [main/INFO] [terrablender/]: Registered region biomesoplenty:nether_rare to index 2 for type NETHER
[06Aug2026 20:26:43.052] [main/INFO] [terrablender/]: Registered region ars_nouveau:overworld to index 6 for type OVERWORLD
[06Aug2026 20:26:43.063] [main/INFO] [terrablender/]: Registered region deep_aether:deep_aether to index 1 for type THE_AETHER
[06Aug2026 20:26:43.068] [main/INFO] [terrablender/]: Registered region deep_aether:rare to index 2 for type THE_AETHER
[06Aug2026 20:26:43.270] [Forge Version Check/WARN] [net.minecraftforge.fml.VersionChecker/]: Failed to process update information
com.google.gson.JsonSyntaxException: java.lang.IllegalStateException: Expected BEGIN_OBJECT but was STRING at line 1 column 1 path $
	at com.google.gson.Gson.fromJson(Gson.java:1226) ~[gson-2.10.jar%2372!/:?]
	at com.google.gson.Gson.fromJson(Gson.java:1124) ~[gson-2.10.jar%2372!/:?]
	at com.google.gson.Gson.fromJson(Gson.java:1034) ~[gson-2.10.jar%2372!/:?]
	at com.google.gson.Gson.fromJson(Gson.java:969) ~[gson-2.10.jar%2372!/:?]
	at net.minecraftforge.fml.VersionChecker$1.process(VersionChecker.java:186) ~[fmlcore-1.20.1-47.4.10.jar%23702!/:?]
	at java.lang.Iterable.forEach(Iterable.java:75) ~[?:?]
	at net.minecraftforge.fml.VersionChecker$1.run(VersionChecker.java:117) ~[fmlcore-1.20.1-47.4.10.jar%23702!/:?]
Caused by: java.lang.IllegalStateException: Expected BEGIN_OBJECT but was STRING at line 1 column 1 path $
	at com.google.gson.stream.JsonReader.beginObject(JsonReader.java:393) ~[gson-2.10.jar%2372!/:?]
	at com.google.gson.internal.bind.MapTypeAdapterFactory$Adapter.read(MapTypeAdapterFactory.java:182) ~[gson-2.10.jar%2372!/:?]
	at com.google.gson.internal.bind.MapTypeAdapterFactory$Adapter.read(MapTypeAdapterFactory.java:144) ~[gson-2.10.jar%2372!/:?]
	at com.google.gson.Gson.fromJson(Gson.java:1214) ~[gson-2.10.jar%2372!/:?]
	... 6 more
[06Aug2026 20:26:43.280] [Forge Version Check/INFO] [net.minecraftforge.fml.VersionChecker/]: [radium] Starting version check at https://api.modrinth.com/updates/radium/forge_updates.json
[06Aug2026 20:26:43.444] [Forge Version Check/INFO] [net.minecraftforge.fml.VersionChecker/]: [radium] Found status: AHEAD Current: 0.12.4+git.26c9d8e Target: null
[06Aug2026 20:26:43.454] [Forge Version Check/INFO] [net.minecraftforge.fml.VersionChecker/]: [attributefix] Starting version check at https://updates.blamejared.com/get?n=attributefix&gv=1.20.1
[06Aug2026 20:26:43.540] [main/INFO] [Supplementaries/]: Finished mod setup in: [4, 14, 0, 1, 0, 1, 32, 0] ms
[06Aug2026 20:26:43.713] [Forge Version Check/INFO] [net.minecraftforge.fml.VersionChecker/]: [attributefix] Found status: BETA Current: 21.0.5 Target: 21.0.5
[06Aug2026 20:26:43.728] [Forge Version Check/INFO] [net.minecraftforge.fml.VersionChecker/]: [good_nights_sleep] Starting version check at http://changelogs.moddinglegacy.com/good-nights-sleep.json
[06Aug2026 20:26:43.805] [Forge Version Check/INFO] [net.minecraftforge.fml.VersionChecker/]: [good_nights_sleep] Found status: UP_TO_DATE Current: 1.3.1 Target: null
[06Aug2026 20:26:43.813] [Forge Version Check/INFO] [net.minecraftforge.fml.VersionChecker/]: [catalogue] Starting version check at https://mrcrayfish.com/modupdatejson?id=catalogue
[06Aug2026 20:26:43.864] [Forge Version Check/WARN] [net.minecraftforge.fml.VersionChecker/]: Failed to process update information
com.google.gson.JsonSyntaxException: java.lang.IllegalStateException: Expected BEGIN_OBJECT but was STRING at line 1 column 1 path $
	at com.google.gson.Gson.fromJson(Gson.java:1226) ~[gson-2.10.jar%2372!/:?]
	at com.google.gson.Gson.fromJson(Gson.java:1124) ~[gson-2.10.jar%2372!/:?]
	at com.google.gson.Gson.fromJson(Gson.java:1034) ~[gson-2.10.jar%2372!/:?]
	at com.google.gson.Gson.fromJson(Gson.java:969) ~[gson-2.10.jar%2372!/:?]
	at net.minecraftforge.fml.VersionChecker$1.process(VersionChecker.java:186) ~[fmlcore-1.20.1-47.4.10.jar%23702!/:?]
	at java.lang.Iterable.forEach(Iterable.java:75) ~[?:?]
	at net.minecraftforge.fml.VersionChecker$1.run(VersionChecker.java:117) ~[fmlcore-1.20.1-47.4.10.jar%23702!/:?]
Caused by: java.lang.IllegalStateException: Expected BEGIN_OBJECT but was STRING at line 1 column 1 path $
	at com.google.gson.stream.JsonReader.beginObject(JsonReader.java:393) ~[gson-2.10.jar%2372!/:?]
	at com.google.gson.internal.bind.MapTypeAdapterFactory$Adapter.read(MapTypeAdapterFactory.java:182) ~[gson-2.10.jar%2372!/:?]
	at com.google.gson.internal.bind.MapTypeAdapterFactory$Adapter.read(MapTypeAdapterFactory.java:144) ~[gson-2.10.jar%2372!/:?]
	at com.google.gson.Gson.fromJson(Gson.java:1214) ~[gson-2.10.jar%2372!/:?]
	... 6 more
[06Aug2026 20:26:43.870] [Forge Version Check/INFO] [net.minecraftforge.fml.VersionChecker/]: [forge] Starting version check at https://files.minecraftforge.net/net/minecraftforge/forge/promotions_slim.json
[06Aug2026 20:26:44.172] [Forge Version Check/INFO] [net.minecraftforge.fml.VersionChecker/]: [forge] Found status: UP_TO_DATE Current: 47.4.10 Target: null
[06Aug2026 20:26:44.189] [Forge Version Check/INFO] [net.minecraftforge.fml.VersionChecker/]: [moolands] Starting version check at http://changelogs.moddinglegacy.com/moolands.json
[06Aug2026 20:26:44.449] [Forge Version Check/INFO] [net.minecraftforge.fml.VersionChecker/]: [moolands] Found status: BETA Current: 1.5.0 Target: null
[06Aug2026 20:26:44.453] [Forge Version Check/INFO] [net.minecraftforge.fml.VersionChecker/]: [ksyxis] Starting version check at https://raw.githubusercontent.com/VidTu/Ksyxis/main/updater_ksyxis_forge.json
[06Aug2026 20:26:44.540] [Forge Version Check/INFO] [net.minecraftforge.fml.VersionChecker/]: [ksyxis] Found status: UP_TO_DATE Current: 1.4.3 Target: null
[06Aug2026 20:26:44.571] [Forge Version Check/INFO] [net.minecraftforge.fml.VersionChecker/]: [midnight] Starting version check at https://changelogs.moddinglegacy.com/midnight.json
[06Aug2026 20:26:44.653] [Forge Version Check/INFO] [net.minecraftforge.fml.VersionChecker/]: [midnight] Found status: AHEAD Current: 0.6.7 Target: null
[06Aug2026 20:26:44.687] [Forge Version Check/INFO] [net.minecraftforge.fml.VersionChecker/]: [farlanders] Starting version check at http://changelogs.moddinglegacy.com/the-farlanders.json
[06Aug2026 20:26:44.722] [main/INFO] [Moonlight/]: Initialized color sets in 487ms
[06Aug2026 20:26:44.735] [main/INFO] [terrablender/]: Registered region regions_unexplored:primary to index 7 for type OVERWORLD
[06Aug2026 20:26:44.736] [main/INFO] [terrablender/]: Registered region regions_unexplored:secondary to index 8 for type OVERWORLD
[06Aug2026 20:26:44.738] [main/INFO] [terrablender/]: Registered region regions_unexplored:nether to index 3 for type NETHER
[06Aug2026 20:26:44.811] [main/INFO] [terrablender/]: Registered region gardens_of_the_dead:nether to index 4 for type NETHER
[06Aug2026 20:26:44.865] [Forge Version Check/INFO] [net.minecraftforge.fml.VersionChecker/]: [farlanders] Found status: UP_TO_DATE Current: 1.4.1 Target: null
[06Aug2026 20:26:44.870] [Forge Version Check/INFO] [net.minecraftforge.fml.VersionChecker/]: [cyclopscore] Starting version check at https://raw.githubusercontent.com/CyclopsMC/Versions/master/forge_update/cyclops-core.json
[06Aug2026 20:26:44.956] [Forge Version Check/INFO] [net.minecraftforge.fml.VersionChecker/]: [cyclopscore] Found status: UP_TO_DATE Current: 1.22.1 Target: null
[06Aug2026 20:26:44.959] [Forge Version Check/INFO] [net.minecraftforge.fml.VersionChecker/]: [blue_skies] Starting version check at http://changelogs.moddinglegacy.com/blue-skies.json
[06Aug2026 20:26:45.083] [Forge Version Check/INFO] [net.minecraftforge.fml.VersionChecker/]: [blue_skies] Found status: UP_TO_DATE Current: 1.3.31 Target: null
[06Aug2026 20:26:45.129] [Forge Version Check/INFO] [net.minecraftforge.fml.VersionChecker/]: [aether] Starting version check at https://github.com/The-Aether-Team/The-Aether/raw/1.20.1-develop/update.json
[06Aug2026 20:26:45.235] [Forge Version Check/INFO] [net.minecraftforge.fml.VersionChecker/]: [aether] Found status: UP_TO_DATE Current: 1.20.1-1.5.2-neoforge Target: null
[06Aug2026 20:26:45.248] [Forge Version Check/INFO] [net.minecraftforge.fml.VersionChecker/]: [deep_aether] Starting version check at https://github.com/RazorDevs/Deep-Aether/raw/1.20.1-1.1/update.json
[06Aug2026 20:26:45.369] [Forge Version Check/INFO] [net.minecraftforge.fml.VersionChecker/]: [deep_aether] Found status: UP_TO_DATE Current: 1.20.1-1.1.7 Target: null
[06Aug2026 20:26:45.372] [Forge Version Check/INFO] [net.minecraftforge.fml.VersionChecker/]: [twilightforest] Starting version check at https://gh.tamaized.com/TeamTwilight/twilightforest/update.json
[06Aug2026 20:26:45.532] [modloading-worker-0/INFO] [AttributeFix/]: Loaded values for 91 compatible attributes.
[06Aug2026 20:26:45.586] [modloading-worker-0/WARN] [AttributeFix/]: Attribute ID 'the_idol_v2:polaroid_value' does not belong to a known attribute. This entry will be ignored.
[06Aug2026 20:26:45.589] [modloading-worker-0/WARN] [AttributeFix/]: Attribute ID 'the_idol_v2:spiritbox_sound' does not belong to a known attribute. This entry will be ignored.
[06Aug2026 20:26:45.590] [modloading-worker-0/WARN] [AttributeFix/]: Attribute ID 'the_idol_v2:jumpscare_value' does not belong to a known attribute. This entry will be ignored.
[06Aug2026 20:26:45.590] [modloading-worker-0/WARN] [AttributeFix/]: Attribute ID 'the_idol_v2:times_flashed' does not belong to a known attribute. This entry will be ignored.
[06Aug2026 20:26:45.593] [modloading-worker-0/WARN] [AttributeFix/]: Attribute ID 'the_idol_v2:player_event' does not belong to a known attribute. This entry will be ignored.
[06Aug2026 20:26:45.594] [modloading-worker-0/WARN] [AttributeFix/]: Attribute ID 'the_idol_v2:heartbeat_cooldown' does not belong to a known attribute. This entry will be ignored.
[06Aug2026 20:26:45.595] [modloading-worker-0/WARN] [AttributeFix/]: Attribute ID 'the_idol_v2:player_breath' does not belong to a known attribute. This entry will be ignored.
[06Aug2026 20:26:45.595] [modloading-worker-0/WARN] [AttributeFix/]: Attribute ID 'the_idol_v2:entity_values' does not belong to a known attribute. This entry will be ignored.
[06Aug2026 20:26:45.596] [modloading-worker-0/WARN] [AttributeFix/]: Attribute ID 'the_idol_v2:spiritbox_value' does not belong to a known attribute. This entry will be ignored.
[06Aug2026 20:26:45.597] [modloading-worker-0/WARN] [AttributeFix/]: Attribute ID 'the_idol_v2:player_event_timers' does not belong to a known attribute. This entry will be ignored.
[06Aug2026 20:26:45.598] [modloading-worker-0/WARN] [AttributeFix/]: Attribute ID 'the_idol_v2:despawn_timer' does not belong to a known attribute. This entry will be ignored.
[06Aug2026 20:26:45.599] [modloading-worker-0/WARN] [AttributeFix/]: Attribute ID 'the_idol_v2:spawn_pity' does not belong to a known attribute. This entry will be ignored.
[06Aug2026 20:26:45.600] [modloading-worker-0/WARN] [AttributeFix/]: Attribute ID 'the_idol_v2:spam_key_value' does not belong to a known attribute. This entry will be ignored.
[06Aug2026 20:26:45.601] [modloading-worker-0/WARN] [AttributeFix/]: Attribute ID 'the_idol_v2:closed_eyes' does not belong to a known attribute. This entry will be ignored.
[06Aug2026 20:26:45.601] [modloading-worker-0/WARN] [AttributeFix/]: Attribute ID 'the_idol_v2:received_items' does not belong to a known attribute. This entry will be ignored.
[06Aug2026 20:26:45.602] [modloading-worker-0/WARN] [AttributeFix/]: Attribute ID 'the_idol_v2:holding_breath' does not belong to a known attribute. This entry will be ignored.
[06Aug2026 20:26:45.603] [modloading-worker-0/INFO] [AttributeFix/]: Loaded 107 values from config.
[06Aug2026 20:26:45.677] [modloading-worker-0/INFO] [AttributeFix/]: Saving config file. 107 entries.
[06Aug2026 20:26:45.680] [modloading-worker-0/INFO] [AttributeFix/]: Applying changes for 107 attributes.
[06Aug2026 20:26:45.702] [main/INFO] [citadel/]: adding citadel surface rules via terrablender...
[06Aug2026 20:26:45.705] [main/INFO] [citadel/]: Added 0 vanilla biome surface rule types via terrablender
[06Aug2026 20:26:45.708] [main/INFO] [citadel/]: Added 1 modded biome surface rule types via terrablender
[06Aug2026 20:26:45.910] [Forge Version Check/INFO] [net.minecraftforge.fml.VersionChecker/]: [twilightforest] Found status: AHEAD Current: 4.3.2508 Target: null
[06Aug2026 20:26:45.914] [Forge Version Check/INFO] [net.minecraftforge.fml.VersionChecker/]: [aether_emissivity] Starting version check at https://github.com/The-Aether-Team/Emissivity/raw/1.20.1-develop/update.json
[06Aug2026 20:26:46.020] [Forge Version Check/INFO] [net.minecraftforge.fml.VersionChecker/]: [aether_emissivity] Found status: UP_TO_DATE Current: 1.20.1-1.0.0-neoforge Target: null
[06Aug2026 20:26:46.047] [Forge Version Check/INFO] [net.minecraftforge.fml.VersionChecker/]: [cucumber] Starting version check at https://api.blakesmods.com/v2/mods/cucumber/1.20/updates
[06Aug2026 20:26:46.405] [Forge Version Check/INFO] [net.minecraftforge.fml.VersionChecker/]: [cucumber] Found status: UP_TO_DATE Current: 7.0.16 Target: null
[06Aug2026 20:26:46.416] [Forge Version Check/INFO] [net.minecraftforge.fml.VersionChecker/]: [supplementaries] Starting version check at https://api.modrinth.com/updates/supplementaries/forge_updates.json
[06Aug2026 20:26:46.599] [Forge Version Check/INFO] [net.minecraftforge.fml.VersionChecker/]: [supplementaries] Found status: OUTDATED Current: 1.20-3.1.43 Target: 1.20-3.1.43-forge
[06Aug2026 20:26:46.603] [Forge Version Check/INFO] [net.minecraftforge.fml.VersionChecker/]: [clumps] Starting version check at https://updates.blamejared.com/get?n=clumps&gv=1.20.1
[06Aug2026 20:26:46.684] [Forge Version Check/INFO] [net.minecraftforge.fml.VersionChecker/]: [clumps] Found status: BETA Current: 12.0.0.4 Target: 12.0.0.4
[06Aug2026 20:26:46.686] [Forge Version Check/INFO] [net.minecraftforge.fml.VersionChecker/]: [configured] Starting version check at https://mrcrayfish.com/modupdatejson?id=configured
[06Aug2026 20:26:46.746] [Forge Version Check/WARN] [net.minecraftforge.fml.VersionChecker/]: Failed to process update information
com.google.gson.JsonSyntaxException: java.lang.IllegalStateException: Expected BEGIN_OBJECT but was STRING at line 1 column 1 path $
	at com.google.gson.Gson.fromJson(Gson.java:1226) ~[gson-2.10.jar%2372!/:?]
	at com.google.gson.Gson.fromJson(Gson.java:1124) ~[gson-2.10.jar%2372!/:?]
	at com.google.gson.Gson.fromJson(Gson.java:1034) ~[gson-2.10.jar%2372!/:?]
	at com.google.gson.Gson.fromJson(Gson.java:969) ~[gson-2.10.jar%2372!/:?]
	at net.minecraftforge.fml.VersionChecker$1.process(VersionChecker.java:186) ~[fmlcore-1.20.1-47.4.10.jar%23702!/:?]
	at java.lang.Iterable.forEach(Iterable.java:75) ~[?:?]
	at net.minecraftforge.fml.VersionChecker$1.run(VersionChecker.java:117) ~[fmlcore-1.20.1-47.4.10.jar%23702!/:?]
Caused by: java.lang.IllegalStateException: Expected BEGIN_OBJECT but was STRING at line 1 column 1 path $
	at com.google.gson.stream.JsonReader.beginObject(JsonReader.java:393) ~[gson-2.10.jar%2372!/:?]
	at com.google.gson.internal.bind.MapTypeAdapterFactory$Adapter.read(MapTypeAdapterFactory.java:182) ~[gson-2.10.jar%2372!/:?]
	at com.google.gson.internal.bind.MapTypeAdapterFactory$Adapter.read(MapTypeAdapterFactory.java:144) ~[gson-2.10.jar%2372!/:?]
	at com.google.gson.Gson.fromJson(Gson.java:1214) ~[gson-2.10.jar%2372!/:?]
	... 6 more
[06Aug2026 20:26:46.753] [Forge Version Check/INFO] [net.minecraftforge.fml.VersionChecker/]: [miningmaster] Starting version check at https://infernalstudios.org/api/mods/miningmaster/forge
[06Aug2026 20:26:46.895] [main/ERROR] [net.minecraft.Util/]: Entity face_of_horror:harvest_moon_spirit has no attributes
[06Aug2026 20:26:46.899] [main/ERROR] [net.minecraft.Util/]: Entity face_of_horror:harvest_moon_spirit has no attributes
[06Aug2026 20:26:46.902] [main/ERROR] [net.minecraft.Util/]: Entity face_of_horror:harvest_moon_spirit has no attributes
[06Aug2026 20:26:46.905] [main/ERROR] [net.minecraft.Util/]: Entity face_of_horror:harvest_moon_spirit has no attributes
[06Aug2026 20:26:46.908] [main/ERROR] [net.minecraft.Util/]: Entity face_of_horror:harvest_moon_spirit has no attributes
[06Aug2026 20:26:46.919] [main/ERROR] [net.minecraft.Util/]: Entity face_of_horror:harvest_moon_spirit has no attributes
[06Aug2026 20:26:46.920] [main/ERROR] [net.minecraft.Util/]: Entity face_of_horror:harvest_moon_spirit has no attributes
[06Aug2026 20:26:46.922] [main/ERROR] [net.minecraft.Util/]: Entity face_of_horror:harvest_moon_spirit has no attributes
[06Aug2026 20:26:46.924] [main/ERROR] [net.minecraft.Util/]: Entity face_of_horror:harvest_moon_spirit has no attributes
[06Aug2026 20:26:46.925] [main/ERROR] [net.minecraft.Util/]: Entity face_of_horror:harvest_moon_spirit has no attributes
[06Aug2026 20:26:46.927] [main/ERROR] [net.minecraft.Util/]: Entity face_of_horror:harvest_moon_spirit has no attributes
[06Aug2026 20:26:46.929] [main/ERROR] [net.minecraft.Util/]: Entity face_of_horror:harvest_moon_spirit has no attributes
[06Aug2026 20:26:46.931] [main/ERROR] [net.minecraft.Util/]: Entity face_of_horror:harvest_moon_spirit has no attributes
[06Aug2026 20:26:46.934] [main/ERROR] [net.minecraft.Util/]: Entity face_of_horror:harvest_moon_spirit has no attributes
[06Aug2026 20:26:46.935] [main/ERROR] [net.minecraft.Util/]: Entity face_of_horror:harvest_moon_spirit has no attributes
[06Aug2026 20:26:46.937] [main/ERROR] [net.minecraft.Util/]: Entity face_of_horror:harvest_moon_spirit has no attributes
[06Aug2026 20:26:46.938] [main/ERROR] [net.minecraft.Util/]: Entity face_of_horror:harvest_moon_spirit has no attributes
[06Aug2026 20:26:46.939] [main/ERROR] [net.minecraft.Util/]: Entity face_of_horror:harvest_moon_spirit has no attributes
[06Aug2026 20:26:46.940] [main/ERROR] [net.minecraft.Util/]: Entity face_of_horror:harvest_moon_spirit has no attributes
[06Aug2026 20:26:46.942] [main/ERROR] [net.minecraft.Util/]: Entity face_of_horror:harvest_moon_spirit has no attributes
[06Aug2026 20:26:46.944] [main/ERROR] [net.minecraft.Util/]: Entity face_of_horror:harvest_moon_spirit has no attributes
[06Aug2026 20:26:46.946] [main/ERROR] [net.minecraft.Util/]: Entity face_of_horror:harvest_moon_spirit has no attributes
[06Aug2026 20:26:46.949] [main/ERROR] [net.minecraft.Util/]: Entity face_of_horror:harvest_moon_spirit has no attributes
[06Aug2026 20:26:46.952] [main/ERROR] [net.minecraft.Util/]: Entity face_of_horror:harvest_moon_spirit has no attributes
[06Aug2026 20:26:46.954] [main/ERROR] [net.minecraft.Util/]: Entity face_of_horror:harvest_moon_spirit has no attributes
[06Aug2026 20:26:46.956] [main/ERROR] [net.minecraft.Util/]: Entity face_of_horror:harvest_moon_spirit has no attributes
[06Aug2026 20:26:46.960] [main/ERROR] [net.minecraft.Util/]: Entity face_of_horror:harvest_moon_spirit has no attributes
[06Aug2026 20:26:46.962] [main/ERROR] [net.minecraft.Util/]: Entity face_of_horror:harvest_moon_spirit has no attributes
[06Aug2026 20:26:46.965] [main/ERROR] [net.minecraft.Util/]: Entity face_of_horror:harvest_moon_spirit has no attributes
[06Aug2026 20:26:46.966] [main/ERROR] [net.minecraft.Util/]: Entity face_of_horror:harvest_moon_spirit has no attributes
[06Aug2026 20:26:46.968] [main/ERROR] [net.minecraft.Util/]: Entity face_of_horror:harvest_moon_spirit has no attributes
[06Aug2026 20:26:46.969] [main/ERROR] [net.minecraft.Util/]: Entity face_of_horror:harvest_moon_spirit has no attributes
[06Aug2026 20:26:46.970] [main/ERROR] [net.minecraft.Util/]: Entity face_of_horror:harvest_moon_spirit has no attributes
[06Aug2026 20:26:46.972] [main/ERROR] [net.minecraft.Util/]: Entity face_of_horror:harvest_moon_spirit has no attributes
[06Aug2026 20:26:46.973] [main/ERROR] [net.minecraft.Util/]: Entity face_of_horror:harvest_moon_spirit has no attributes
[06Aug2026 20:26:46.974] [main/ERROR] [net.minecraft.Util/]: Entity face_of_horror:harvest_moon_spirit has no attributes
[06Aug2026 20:26:46.976] [main/ERROR] [net.minecraft.Util/]: Entity face_of_horror:harvest_moon_spirit has no attributes
[06Aug2026 20:26:46.978] [main/ERROR] [net.minecraft.Util/]: Entity face_of_horror:harvest_moon_spirit has no attributes
[06Aug2026 20:26:46.981] [main/ERROR] [net.minecraft.Util/]: Entity face_of_horror:harvest_moon_spirit has no attributes
[06Aug2026 20:26:46.983] [main/ERROR] [net.minecraft.Util/]: Entity face_of_horror:harvest_moon_spirit has no attributes
[06Aug2026 20:26:46.984] [main/ERROR] [net.minecraft.Util/]: Entity face_of_horror:harvest_moon_spirit has no attributes
[06Aug2026 20:26:46.986] [main/ERROR] [net.minecraft.Util/]: Entity face_of_horror:harvest_moon_spirit has no attributes
[06Aug2026 20:26:46.989] [main/ERROR] [net.minecraft.Util/]: Entity face_of_horror:harvest_moon_spirit has no attributes
[06Aug2026 20:26:46.991] [main/ERROR] [net.minecraft.Util/]: Entity face_of_horror:harvest_moon_spirit has no attributes
[06Aug2026 20:26:46.996] [main/ERROR] [net.minecraft.Util/]: Entity face_of_horror:harvest_moon_spirit has no attributes
[06Aug2026 20:26:46.999] [main/ERROR] [net.minecraft.Util/]: Entity face_of_horror:harvest_moon_spirit has no attributes
[06Aug2026 20:26:47.002] [main/ERROR] [net.minecraft.Util/]: Entity face_of_horror:harvest_moon_spirit has no attributes
[06Aug2026 20:26:47.004] [main/ERROR] [net.minecraft.Util/]: Entity face_of_horror:harvest_moon_spirit has no attributes
[06Aug2026 20:26:47.007] [main/ERROR] [net.minecraft.Util/]: Entity face_of_horror:harvest_moon_spirit has no attributes
[06Aug2026 20:26:47.012] [main/ERROR] [net.minecraft.Util/]: Entity face_of_horror:harvest_moon_spirit has no attributes
[06Aug2026 20:26:47.015] [main/ERROR] [net.minecraft.Util/]: Entity face_of_horror:harvest_moon_spirit has no attributes
[06Aug2026 20:26:47.019] [main/ERROR] [net.minecraft.Util/]: Entity face_of_horror:harvest_moon_spirit has no attributes
[06Aug2026 20:26:47.021] [main/ERROR] [net.minecraft.Util/]: Entity face_of_horror:harvest_moon_spirit has no attributes
[06Aug2026 20:26:47.024] [main/ERROR] [net.minecraft.Util/]: Entity face_of_horror:harvest_moon_spirit has no attributes
[06Aug2026 20:26:47.028] [main/ERROR] [net.minecraft.Util/]: Entity face_of_horror:harvest_moon_spirit has no attributes
[06Aug2026 20:26:47.031] [main/ERROR] [net.minecraft.Util/]: Entity face_of_horror:harvest_moon_spirit has no attributes
[06Aug2026 20:26:47.034] [main/ERROR] [net.minecraft.Util/]: Entity face_of_horror:harvest_moon_spirit has no attributes
[06Aug2026 20:26:47.037] [main/ERROR] [net.minecraft.Util/]: Entity face_of_horror:harvest_moon_spirit has no attributes
[06Aug2026 20:26:47.039] [main/ERROR] [net.minecraft.Util/]: Entity face_of_horror:harvest_moon_spirit has no attributes
[06Aug2026 20:26:47.042] [main/ERROR] [net.minecraft.Util/]: Entity face_of_horror:harvest_moon_spirit has no attributes
[06Aug2026 20:26:47.047] [main/ERROR] [net.minecraft.Util/]: Entity face_of_horror:harvest_moon_spirit has no attributes
[06Aug2026 20:26:47.049] [main/ERROR] [net.minecraft.Util/]: Entity face_of_horror:harvest_moon_spirit has no attributes
[06Aug2026 20:26:47.052] [main/ERROR] [net.minecraft.Util/]: Entity face_of_horror:harvest_moon_spirit has no attributes
[06Aug2026 20:26:47.054] [main/ERROR] [net.minecraft.Util/]: Entity face_of_horror:harvest_moon_spirit has no attributes
[06Aug2026 20:26:47.056] [main/ERROR] [net.minecraft.Util/]: Entity face_of_horror:harvest_moon_spirit has no attributes
[06Aug2026 20:26:47.062] [main/ERROR] [net.minecraft.Util/]: Entity face_of_horror:harvest_moon_spirit has no attributes
[06Aug2026 20:26:47.064] [main/ERROR] [net.minecraft.Util/]: Entity face_of_horror:harvest_moon_spirit has no attributes
[06Aug2026 20:26:47.088] [main/ERROR] [net.minecraft.Util/]: Entity face_of_horror:harvest_moon_spirit has no attributes
[06Aug2026 20:26:47.090] [main/ERROR] [net.minecraft.Util/]: Entity face_of_horror:harvest_moon_spirit has no attributes
[06Aug2026 20:26:47.094] [main/ERROR] [net.minecraft.Util/]: Entity face_of_horror:harvest_moon_spirit has no attributes
[06Aug2026 20:26:47.097] [main/ERROR] [net.minecraft.Util/]: Entity face_of_horror:harvest_moon_spirit has no attributes
[06Aug2026 20:26:47.099] [main/ERROR] [net.minecraft.Util/]: Entity face_of_horror:harvest_moon_spirit has no attributes
[06Aug2026 20:26:47.101] [main/ERROR] [net.minecraft.Util/]: Entity face_of_horror:harvest_moon_spirit has no attributes
[06Aug2026 20:26:47.104] [main/ERROR] [net.minecraft.Util/]: Entity face_of_horror:harvest_moon_spirit has no attributes
[06Aug2026 20:26:47.116] [Forge Version Check/INFO] [net.minecraftforge.fml.VersionChecker/]: [miningmaster] Found status: BETA Current: 4.1.3 Target: null
[06Aug2026 20:26:47.119] [main/ERROR] [net.minecraft.Util/]: Entity face_of_horror:harvest_moon_spirit has no attributes
[06Aug2026 20:26:47.121] [Forge Version Check/INFO] [net.minecraftforge.fml.VersionChecker/]: [scuba_gear] Starting version check at http://changelogs.moddinglegacy.com/scuba-gear.json
[06Aug2026 20:26:47.124] [main/ERROR] [net.minecraft.Util/]: Entity face_of_horror:harvest_moon_spirit has no attributes
[06Aug2026 20:26:47.131] [main/ERROR] [net.minecraft.Util/]: Entity face_of_horror:harvest_moon_spirit has no attributes
[06Aug2026 20:26:47.133] [main/ERROR] [net.minecraft.Util/]: Entity face_of_horror:harvest_moon_spirit has no attributes
[06Aug2026 20:26:47.136] [main/ERROR] [net.minecraft.Util/]: Entity face_of_horror:harvest_moon_spirit has no attributes
[06Aug2026 20:26:47.139] [main/ERROR] [net.minecraft.Util/]: Entity face_of_horror:harvest_moon_spirit has no attributes
[06Aug2026 20:26:47.142] [main/ERROR] [net.minecraft.Util/]: Entity face_of_horror:harvest_moon_spirit has no attributes
[06Aug2026 20:26:47.145] [main/ERROR] [net.minecraft.Util/]: Entity face_of_horror:harvest_moon_spirit has no attributes
[06Aug2026 20:26:47.148] [main/ERROR] [net.minecraft.Util/]: Entity face_of_horror:harvest_moon_spirit has no attributes
[06Aug2026 20:26:47.150] [main/ERROR] [net.minecraft.Util/]: Entity face_of_horror:harvest_moon_spirit has no attributes
[06Aug2026 20:26:47.153] [main/ERROR] [net.minecraft.Util/]: Entity face_of_horror:harvest_moon_spirit has no attributes
[06Aug2026 20:26:47.169] [main/ERROR] [net.minecraft.Util/]: Entity face_of_horror:harvest_moon_spirit has no attributes
[06Aug2026 20:26:47.172] [main/ERROR] [net.minecraft.Util/]: Entity face_of_horror:harvest_moon_spirit has no attributes
[06Aug2026 20:26:47.174] [main/ERROR] [net.minecraft.Util/]: Entity face_of_horror:harvest_moon_spirit has no attributes
[06Aug2026 20:26:47.178] [main/ERROR] [net.minecraft.Util/]: Entity face_of_horror:harvest_moon_spirit has no attributes
[06Aug2026 20:26:47.181] [main/ERROR] [net.minecraft.Util/]: Entity face_of_horror:harvest_moon_spirit has no attributes
[06Aug2026 20:26:47.184] [main/ERROR] [net.minecraft.Util/]: Entity face_of_horror:harvest_moon_spirit has no attributes
[06Aug2026 20:26:47.188] [main/ERROR] [net.minecraft.Util/]: Entity face_of_horror:harvest_moon_spirit has no attributes
[06Aug2026 20:26:47.193] [main/ERROR] [net.minecraft.Util/]: Entity face_of_horror:harvest_moon_spirit has no attributes
[06Aug2026 20:26:47.196] [main/ERROR] [net.minecraft.Util/]: Entity face_of_horror:harvest_moon_spirit has no attributes
[06Aug2026 20:26:47.198] [main/ERROR] [net.minecraft.Util/]: Entity face_of_horror:harvest_moon_spirit has no attributes
[06Aug2026 20:26:47.211] [Forge Version Check/INFO] [net.minecraftforge.fml.VersionChecker/]: [scuba_gear] Found status: BETA Current: 1.0.6 Target: null
[06Aug2026 20:26:47.213] [main/ERROR] [net.minecraft.Util/]: Entity face_of_horror:harvest_moon_spirit has no attributes
[06Aug2026 20:26:47.215] [Forge Version Check/INFO] [net.minecraftforge.fml.VersionChecker/]: [mysticalagriculture] Starting version check at https://api.blakesmods.com/v2/mods/mysticalagriculture/1.20/updates
[06Aug2026 20:26:47.219] [main/ERROR] [net.minecraft.Util/]: Entity face_of_horror:harvest_moon_spirit has no attributes
[06Aug2026 20:26:47.399] [Forge Version Check/INFO] [net.minecraftforge.fml.VersionChecker/]: [mysticalagriculture] Found status: UP_TO_DATE Current: 7.0.24 Target: null
[06Aug2026 20:26:48.663] [main/INFO] [com.mojang.authlib.yggdrasil.YggdrasilAuthenticationService/]: Environment: authHost='https://authserver.mojang.com', accountsHost='https://api.mojang.com', sessionHost='https://sessionserver.mojang.com', servicesHost='https://api.minecraftservices.com', name='PROD'
[06Aug2026 20:26:49.092] [main/WARN] [net.minecraft.server.packs.VanillaPackResourcesBuilder/]: Assets URL 'union:/C:/Users/strea/Desktop/Forge1.20.1/libraries/net/minecraft/server/1.20.1-20230612.114412/server-1.20.1-20230612.114412-srg.jar%23701!/assets/.mcassetsroot' uses unexpected schema
[06Aug2026 20:26:49.096] [main/WARN] [net.minecraft.server.packs.VanillaPackResourcesBuilder/]: Assets URL 'union:/C:/Users/strea/Desktop/Forge1.20.1/libraries/net/minecraft/server/1.20.1-20230612.114412/server-1.20.1-20230612.114412-srg.jar%23701!/data/.mcassetsroot' uses unexpected schema
[06Aug2026 20:26:51.079] [main/INFO] [com.simibubi.create.Create/]: Created 2386 recipes which will be injected into the game
[06Aug2026 20:26:51.157] [main/INFO] [com.simibubi.create.Create/]: Created 92 tags which will be injected into the game
[06Aug2026 20:26:51.375] [main/INFO] [org.berezka.berezka_api.Berezka_api/]: [Berezka API] loading pack for namespaces: [berezka_api] (deprecated) and []
[06Aug2026 20:26:51.665] [main/INFO] [net.minecraft.server.MinecraftServer/]: Found new data pack tectonic/tectonic, loading it automatically
[06Aug2026 20:26:51.668] [main/INFO] [net.minecraft.server.MinecraftServer/]: Found new data pack tectonic/tectonic/overlay.mod, loading it automatically
[06Aug2026 20:26:51.669] [main/INFO] [net.minecraft.server.MinecraftServer/]: Found new data pack tectonic/tectonic/overlay.terratonic, loading it automatically
[06Aug2026 20:26:51.670] [main/INFO] [net.minecraft.server.MinecraftServer/]: Found new data pack alexscaves_compat, loading it automatically
[06Aug2026 20:26:51.673] [main/INFO] [net.minecraft.server.MinecraftServer/]: Found new data pack alexsmobs_compat, loading it automatically
[06Aug2026 20:26:51.675] [main/INFO] [net.minecraft.server.MinecraftServer/]: Found new data pack gardens_of_the_dead_compat, loading it automatically
[06Aug2026 20:26:51.677] [main/INFO] [net.minecraft.server.MinecraftServer/]: Found new data pack caverns_and_chasms_compat, loading it automatically
[06Aug2026 20:26:51.677] [main/INFO] [net.minecraft.server.MinecraftServer/]: Found new data pack temperature_mods_compat, loading it automatically
[06Aug2026 20:26:51.677] [main/INFO] [net.minecraft.server.MinecraftServer/]: Found new data pack lithostitched/breaks_seed_parity, loading it automatically
[06Aug2026 20:26:51.679] [main/INFO] [net.minecraft.server.MinecraftServer/]: Found new data pack berezka_api_data, loading it automatically
[06Aug2026 20:26:51.680] [main/INFO] [net.minecraft.server.MinecraftServer/]: Found new data pack builtin/aether_accessories, loading it automatically
[06Aug2026 20:26:51.682] [main/INFO] [net.minecraft.server.MinecraftServer/]: Found new data pack builtin/server/aether_lost_content_not_compat, loading it automatically
[06Aug2026 20:26:51.683] [main/INFO] [net.minecraft.server.MinecraftServer/]: Found new data pack create:dynamic_data, loading it automatically
[06Aug2026 20:26:51.684] [main/INFO] [net.minecraft.server.MinecraftServer/]: Found new data pack Supplementaries Generated Pack, loading it automatically
[06Aug2026 20:26:51.703] [main/INFO] [org.berezka.berezka_api.resources.BuiltInResourcePack/]: [Berezka API] Builtin resource pack created.
[06Aug2026 20:27:00.814] [main/INFO] [com.teamabnormals.blueprint.core.Blueprint/]: Successfully loaded 1 data remolders!
[06Aug2026 20:27:00.829] [main/INFO] [Moonlight/]: Starting runtime resource generation for pack type SERVER_DATA with generators from mods [supplementaries]: [net.mehvahdjukaar.supplementaries.dynamicpack.ServerDynamicResourcesGenerator@37c03791]
[06Aug2026 20:27:00.832] [main/INFO] [Moonlight/]: Generating runtime assets for pack Supplementaries Generated Pack (supplementaries)
[06Aug2026 20:27:01.064] [main/INFO] [Supplementaries/]: Generated runtime SERVER_DATA for pack Supplementaries Generated Pack (supplementaries) in: 230 ms (multithreaded)
[06Aug2026 20:27:01.068] [main/INFO] [Moonlight/]: Finished runtime resources generation for 1 packs in a total of 238 ms
[06Aug2026 20:27:18.597] [main/INFO] [Spartan Weaponry/]: Finished registering commands for Spartan Weaponry!
[06Aug2026 20:27:19.056] [main/INFO] [com.github.alexthe666.alexsmobs.AlexsMobs/]: Adding datapack listener capsid_recipes
[06Aug2026 20:27:19.814] [Worker-Main-1/ERROR] [net.minecraft.tags.TagLoader/]: [Load My Fucking Tags] Couldn't load certain entries with the tag aether_villages:collections/ancient_aether_biomes: #ancient_aether:is_ancient_aether_biome (from AetherVillages-1.20.1-1.0.7-forge.jar)
[06Aug2026 20:27:19.818] [Worker-Main-1/ERROR] [net.minecraft.tags.TagLoader/]: [Load My Fucking Tags] Couldn't load certain entries with the tag aether_villages:collections/aether_redux_biomes: aether_redux:skyfields (from AetherVillages-1.20.1-1.0.7-forge.jar), aether_redux:gilded_groves (from AetherVillages-1.20.1-1.0.7-forge.jar), aether_redux:cloudcaps (from AetherVillages-1.20.1-1.0.7-forge.jar), aether_redux:frosted_forests (from AetherVillages-1.20.1-1.0.7-forge.jar), aether_redux:glacial_tundra (from AetherVillages-1.20.1-1.0.7-forge.jar)
[06Aug2026 20:27:20.045] [Worker-Main-1/ERROR] [net.minecraft.tags.TagLoader/]: [Load My Fucking Tags] Couldn't load certain entries with the tag minecraft:lava: beyond:soul_lava_flowing (from beyond-1.2.0-forge-1.20.1.jar), nue:soul_lava (from NUE - Beta 2.24.jar), nue:flowing_soul_lava (from NUE - Beta 2.24.jar)
[06Aug2026 20:27:21.531] [Worker-Main-1/ERROR] [net.minecraft.tags.TagLoader/]: [Load My Fucking Tags] Couldn't load certain entries with the tag minecraft:enchantable/durability: farmers_delight_christmas_neo:white_royal_frosting (from farmers_delight_christmas_edition-V1.0.2-forge-1.20.1.jar), farmers_delight_christmas_neo:brown_royal_frosting (from farmers_delight_christmas_edition-V1.0.2-forge-1.20.1.jar), farmers_delight_christmas_neo:yellow_royal_frosting (from farmers_delight_christmas_edition-V1.0.2-forge-1.20.1.jar), farmers_delight_christmas_neo:cyan_royal_frosting (from farmers_delight_christmas_edition-V1.0.2-forge-1.20.1.jar), farmers_delight_christmas_neo:pink_royal_frosting (from farmers_delight_christmas_edition-V1.0.2-forge-1.20.1.jar), farmers_delight_christmas_neo:light_blue_royal_frosting (from farmers_delight_christmas_edition-V1.0.2-forge-1.20.1.jar), farmers_delight_christmas_neo:lime_royal_frosting (from farmers_delight_christmas_edition-V1.0.2-forge-1.20.1.jar), farmers_delight_christmas_neo:light_gray_frosting (from farmers_delight_christmas_edition-V1.0.2-forge-1.20.1.jar), farmers_delight_christmas_neo:gray_frosting (from farmers_delight_christmas_edition-V1.0.2-forge-1.20.1.jar), farmers_delight_christmas_neo:black_royal_frosting (from farmers_delight_christmas_edition-V1.0.2-forge-1.20.1.jar), farmers_delight_christmas_neo:magenta_royal_frosting (from farmers_delight_christmas_edition-V1.0.2-forge-1.20.1.jar), farmers_delight_christmas_neo:orange_royal_frosting (from farmers_delight_christmas_edition-V1.0.2-forge-1.20.1.jar), farmers_delight_christmas_neo:purple_royal_frosting (from farmers_delight_christmas_edition-V1.0.2-forge-1.20.1.jar), farmers_delight_christmas_neo:green_royal_frosting (from farmers_delight_christmas_edition-V1.0.2-forge-1.20.1.jar), farmers_delight_christmas_neo:royal_frosting_blue (from farmers_delight_christmas_edition-V1.0.2-forge-1.20.1.jar), farmers_delight_christmas_neo:royal_frosting_red (from farmers_delight_christmas_edition-V1.0.2-forge-1.20.1.jar), the_crystalized_geodes:tooth (from cheese_cave-1.5-forge-1.20.1.jar), the_crystalized_geodes:crystalline_launcher (from cheese_cave-1.5-forge-1.20.1.jar), the_knocker:knife (from the_knocker-1.5.2-forge-1.20.1.jar)
[06Aug2026 20:27:21.539] [Worker-Main-1/ERROR] [net.minecraft.tags.TagLoader/]: [Load My Fucking Tags] Couldn't load certain entries with the tag quark:vertical_slabs: outer_end:azure_vertical_slab (from TheOuterEnd-1.0.13.jar), outer_end:himmel_vertical_slab (from TheOuterEnd-1.0.13.jar), outer_end:violite_vertical_slab (from TheOuterEnd-1.0.13.jar), outer_end:violite_brick_vertical_slab (from TheOuterEnd-1.0.13.jar), outer_end:mossy_violite_brick_vertical_slab (from TheOuterEnd-1.0.13.jar), outer_end:violite_tile_vertical_slab (from TheOuterEnd-1.0.13.jar), outer_end:mossy_violite_tile_vertical_slab (from TheOuterEnd-1.0.13.jar)
[06Aug2026 20:27:21.555] [Worker-Main-1/ERROR] [net.minecraft.tags.TagLoader/]: [Load My Fucking Tags] Couldn't load certain entries with the tag minecraft:swords: cd117skinwalker:cd_117_withered_tooth_sword (from woodlandskinwalker-1.4.0-forge-1.20.1.jar), cd117skinwalker:cd_117_tooth_sword (from woodlandskinwalker-1.4.0-forge-1.20.1.jar)
[06Aug2026 20:27:21.566] [Worker-Main-1/ERROR] [net.minecraft.tags.TagLoader/]: [Load My Fucking Tags] Couldn't load certain entries with the tag minecraft:meat: the_crystalized_geodes:cooked_crystal_flesh (from cheese_cave-1.5-forge-1.20.1.jar), the_crystalized_geodes:crystal_flesh (from cheese_cave-1.5-forge-1.20.1.jar), the_crystalized_geodes:raw_heristal_meat (from cheese_cave-1.5-forge-1.20.1.jar), the_crystalized_geodes:cooked_heristal_meat (from cheese_cave-1.5-forge-1.20.1.jar)
[06Aug2026 20:27:21.584] [Worker-Main-1/ERROR] [net.minecraft.tags.TagLoader/]: [Load My Fucking Tags] Couldn't load certain entries with the tag beyond_earth:flags/colors: beyond_earth:flag_blue (from Beyond-Earth-1.20.1-7.0-PRERELEASE.jar), beyond_earth:flag_brown (from Beyond-Earth-1.20.1-7.0-PRERELEASE.jar), beyond_earth:flag_cyan (from Beyond-Earth-1.20.1-7.0-PRERELEASE.jar), beyond_earth:flag_gray (from Beyond-Earth-1.20.1-7.0-PRERELEASE.jar), beyond_earth:flag_green (from Beyond-Earth-1.20.1-7.0-PRERELEASE.jar), beyond_earth:flag_light_blue (from Beyond-Earth-1.20.1-7.0-PRERELEASE.jar), beyond_earth:flag_lime (from Beyond-Earth-1.20.1-7.0-PRERELEASE.jar), beyond_earth:flag_magenta (from Beyond-Earth-1.20.1-7.0-PRERELEASE.jar), beyond_earth:flag_orange (from Beyond-Earth-1.20.1-7.0-PRERELEASE.jar), beyond_earth:flag_pink (from Beyond-Earth-1.20.1-7.0-PRERELEASE.jar), beyond_earth:flag_purple (from Beyond-Earth-1.20.1-7.0-PRERELEASE.jar), beyond_earth:flag_red (from Beyond-Earth-1.20.1-7.0-PRERELEASE.jar), beyond_earth:flag_yellow (from Beyond-Earth-1.20.1-7.0-PRERELEASE.jar)
[06Aug2026 20:27:21.758] [Worker-Main-1/ERROR] [net.minecraft.tags.TagLoader/]: [Load My Fucking Tags] Couldn't load certain entries with the tag minecraft:undead: the_crystalized_geodes:periculum_3 (from cheese_cave-1.5-forge-1.20.1.jar), the_crystalized_geodes:periculum_2 (from cheese_cave-1.5-forge-1.20.1.jar), the_crystalized_geodes:periculum (from cheese_cave-1.5-forge-1.20.1.jar), the_crystalized_geodes:crystalized_zombie (from cheese_cave-1.5-forge-1.20.1.jar), the_crystalized_geodes:testbaby (from cheese_cave-1.5-forge-1.20.1.jar)
[06Aug2026 20:27:21.768] [Worker-Main-1/ERROR] [net.minecraft.tags.TagLoader/]: [Load My Fucking Tags] Couldn't load certain entries with the tag minecraft:arthropod: the_crystalized_geodes:large_shardcepide (from cheese_cave-1.5-forge-1.20.1.jar), the_crystalized_geodes:shardcepide (from cheese_cave-1.5-forge-1.20.1.jar), the_crystalized_geodes:crystallum (from cheese_cave-1.5-forge-1.20.1.jar), the_crystalized_geodes:stalgolemite (from cheese_cave-1.5-forge-1.20.1.jar)
[06Aug2026 20:27:22.400] [Worker-Main-1/ERROR] [net.minecraft.tags.TagLoader/]: [Load My Fucking Tags] Couldn't load certain entries with the tag minecraft:mineable/pickaxe: theabyss:infused_magma (from TATOS 1.0.5_beta.jar)
[06Aug2026 20:27:22.428] [Worker-Main-1/ERROR] [net.minecraft.tags.TagLoader/]: [Load My Fucking Tags] Couldn't load certain entries with the tag fabric:needs_tool_level_1: mysticrift_more_slabs_variants:bone_block_slab (from more_slabs_variants-14.8.4-forge-1.20.1.jar), mysticrift_more_slabs_variants:book_shelf_slab (from more_slabs_variants-14.8.4-forge-1.20.1.jar), mysticrift_more_slabs_variants:cherry_log_slab (from more_slabs_variants-14.8.4-forge-1.20.1.jar), mysticrift_more_slabs_variants:cherry_log_top_slab (from more_slabs_variants-14.8.4-forge-1.20.1.jar), mysticrift_more_slabs_variants:chiseled_book_shelf_slab (from more_slabs_variants-14.8.4-forge-1.20.1.jar), mysticrift_more_slabs_variants:chiseled_deepslate_slab (from more_slabs_variants-14.8.4-forge-1.20.1.jar), mysticrift_more_slabs_variants:chiseled_nether_bricks_slab (from more_slabs_variants-14.8.4-forge-1.20.1.jar), mysticrift_more_slabs_variants:chiseled_polished_black_stone_slab (from more_slabs_variants-14.8.4-forge-1.20.1.jar), mysticrift_more_slabs_variants:chiseled_quartz_slab (from more_slabs_variants-14.8.4-forge-1.20.1.jar), mysticrift_more_slabs_variants:chiseled_red_sand_slab (from more_slabs_variants-14.8.4-forge-1.20.1.jar), mysticrift_more_slabs_variants:chiseled_stone_bricks_slab (from more_slabs_variants-14.8.4-forge-1.20.1.jar), mysticrift_more_slabs_variants:chorus_flower_slab (from more_slabs_variants-14.8.4-forge-1.20.1.jar), mysticrift_more_slabs_variants:clay_slab (from more_slabs_variants-14.8.4-forge-1.20.1.jar), mysticrift_more_slabs_variants:coal_slab (from more_slabs_variants-14.8.4-forge-1.20.1.jar), mysticrift_more_slabs_variants:coal_ore_slab (from more_slabs_variants-14.8.4-forge-1.20.1.jar), mysticrift_more_slabs_variants:coarse_dirt_slab (from more_slabs_variants-14.8.4-forge-1.20.1.jar), mysticrift_more_slabs_variants:copper_ore_slab (from more_slabs_variants-14.8.4-forge-1.20.1.jar), mysticrift_more_slabs_variants:cracked_stone_bricks_slab (from more_slabs_variants-14.8.4-forge-1.20.1.jar), mysticrift_more_slabs_variants:crafting_table_slab (from more_slabs_variants-14.8.4-forge-1.20.1.jar), mysticrift_more_slabs_variants:crimson_nylium_slab (from more_slabs_variants-14.8.4-forge-1.20.1.jar), mysticrift_more_slabs_variants:crimson_stem_slab (from more_slabs_variants-14.8.4-forge-1.20.1.jar), mysticrift_more_slabs_variants:crying_obsidian_slab (from more_slabs_variants-14.8.4-forge-1.20.1.jar), mysticrift_more_slabs_variants:cut_red_sand_stone_slab (from more_slabs_variants-14.8.4-forge-1.20.1.jar), mysticrift_more_slabs_variants:cut_sandstone_slab (from more_slabs_variants-14.8.4-forge-1.20.1.jar), mysticrift_more_slabs_variants:cyan_concrete_slab (from more_slabs_variants-14.8.4-forge-1.20.1.jar), mysticrift_more_slabs_variants:cyan_concrete_powder_slab (from more_slabs_variants-14.8.4-forge-1.20.1.jar), mysticrift_more_slabs_variants:cyan_glazed_terracotta_slab (from more_slabs_variants-14.8.4-forge-1.20.1.jar), mysticrift_more_slabs_variants:cyan_terracotta_slab (from more_slabs_variants-14.8.4-forge-1.20.1.jar), mysticrift_more_slabs_variants:cyan_wool_slab (from more_slabs_variants-14.8.4-forge-1.20.1.jar), mysticrift_more_slabs_variants:dark_oak_log_slab (from more_slabs_variants-14.8.4-forge-1.20.1.jar), mysticrift_more_slabs_variants:dark_oak_log_top_slab (from more_slabs_variants-14.8.4-forge-1.20.1.jar), mysticrift_more_slabs_variants:dead_brain_coral_slab (from more_slabs_variants-14.8.4-forge-1.20.1.jar), mysticrift_more_slabs_variants:dead_bubble_coral_slab (from more_slabs_variants-14.8.4-forge-1.20.1.jar), mysticrift_more_slabs_variants:dead_fire_coral_slab (from more_slabs_variants-14.8.4-forge-1.20.1.jar), mysticrift_more_slabs_variants:dead_horn_coral_slab (from more_slabs_variants-14.8.4-forge-1.20.1.jar), mysticrift_more_slabs_variants:dead_tube_coral_slab (from more_slabs_variants-14.8.4-forge-1.20.1.jar), mysticrift_more_slabs_variants:deepslate_coal_ore_slab (from more_slabs_variants-14.8.4-forge-1.20.1.jar), mysticrift_more_slabs_variants:deepslate_copper_ore_slab (from more_slabs_variants-14.8.4-forge-1.20.1.jar), mysticrift_more_slabs_variants:deepslate_diamond_ore_slab (from more_slabs_variants-14.8.4-forge-1.20.1.jar), mysticrift_more_slabs_variants:deepslate_emerald_ore_slab (from more_slabs_variants-14.8.4-forge-1.20.1.jar), mysticrift_more_slabs_variants:deepslate_gold_ore_slab (from more_slabs_variants-14.8.4-forge-1.20.1.jar), mysticrift_more_slabs_variants:deepslate_iron_ore_slab (from more_slabs_variants-14.8.4-forge-1.20.1.jar), mysticrift_more_slabs_variants:deepslate_lapis_ore_slab (from more_slabs_variants-14.8.4-forge-1.20.1.jar), mysticrift_more_slabs_variants:deepslate_red_stone_ore_slab (from more_slabs_variants-14.8.4-forge-1.20.1.jar), mysticrift_more_slabs_variants:diamond_slab (from more_slabs_variants-14.8.4-forge-1.20.1.jar), mysticrift_more_slabs_variants:diamond_ore_slab (from more_slabs_variants-14.8.4-forge-1.20.1.jar), mysticrift_more_slabs_variants:dirt_slab (from more_slabs_variants-14.8.4-forge-1.20.1.jar), mysticrift_more_slabs_variants:dirt_patch_slab (from more_slabs_variants-14.8.4-forge-1.20.1.jar), mysticrift_more_slabs_variants:dispenser_slab (from more_slabs_variants-14.8.4-forge-1.20.1.jar), mysticrift_more_slabs_variants:dried_kelp_slab (from more_slabs_variants-14.8.4-forge-1.20.1.jar), mysticrift_more_slabs_variants:drip_stone_slab (from more_slabs_variants-14.8.4-forge-1.20.1.jar), mysticrift_more_slabs_variants:emerald_slab (from more_slabs_variants-14.8.4-forge-1.20.1.jar), mysticrift_more_slabs_variants:emerald_ore_slab (from more_slabs_variants-14.8.4-forge-1.20.1.jar), mysticrift_more_slabs_variants:farm_land_slab (from more_slabs_variants-14.8.4-forge-1.20.1.jar), mysticrift_more_slabs_variants:fletching_table_slab (from more_slabs_variants-14.8.4-forge-1.20.1.jar), mysticrift_more_slabs_variants:flowering_azalea_leaves_slab (from more_slabs_variants-14.8.4-forge-1.20.1.jar), mysticrift_more_slabs_variants:frosted_ice_slab (from more_slabs_variants-14.8.4-forge-1.20.1.jar), mysticrift_more_slabs_variants:gilded_black_stone_slab (from more_slabs_variants-14.8.4-forge-1.20.1.jar), mysticrift_more_slabs_variants:glow_stone_slab (from more_slabs_variants-14.8.4-forge-1.20.1.jar), mysticrift_more_slabs_variants:gold_slab (from more_slabs_variants-14.8.4-forge-1.20.1.jar), mysticrift_more_slabs_variants:gold_ore_slab (from more_slabs_variants-14.8.4-forge-1.20.1.jar), mysticrift_more_slabs_variants:gravel_slab (from more_slabs_variants-14.8.4-forge-1.20.1.jar), mysticrift_more_slabs_variants:gray_concrete_slab (from more_slabs_variants-14.8.4-forge-1.20.1.jar), mysticrift_more_slabs_variants:gray_concrete_powder_slab (from more_slabs_variants-14.8.4-forge-1.20.1.jar), mysticrift_more_slabs_variants:gray_glazed_terracotta_slab (from more_slabs_variants-14.8.4-forge-1.20.1.jar), mysticrift_more_slabs_variants:gray_terracotta_slab (from more_slabs_variants-14.8.4-forge-1.20.1.jar), mysticrift_more_slabs_variants:gray_wool_slab (from more_slabs_variants-14.8.4-forge-1.20.1.jar), mysticrift_more_slabs_variants:green_concrete_slab (from more_slabs_variants-14.8.4-forge-1.20.1.jar), mysticrift_more_slabs_variants:green_concrete_powder_slab (from more_slabs_variants-14.8.4-forge-1.20.1.jar), mysticrift_more_slabs_variants:green_glazed_terracotta_slab (from more_slabs_variants-14.8.4-forge-1.20.1.jar), mysticrift_more_slabs_variants:green_terracotta_slab (from more_slabs_variants-14.8.4-forge-1.20.1.jar), mysticrift_more_slabs_variants:green_wool_slab (from more_slabs_variants-14.8.4-forge-1.20.1.jar), mysticrift_more_slabs_variants:hay_slab (from more_slabs_variants-14.8.4-forge-1.20.1.jar), mysticrift_more_slabs_variants:honey_slab (from more_slabs_variants-14.8.4-forge-1.20.1.jar), mysticrift_more_slabs_variants:honey_comb_slab (from more_slabs_variants-14.8.4-forge-1.20.1.jar), mysticrift_more_slabs_variants:ice_slab (from more_slabs_variants-14.8.4-forge-1.20.1.jar), mysticrift_more_slabs_variants:iron_slab (from more_slabs_variants-14.8.4-forge-1.20.1.jar), mysticrift_more_slabs_variants:iron_ore_slab (from more_slabs_variants-14.8.4-forge-1.20.1.jar), mysticrift_more_slabs_variants:jacko_lantern_slab (from more_slabs_variants-14.8.4-forge-1.20.1.jar), mysticrift_more_slabs_variants:juke_box_slab (from more_slabs_variants-14.8.4-forge-1.20.1.jar), mysticrift_more_slabs_variants:jungle_log_slab (from more_slabs_variants-14.8.4-forge-1.20.1.jar), mysticrift_more_slabs_variants:jungle_log_top_slab (from more_slabs_variants-14.8.4-forge-1.20.1.jar), mysticrift_more_slabs_variants:lapis_slab (from more_slabs_variants-14.8.4-forge-1.20.1.jar), mysticrift_more_slabs_variants:lapis_ore_slab (from more_slabs_variants-14.8.4-forge-1.20.1.jar), mysticrift_more_slabs_variants:light_blue_concrete_slab (from more_slabs_variants-14.8.4-forge-1.20.1.jar), mysticrift_more_slabs_variants:light_blue_concrete_powder_slab (from more_slabs_variants-14.8.4-forge-1.20.1.jar), mysticrift_more_slabs_variants:light_blue_glazed_terracotta_slab (from more_slabs_variants-14.8.4-forge-1.20.1.jar), mysticrift_more_slabs_variants:light_blue_terracotta_slab (from more_slabs_variants-14.8.4-forge-1.20.1.jar), mysticrift_more_slabs_variants:light_wool_slab (from more_slabs_variants-14.8.4-forge-1.20.1.jar), mysticrift_more_slabs_variants:light_gray_concrete_slab (from more_slabs_variants-14.8.4-forge-1.20.1.jar), mysticrift_more_slabs_variants:lightgrayconcretepowderslab (from more_slabs_variants-14.8.4-forge-1.20.1.jar), mysticrift_more_slabs_variants:light_gray_terracotta_slab (from more_slabs_variants-14.8.4-forge-1.20.1.jar), mysticrift_more_slabs_variants:light_gray_wool_slab (from more_slabs_variants-14.8.4-forge-1.20.1.jar), mysticrift_more_slabs_variants:lime_concrete_slab (from more_slabs_variants-14.8.4-forge-1.20.1.jar), mysticrift_more_slabs_variants:lime_concrete_powder_slab (from more_slabs_variants-14.8.4-forge-1.20.1.jar), mysticrift_more_slabs_variants:lime_glazed_terracotta_slab (from more_slabs_variants-14.8.4-forge-1.20.1.jar), mysticrift_more_slabs_variants:lime_terracotta_slab (from more_slabs_variants-14.8.4-forge-1.20.1.jar), mysticrift_more_slabs_variants:lime_wool_slab (from more_slabs_variants-14.8.4-forge-1.20.1.jar), mysticrift_more_slabs_variants:lode_stone_slab (from more_slabs_variants-14.8.4-forge-1.20.1.jar), mysticrift_more_slabs_variants:magenta_concrete_slab (from more_slabs_variants-14.8.4-forge-1.20.1.jar), mysticrift_more_slabs_variants:magenta_concrete_powder_slab (from more_slabs_variants-14.8.4-forge-1.20.1.jar), mysticrift_more_slabs_variants:magenta_glazed_terracotta_slab (from more_slabs_variants-14.8.4-forge-1.20.1.jar), mysticrift_more_slabs_variants:magenta_terracotta_slab (from more_slabs_variants-14.8.4-forge-1.20.1.jar), mysticrift_more_slabs_variants:magenta_wool_slab (from more_slabs_variants-14.8.4-forge-1.20.1.jar), mysticrift_more_slabs_variants:mangrove_log_slab (from more_slabs_variants-14.8.4-forge-1.20.1.jar), mysticrift_more_slabs_variants:mangrove_log_top_slab (from more_slabs_variants-14.8.4-forge-1.20.1.jar), mysticrift_more_slabs_variants:mud_slab (from more_slabs_variants-14.8.4-forge-1.20.1.jar), mysticrift_more_slabs_variants:muddy_mangrove_roots_slab (from more_slabs_variants-14.8.4-forge-1.20.1.jar), mysticrift_more_slabs_variants:mush_room_slab (from more_slabs_variants-14.8.4-forge-1.20.1.jar), mysticrift_more_slabs_variants:nether_gold_ore_slab (from more_slabs_variants-14.8.4-forge-1.20.1.jar), mysticrift_more_slabs_variants:nether_quartz_ore_slab (from more_slabs_variants-14.8.4-forge-1.20.1.jar), mysticrift_more_slabs_variants:nether_wart_slab (from more_slabs_variants-14.8.4-forge-1.20.1.jar), mysticrift_more_slabs_variants:netherite_slab (from more_slabs_variants-14.8.4-forge-1.20.1.jar), mysticrift_more_slabs_variants:netherack_slab (from more_slabs_variants-14.8.4-forge-1.20.1.jar), mysticrift_more_slabs_variants:oak_log_slab (from more_slabs_variants-14.8.4-forge-1.20.1.jar), mysticrift_more_slabs_variants:oak_log_top_slab (from more_slabs_variants-14.8.4-forge-1.20.1.jar), mysticrift_more_slabs_variants:ochre_froglight_slab (from more_slabs_variants-14.8.4-forge-1.20.1.jar), mysticrift_more_slabs_variants:orange_concrete_slab (from more_slabs_variants-14.8.4-forge-1.20.1.jar), mysticrift_more_slabs_variants:orange_concrete_powder_slab (from more_slabs_variants-14.8.4-forge-1.20.1.jar), mysticrift_more_slabs_variants:orange_glazed_terracotta_slab (from more_slabs_variants-14.8.4-forge-1.20.1.jar), mysticrift_more_slabs_variants:orange_terracotta_slab (from more_slabs_variants-14.8.4-forge-1.20.1.jar), mysticrift_more_slabs_variants:orange_wool_slab (from more_slabs_variants-14.8.4-forge-1.20.1.jar), mysticrift_more_slabs_variants:packed_ice_slab (from more_slabs_variants-14.8.4-forge-1.20.1.jar), mysticrift_more_slabs_variants:pearlescent_froglight_slab (from more_slabs_variants-14.8.4-forge-1.20.1.jar), mysticrift_more_slabs_variants:packed_mud_slab (from more_slabs_variants-14.8.4-forge-1.20.1.jar), mysticrift_more_slabs_variants:pink_concrete_slab (from more_slabs_variants-14.8.4-forge-1.20.1.jar), mysticrift_more_slabs_variants:pink_concrete_powder_slab (from more_slabs_variants-14.8.4-forge-1.20.1.jar), mysticrift_more_slabs_variants:pink_glazed_terracotta_slab (from more_slabs_variants-14.8.4-forge-1.20.1.jar), mysticrift_more_slabs_variants:pink_terracotta_slab (from more_slabs_variants-14.8.4-forge-1.20.1.jar), mysticrift_more_slabs_variants:pink_wool_slab (from more_slabs_variants-14.8.4-forge-1.20.1.jar), mysticrift_more_slabs_variants:podzol_slab (from more_slabs_variants-14.8.4-forge-1.20.1.jar), mysticrift_more_slabs_variants:polished_basalt_slab (from more_slabs_variants-14.8.4-forge-1.20.1.jar), mysticrift_more_slabs_variants:pumpkin_slab (from more_slabs_variants-14.8.4-forge-1.20.1.jar), mysticrift_more_slabs_variants:purple_concrete_slab (from more_slabs_variants-14.8.4-forge-1.20.1.jar), mysticrift_more_slabs_variants:purple_concrete_powder_slab (from more_slabs_variants-14.8.4-forge-1.20.1.jar), mysticrift_more_slabs_variants:purple_glazed_terracotta_slab (from more_slabs_variants-14.8.4-forge-1.20.1.jar), mysticrift_more_slabs_variants:pruple_terracotta_slab (from more_slabs_variants-14.8.4-forge-1.20.1.jar), mysticrift_more_slabs_variants:purple_wool_slab (from more_slabs_variants-14.8.4-forge-1.20.1.jar), mysticrift_more_slabs_variants:raw_copper_slab (from more_slabs_variants-14.8.4-forge-1.20.1.jar), mysticrift_more_slabs_variants:raw_gold_slab (from more_slabs_variants-14.8.4-forge-1.20.1.jar), mysticrift_more_slabs_variants:raw_iron_slab (from more_slabs_variants-14.8.4-forge-1.20.1.jar), mysticrift_more_slabs_variants:red_concrete_slab (from more_slabs_variants-14.8.4-forge-1.20.1.jar), mysticrift_more_slabs_variants:red_concrete_powder_slab (from more_slabs_variants-14.8.4-forge-1.20.1.jar), mysticrift_more_slabs_variants:red_glazed_terracotta (from more_slabs_variants-14.8.4-forge-1.20.1.jar), mysticrift_more_slabs_variants:red_mushroom_slab (from more_slabs_variants-14.8.4-forge-1.20.1.jar), mysticrift_more_slabs_variants:red_sand_slab (from more_slabs_variants-14.8.4-forge-1.20.1.jar), mysticrift_more_slabs_variants:red_terracotta_slab (from more_slabs_variants-14.8.4-forge-1.20.1.jar), mysticrift_more_slabs_variants:red_wool_slab (from more_slabs_variants-14.8.4-forge-1.20.1.jar), mysticrift_more_slabs_variants:red_stone_slab (from more_slabs_variants-14.8.4-forge-1.20.1.jar), mysticrift_more_slabs_variants:red_stone_lamp_slab (from more_slabs_variants-14.8.4-forge-1.20.1.jar), mysticrift_more_slabs_variants:redstone_ore_slab (from more_slabs_variants-14.8.4-forge-1.20.1.jar), mysticrift_more_slabs_variants:reinforced_deepslate_slab (from more_slabs_variants-14.8.4-forge-1.20.1.jar), mysticrift_more_slabs_variants:rooted_dirt_slab (from more_slabs_variants-14.8.4-forge-1.20.1.jar), mysticrift_more_slabs_variants:sand_slab (from more_slabs_variants-14.8.4-forge-1.20.1.jar), mysticrift_more_slabs_variants:sculk_catalyst_slab (from more_slabs_variants-14.8.4-forge-1.20.1.jar), mysticrift_more_slabs_variants:sculk_sensor_slab (from more_slabs_variants-14.8.4-forge-1.20.1.jar), mysticrift_more_slabs_variants:shroomlight_slab (from more_slabs_variants-14.8.4-forge-1.20.1.jar), mysticrift_more_slabs_variants:slime_slab (from more_slabs_variants-14.8.4-forge-1.20.1.jar), mysticrift_more_slabs_variants:smooth_basalt_slab (from more_slabs_variants-14.8.4-forge-1.20.1.jar), mysticrift_more_slabs_variants:soul_sand_slab (from more_slabs_variants-14.8.4-forge-1.20.1.jar), mysticrift_more_slabs_variants:soul_soil_slab (from more_slabs_variants-14.8.4-forge-1.20.1.jar), mysticrift_more_slabs_variants:spruce_log_slab (from more_slabs_variants-14.8.4-forge-1.20.1.jar), mysticrift_more_slabs_variants:spruce_log_top_slab (from more_slabs_variants-14.8.4-forge-1.20.1.jar), mysticrift_more_slabs_variants:stripped_acacia_slab (from more_slabs_variants-14.8.4-forge-1.20.1.jar), mysticrift_more_slabs_variants:stripped_acacia_top_slab (from more_slabs_variants-14.8.4-forge-1.20.1.jar), mysticrift_more_slabs_variants:stripped_cherry_slab (from more_slabs_variants-14.8.4-forge-1.20.1.jar), mysticrift_more_slabs_variants:stripped_cherry_top_slab (from more_slabs_variants-14.8.4-forge-1.20.1.jar), mysticrift_more_slabs_variants:stripped_crimson_stem_slab (from more_slabs_variants-14.8.4-forge-1.20.1.jar), mysticrift_more_slabs_variants:stripped_crimson_stem_top_slab (from more_slabs_variants-14.8.4-forge-1.20.1.jar), mysticrift_more_slabs_variants:stripped_dark_oak_log_slab (from more_slabs_variants-14.8.4-forge-1.20.1.jar), mysticrift_more_slabs_variants:stripped_dark_oak_top_slab (from more_slabs_variants-14.8.4-forge-1.20.1.jar), mysticrift_more_slabs_variants:stripped_jungle_slab (from more_slabs_variants-14.8.4-forge-1.20.1.jar), mysticrift_more_slabs_variants:stripped_jungle_top_slab (from more_slabs_variants-14.8.4-forge-1.20.1.jar), mysticrift_more_slabs_variants:stripped_mangrove_slab (from more_slabs_variants-14.8.4-forge-1.20.1.jar), mysticrift_more_slabs_variants:stripped_mangrove_top_slab (from more_slabs_variants-14.8.4-forge-1.20.1.jar), mysticrift_more_slabs_variants:stripped_oak_slab (from more_slabs_variants-14.8.4-forge-1.20.1.jar), mysticrift_more_slabs_variants:stripped_oak_top_slab (from more_slabs_variants-14.8.4-forge-1.20.1.jar), mysticrift_more_slabs_variants:stripped_spruce_slab (from more_slabs_variants-14.8.4-forge-1.20.1.jar), mysticrift_more_slabs_variants:stripped_spruce_top_slab (from more_slabs_variants-14.8.4-forge-1.20.1.jar), mysticrift_more_slabs_variants:stripped_warped_stem_log (from more_slabs_variants-14.8.4-forge-1.20.1.jar), mysticrift_more_slabs_variants:stripped_warped_stem_top_slab (from more_slabs_variants-14.8.4-forge-1.20.1.jar), mysticrift_more_slabs_variants:suspicious_gravel_slab (from more_slabs_variants-14.8.4-forge-1.20.1.jar), mysticrift_more_slabs_variants:suspicious_sand_slab (from more_slabs_variants-14.8.4-forge-1.20.1.jar), mysticrift_more_slabs_variants:target_slab (from more_slabs_variants-14.8.4-forge-1.20.1.jar), mysticrift_more_slabs_variants:terracotta_slab (from more_slabs_variants-14.8.4-forge-1.20.1.jar), mysticrift_more_slabs_variants:verdant_froglight_slab (from more_slabs_variants-14.8.4-forge-1.20.1.jar), mysticrift_more_slabs_variants:warped_nylium_slab (from more_slabs_variants-14.8.4-forge-1.20.1.jar), mysticrift_more_slabs_variants:white_terracotta_slab (from more_slabs_variants-14.8.4-forge-1.20.1.jar), mysticrift_more_slabs_variants:yellow_concrete_slab (from more_slabs_variants-14.8.4-forge-1.20.1.jar), mysticrift_more_slabs_variants:yellow_concrete_powder_slab (from more_slabs_variants-14.8.4-forge-1.20.1.jar), mysticrift_more_slabs_variants:yellow_terracotta_slab (from more_slabs_variants-14.8.4-forge-1.20.1.jar), mysticrift_more_slabs_variants:yellow_wool_slab (from more_slabs_variants-14.8.4-forge-1.20.1.jar), mysticrift_more_slabs_variants:ancient_debris_slab (from more_slabs_variants-14.8.4-forge-1.20.1.jar), mysticrift_more_slabs_variants:amethyst_slab (from more_slabs_variants-14.8.4-forge-1.20.1.jar), mysticrift_more_slabs_variants:black_concrete_slab (from more_slabs_variants-14.8.4-forge-1.20.1.jar), mysticrift_more_slabs_variants:black_glazed_terracotta_slab (from more_slabs_variants-14.8.4-forge-1.20.1.jar), mysticrift_more_slabs_variants:black_terracotta_slab (from more_slabs_variants-14.8.4-forge-1.20.1.jar), mysticrift_more_slabs_variants:black_wool_slab (from more_slabs_variants-14.8.4-forge-1.20.1.jar), mysticrift_more_slabs_variants:blue_concrete_slab (from more_slabs_variants-14.8.4-forge-1.20.1.jar), mysticrift_more_slabs_variants:blue_glazed_terracotta_slab (from more_slabs_variants-14.8.4-forge-1.20.1.jar), mysticrift_more_slabs_variants:blue_terracotta_slab (from more_slabs_variants-14.8.4-forge-1.20.1.jar), mysticrift_more_slabs_variants:blue_wool_slab (from more_slabs_variants-14.8.4-forge-1.20.1.jar), mysticrift_more_slabs_variants:brown_concrete_slab (from more_slabs_variants-14.8.4-forge-1.20.1.jar), mysticrift_more_slabs_variants:brown_concrete_powder_slab (from more_slabs_variants-14.8.4-forge-1.20.1.jar), mysticrift_more_slabs_variants:brown_glazed_terracotta_slab (from more_slabs_variants-14.8.4-forge-1.20.1.jar), mysticrift_more_slabs_variants:brown_terracotta_slab (from more_slabs_variants-14.8.4-forge-1.20.1.jar), mysticrift_more_slabs_variants:brown_wool_slab (from more_slabs_variants-14.8.4-forge-1.20.1.jar), mysticrift_more_slabs_variants:bubble_coral_slab (from more_slabs_variants-14.8.4-forge-1.20.1.jar), mysticrift_more_slabs_variants:budding_amethyst_slab (from more_slabs_variants-14.8.4-forge-1.20.1.jar), mysticrift_more_slabs_variants:obsidian_slab (from more_slabs_variants-14.8.4-forge-1.20.1.jar), mysticrift_more_slabs_variants:ancient_debris_top_slab (from more_slabs_variants-14.8.4-forge-1.20.1.jar), mysticrift_more_slabs_variants:barrel_slab (from more_slabs_variants-14.8.4-forge-1.20.1.jar), mysticrift_more_slabs_variants:bedrock_slab (from more_slabs_variants-14.8.4-forge-1.20.1.jar), mysticrift_more_slabs_variants:bee_nest_top_slab (from more_slabs_variants-14.8.4-forge-1.20.1.jar), mysticrift_more_slabs_variants:cactus_slab (from more_slabs_variants-14.8.4-forge-1.20.1.jar), mysticrift_more_slabs_variants:calcite_slab (from more_slabs_variants-14.8.4-forge-1.20.1.jar), mysticrift_more_slabs_variants:daylight_detector_slab (from more_slabs_variants-14.8.4-forge-1.20.1.jar), mysticrift_more_slabs_variants:dropper_slab (from more_slabs_variants-14.8.4-forge-1.20.1.jar), mysticrift_more_slabs_variants:enchanting_table_top (from more_slabs_variants-14.8.4-forge-1.20.1.jar), mysticrift_more_slabs_variants:end_portal_slab (from more_slabs_variants-14.8.4-forge-1.20.1.jar), mysticrift_more_slabs_variants:respawn_anchor_slab (from more_slabs_variants-14.8.4-forge-1.20.1.jar), mysticrift_more_slabs_variants:tnt_slab (from more_slabs_variants-14.8.4-forge-1.20.1.jar), mysticrift_more_slabs_variants:tuff_slab (from more_slabs_variants-14.8.4-forge-1.20.1.jar), mysticrift_more_slabs_variants:white_concrete_slab (from more_slabs_variants-14.8.4-forge-1.20.1.jar), mysticrift_more_slabs_variants:white_concrete_powder_slab (from more_slabs_variants-14.8.4-forge-1.20.1.jar)
[06Aug2026 20:27:22.469] [Worker-Main-1/ERROR] [net.minecraft.tags.TagLoader/]: [Load My Fucking Tags] Couldn't load certain entries with the tag quark:vertical_slabs: outer_end:azure_vertical_slab (from TheOuterEnd-1.0.13.jar), outer_end:himmel_vertical_slab (from TheOuterEnd-1.0.13.jar), outer_end:violite_vertical_slab (from TheOuterEnd-1.0.13.jar), outer_end:violite_brick_vertical_slab (from TheOuterEnd-1.0.13.jar), outer_end:mossy_violite_brick_vertical_slab (from TheOuterEnd-1.0.13.jar), outer_end:violite_tile_vertical_slab (from TheOuterEnd-1.0.13.jar), outer_end:mossy_violite_tile_vertical_slab (from TheOuterEnd-1.0.13.jar)
[06Aug2026 20:27:22.511] [Worker-Main-1/ERROR] [net.minecraft.tags.TagLoader/]: [Load My Fucking Tags] Couldn't load certain entries with the tag fallout_wastelands_:vaultdoorblock: fallout_wastelands_:vault_door_top (from Fallout Wasteland 1.20.1 Beta 3.8.1.jar), fallout_wastelands_:vault_door_top_right (from Fallout Wasteland 1.20.1 Beta 3.8.1.jar), fallout_wastelands_:vault_door_bottom_right (from Fallout Wasteland 1.20.1 Beta 3.8.1.jar)
[06Aug2026 20:27:25.367] [Worker-Main-1/ERROR] [net.minecraftforge.common.ForgeHooks/]: Couldn't parse element loot_tables:nfm:blocks/beige_wall_cabinet
com.google.gson.JsonSyntaxException: Expected name to be an item, was unknown string 'nfm:beige_wall_cabinet'
	at net.minecraft.util.GsonHelper.m_13866_(GsonHelper.java:145) ~[server-1.20.1-20230612.114412-srg.jar%23701!/:?]
	at java.util.Optional.orElseThrow(Optional.java:403) ~[?:?]
	at net.minecraft.util.GsonHelper.m_13874_(GsonHelper.java:145) ~[server-1.20.1-20230612.114412-srg.jar%23701!/:?]
	at net.minecraft.util.GsonHelper.m_13909_(GsonHelper.java:153) ~[server-1.20.1-20230612.114412-srg.jar%23701!/:?]
	at net.minecraft.world.level.storage.loot.entries.LootItem$Serializer.m_7267_(LootItem.java:55) ~[server-1.20.1-20230612.114412-srg.jar%23701!/:?]
	at net.minecraft.world.level.storage.loot.entries.LootItem$Serializer.m_7267_(LootItem.java:40) ~[server-1.20.1-20230612.114412-srg.jar%23701!/:?]
	at net.minecraft.world.level.storage.loot.entries.LootPoolSingletonContainer$Serializer.m_5921_(LootPoolSingletonContainer.java:151) ~[server-1.20.1-20230612.114412-srg.jar%23701!/:?]
	at net.minecraft.world.level.storage.loot.entries.LootPoolSingletonContainer$Serializer.m_5921_(LootPoolSingletonContainer.java:129) ~[server-1.20.1-20230612.114412-srg.jar%23701!/:?]
	at net.minecraft.world.level.storage.loot.entries.LootPoolEntryContainer$Serializer.m_7561_(LootPoolEntryContainer.java:86) ~[server-1.20.1-20230612.114412-srg.jar%23701!/:?]
	at net.minecraft.world.level.storage.loot.entries.LootPoolEntryContainer$Serializer.m_7561_(LootPoolEntryContainer.java:74) ~[server-1.20.1-20230612.114412-srg.jar%23701!/:?]
	at net.minecraft.world.level.storage.loot.GsonAdapterFactory$JsonAdapter.deserialize(GsonAdapterFactory.java:102) ~[server-1.20.1-20230612.114412-srg.jar%23701!/:?]
	at com.google.gson.internal.bind.TreeTypeAdapter.read(TreeTypeAdapter.java:76) ~[gson-2.10.jar%2372!/:?]
	at com.google.gson.internal.bind.TypeAdapterRuntimeTypeWrapper.read(TypeAdapterRuntimeTypeWrapper.java:40) ~[gson-2.10.jar%2372!/:?]
	at com.google.gson.internal.bind.ArrayTypeAdapter.read(ArrayTypeAdapter.java:72) ~[gson-2.10.jar%2372!/:?]
	at com.google.gson.Gson.fromJson(Gson.java:1214) ~[gson-2.10.jar%2372!/:?]
	at com.google.gson.Gson.fromJson(Gson.java:1319) ~[gson-2.10.jar%2372!/:?]
	at com.google.gson.Gson.fromJson(Gson.java:1290) ~[gson-2.10.jar%2372!/:?]
	at com.google.gson.internal.bind.TreeTypeAdapter$GsonContextImpl.deserialize(TreeTypeAdapter.java:179) ~[gson-2.10.jar%2372!/:?]
	at net.minecraft.util.GsonHelper.m_13808_(GsonHelper.java:463) ~[server-1.20.1-20230612.114412-srg.jar%23701!/:?]
	at net.minecraft.util.GsonHelper.m_13836_(GsonHelper.java:471) ~[server-1.20.1-20230612.114412-srg.jar%23701!/:?]
	at net.minecraft.world.level.storage.loot.LootPool$Serializer.deserialize(LootPool.java:192) ~[server-1.20.1-20230612.114412-srg.jar%23701!/:?]
	at net.minecraft.world.level.storage.loot.LootPool$Serializer.deserialize(LootPool.java:189) ~[server-1.20.1-20230612.114412-srg.jar%23701!/:?]
	at com.google.gson.internal.bind.TreeTypeAdapter.read(TreeTypeAdapter.java:76) ~[gson-2.10.jar%2372!/:?]
	at com.google.gson.internal.bind.TypeAdapterRuntimeTypeWrapper.read(TypeAdapterRuntimeTypeWrapper.java:40) ~[gson-2.10.jar%2372!/:?]
	at com.google.gson.internal.bind.ArrayTypeAdapter.read(ArrayTypeAdapter.java:72) ~[gson-2.10.jar%2372!/:?]
	at com.google.gson.Gson.fromJson(Gson.java:1214) ~[gson-2.10.jar%2372!/:?]
	at com.google.gson.Gson.fromJson(Gson.java:1319) ~[gson-2.10.jar%2372!/:?]
	at com.google.gson.Gson.fromJson(Gson.java:1290) ~[gson-2.10.jar%2372!/:?]
	at com.google.gson.internal.bind.TreeTypeAdapter$GsonContextImpl.deserialize(TreeTypeAdapter.java:179) ~[gson-2.10.jar%2372!/:?]
	at net.minecraft.util.GsonHelper.m_13808_(GsonHelper.java:463) ~[server-1.20.1-20230612.114412-srg.jar%23701!/:?]
	at net.minecraft.util.GsonHelper.m_13845_(GsonHelper.java:481) ~[server-1.20.1-20230612.114412-srg.jar%23701!/:?]
	at net.minecraft.world.level.storage.loot.LootTable$Serializer.deserialize(LootTable.java:294) ~[server-1.20.1-20230612.114412-srg.jar%23701!/:?]
	at net.minecraft.world.level.storage.loot.LootTable$Serializer.deserialize(LootTable.java:291) ~[server-1.20.1-20230612.114412-srg.jar%23701!/:?]
	at com.google.gson.internal.bind.TreeTypeAdapter.read(TreeTypeAdapter.java:76) ~[gson-2.10.jar%2372!/:?]
	at com.google.gson.Gson.fromJson(Gson.java:1214) ~[gson-2.10.jar%2372!/:?]
	at com.google.gson.Gson.fromJson(Gson.java:1319) ~[gson-2.10.jar%2372!/:?]
	at com.google.gson.Gson.fromJson(Gson.java:1261) ~[gson-2.10.jar%2372!/:?]
	at net.minecraftforge.common.ForgeHooks.loadLootTable(ForgeHooks.java:872) ~[forge-1.20.1-47.4.10-universal.jar%23706!/:?]
	at net.minecraftforge.common.ForgeHooks.lambda$getLootTableDeserializer$3(ForgeHooks.java:849) ~[forge-1.20.1-47.4.10-universal.jar%23706!/:?]
	at net.minecraft.world.level.storage.loot.LootDataType.deserialize(LootDataType.java:45) ~[server-1.20.1-20230612.114412-srg.jar%23701!/:?]
	at net.minecraft.world.level.storage.loot.LootDataManager.lambda$scheduleElementParse$4(LootDataManager.java:56) ~[server-1.20.1-20230612.114412-srg.jar%23701!/:?]
	at java.util.HashMap.forEach(HashMap.java:1421) ~[?:?]
	at net.minecraft.world.level.storage.loot.LootDataManager.m_278660_(LootDataManager.java:55) ~[server-1.20.1-20230612.114412-srg.jar%23701!/:?]
	at java.util.concurrent.CompletableFuture$AsyncRun.run(CompletableFuture.java:1804) ~[?:?]
	at java.util.concurrent.CompletableFuture$AsyncRun.exec(CompletableFuture.java:1796) ~[?:?]
	at java.util.concurrent.ForkJoinTask.doExec(ForkJoinTask.java:373) ~[?:?]
	at java.util.concurrent.ForkJoinPool$WorkQueue.topLevelExec(ForkJoinPool.java:1182) ~[?:?]
	at java.util.concurrent.ForkJoinPool.scan(ForkJoinPool.java:1655) ~[?:?]
	at java.util.concurrent.ForkJoinPool.runWorker(ForkJoinPool.java:1622) ~[?:?]
	at java.util.concurrent.ForkJoinWorkerThread.run(ForkJoinWorkerThread.java:165) ~[?:?]
[06Aug2026 20:27:25.498] [Worker-Main-1/ERROR] [net.minecraftforge.common.ForgeHooks/]: Couldn't parse element loot_tables:nfm:blocks/beige_modern_desk_cabinet
com.google.gson.JsonSyntaxException: Expected name to be an item, was unknown string 'nfm:beige_modern_desk_cabinet'
	at net.minecraft.util.GsonHelper.m_13866_(GsonHelper.java:145) ~[server-1.20.1-20230612.114412-srg.jar%23701!/:?]
	at java.util.Optional.orElseThrow(Optional.java:403) ~[?:?]
	at net.minecraft.util.GsonHelper.m_13874_(GsonHelper.java:145) ~[server-1.20.1-20230612.114412-srg.jar%23701!/:?]
	at net.minecraft.util.GsonHelper.m_13909_(GsonHelper.java:153) ~[server-1.20.1-20230612.114412-srg.jar%23701!/:?]
	at net.minecraft.world.level.storage.loot.entries.LootItem$Serializer.m_7267_(LootItem.java:55) ~[server-1.20.1-20230612.114412-srg.jar%23701!/:?]
	at net.minecraft.world.level.storage.loot.entries.LootItem$Serializer.m_7267_(LootItem.java:40) ~[server-1.20.1-20230612.114412-srg.jar%23701!/:?]
	at net.minecraft.world.level.storage.loot.entries.LootPoolSingletonContainer$Serializer.m_5921_(LootPoolSingletonContainer.java:151) ~[server-1.20.1-20230612.114412-srg.jar%23701!/:?]
	at net.minecraft.world.level.storage.loot.entries.LootPoolSingletonContainer$Serializer.m_5921_(LootPoolSingletonContainer.java:129) ~[server-1.20.1-20230612.114412-srg.jar%23701!/:?]
	at net.minecraft.world.level.storage.loot.entries.LootPoolEntryContainer$Serializer.m_7561_(LootPoolEntryContainer.java:86) ~[server-1.20.1-20230612.114412-srg.jar%23701!/:?]
	at net.minecraft.world.level.storage.loot.entries.LootPoolEntryContainer$Serializer.m_7561_(LootPoolEntryContainer.java:74) ~[server-1.20.1-20230612.114412-srg.jar%23701!/:?]
	at net.minecraft.world.level.storage.loot.GsonAdapterFactory$JsonAdapter.deserialize(GsonAdapterFactory.java:102) ~[server-1.20.1-20230612.114412-srg.jar%23701!/:?]
	at com.google.gson.internal.bind.TreeTypeAdapter.read(TreeTypeAdapter.java:76) ~[gson-2.10.jar%2372!/:?]
	at com.google.gson.internal.bind.TypeAdapterRuntimeTypeWrapper.read(TypeAdapterRuntimeTypeWrapper.java:40) ~[gson-2.10.jar%2372!/:?]
	at com.google.gson.internal.bind.ArrayTypeAdapter.read(ArrayTypeAdapter.java:72) ~[gson-2.10.jar%2372!/:?]
	at com.google.gson.Gson.fromJson(Gson.java:1214) ~[gson-2.10.jar%2372!/:?]
	at com.google.gson.Gson.fromJson(Gson.java:1319) ~[gson-2.10.jar%2372!/:?]
	at com.google.gson.Gson.fromJson(Gson.java:1290) ~[gson-2.10.jar%2372!/:?]
	at com.google.gson.internal.bind.TreeTypeAdapter$GsonContextImpl.deserialize(TreeTypeAdapter.java:179) ~[gson-2.10.jar%2372!/:?]
	at net.minecraft.util.GsonHelper.m_13808_(GsonHelper.java:463) ~[server-1.20.1-20230612.114412-srg.jar%23701!/:?]
	at net.minecraft.util.GsonHelper.m_13836_(GsonHelper.java:471) ~[server-1.20.1-20230612.114412-srg.jar%23701!/:?]
	at net.minecraft.world.level.storage.loot.LootPool$Serializer.deserialize(LootPool.java:192) ~[server-1.20.1-20230612.114412-srg.jar%23701!/:?]
	at net.minecraft.world.level.storage.loot.LootPool$Serializer.deserialize(LootPool.java:189) ~[server-1.20.1-20230612.114412-srg.jar%23701!/:?]
	at com.google.gson.internal.bind.TreeTypeAdapter.read(TreeTypeAdapter.java:76) ~[gson-2.10.jar%2372!/:?]
	at com.google.gson.internal.bind.TypeAdapterRuntimeTypeWrapper.read(TypeAdapterRuntimeTypeWrapper.java:40) ~[gson-2.10.jar%2372!/:?]
	at com.google.gson.internal.bind.ArrayTypeAdapter.read(ArrayTypeAdapter.java:72) ~[gson-2.10.jar%2372!/:?]
	at com.google.gson.Gson.fromJson(Gson.java:1214) ~[gson-2.10.jar%2372!/:?]
	at com.google.gson.Gson.fromJson(Gson.java:1319) ~[gson-2.10.jar%2372!/:?]
	at com.google.gson.Gson.fromJson(Gson.java:1290) ~[gson-2.10.jar%2372!/:?]
	at com.google.gson.internal.bind.TreeTypeAdapter$GsonContextImpl.deserialize(TreeTypeAdapter.java:179) ~[gson-2.10.jar%2372!/:?]
	at net.minecraft.util.GsonHelper.m_13808_(GsonHelper.java:463) ~[server-1.20.1-20230612.114412-srg.jar%23701!/:?]
	at net.minecraft.util.GsonHelper.m_13845_(GsonHelper.java:481) ~[server-1.20.1-20230612.114412-srg.jar%23701!/:?]
	at net.minecraft.world.level.storage.loot.LootTable$Serializer.deserialize(LootTable.java:294) ~[server-1.20.1-20230612.114412-srg.jar%23701!/:?]
	at net.minecraft.world.level.storage.loot.LootTable$Serializer.deserialize(LootTable.java:291) ~[server-1.20.1-20230612.114412-srg.jar%23701!/:?]
	at com.google.gson.internal.bind.TreeTypeAdapter.read(TreeTypeAdapter.java:76) ~[gson-2.10.jar%2372!/:?]
	at com.google.gson.Gson.fromJson(Gson.java:1214) ~[gson-2.10.jar%2372!/:?]
	at com.google.gson.Gson.fromJson(Gson.java:1319) ~[gson-2.10.jar%2372!/:?]
	at com.google.gson.Gson.fromJson(Gson.java:1261) ~[gson-2.10.jar%2372!/:?]
	at net.minecraftforge.common.ForgeHooks.loadLootTable(ForgeHooks.java:872) ~[forge-1.20.1-47.4.10-universal.jar%23706!/:?]
	at net.minecraftforge.common.ForgeHooks.lambda$getLootTableDeserializer$3(ForgeHooks.java:849) ~[forge-1.20.1-47.4.10-universal.jar%23706!/:?]
	at net.minecraft.world.level.storage.loot.LootDataType.deserialize(LootDataType.java:45) ~[server-1.20.1-20230612.114412-srg.jar%23701!/:?]
	at net.minecraft.world.level.storage.loot.LootDataManager.lambda$scheduleElementParse$4(LootDataManager.java:56) ~[server-1.20.1-20230612.114412-srg.jar%23701!/:?]
	at java.util.HashMap.forEach(HashMap.java:1421) ~[?:?]
	at net.minecraft.world.level.storage.loot.LootDataManager.m_278660_(LootDataManager.java:55) ~[server-1.20.1-20230612.114412-srg.jar%23701!/:?]
	at java.util.concurrent.CompletableFuture$AsyncRun.run(CompletableFuture.java:1804) ~[?:?]
	at java.util.concurrent.CompletableFuture$AsyncRun.exec(CompletableFuture.java:1796) ~[?:?]
	at java.util.concurrent.ForkJoinTask.doExec(ForkJoinTask.java:373) ~[?:?]
	at java.util.concurrent.ForkJoinPool$WorkQueue.topLevelExec(ForkJoinPool.java:1182) ~[?:?]
	at java.util.concurrent.ForkJoinPool.scan(ForkJoinPool.java:1655) ~[?:?]
	at java.util.concurrent.ForkJoinPool.runWorker(ForkJoinPool.java:1622) ~[?:?]
	at java.util.concurrent.ForkJoinWorkerThread.run(ForkJoinWorkerThread.java:165) ~[?:?]
[06Aug2026 20:27:25.562] [Worker-Main-1/ERROR] [net.minecraftforge.common.ForgeHooks/]: Couldn't parse element loot_tables:pathogen:blocks/poisonerjungleloot
com.google.gson.JsonSyntaxException: Expected name to be an item, was unknown string 'pathogen__monster_plague:scale_jungle'
	at net.minecraft.util.GsonHelper.m_13866_(GsonHelper.java:145) ~[server-1.20.1-20230612.114412-srg.jar%23701!/:?]
	at java.util.Optional.orElseThrow(Optional.java:403) ~[?:?]
	at net.minecraft.util.GsonHelper.m_13874_(GsonHelper.java:145) ~[server-1.20.1-20230612.114412-srg.jar%23701!/:?]
	at net.minecraft.util.GsonHelper.m_13909_(GsonHelper.java:153) ~[server-1.20.1-20230612.114412-srg.jar%23701!/:?]
	at net.minecraft.world.level.storage.loot.entries.LootItem$Serializer.m_7267_(LootItem.java:55) ~[server-1.20.1-20230612.114412-srg.jar%23701!/:?]
	at net.minecraft.world.level.storage.loot.entries.LootItem$Serializer.m_7267_(LootItem.java:40) ~[server-1.20.1-20230612.114412-srg.jar%23701!/:?]
	at net.minecraft.world.level.storage.loot.entries.LootPoolSingletonContainer$Serializer.m_5921_(LootPoolSingletonContainer.java:151) ~[server-1.20.1-20230612.114412-srg.jar%23701!/:?]
	at net.minecraft.world.level.storage.loot.entries.LootPoolSingletonContainer$Serializer.m_5921_(LootPoolSingletonContainer.java:129) ~[server-1.20.1-20230612.114412-srg.jar%23701!/:?]
	at net.minecraft.world.level.storage.loot.entries.LootPoolEntryContainer$Serializer.m_7561_(LootPoolEntryContainer.java:86) ~[server-1.20.1-20230612.114412-srg.jar%23701!/:?]
	at net.minecraft.world.level.storage.loot.entries.LootPoolEntryContainer$Serializer.m_7561_(LootPoolEntryContainer.java:74) ~[server-1.20.1-20230612.114412-srg.jar%23701!/:?]
	at net.minecraft.world.level.storage.loot.GsonAdapterFactory$JsonAdapter.deserialize(GsonAdapterFactory.java:102) ~[server-1.20.1-20230612.114412-srg.jar%23701!/:?]
	at com.google.gson.internal.bind.TreeTypeAdapter.read(TreeTypeAdapter.java:76) ~[gson-2.10.jar%2372!/:?]
	at com.google.gson.internal.bind.TypeAdapterRuntimeTypeWrapper.read(TypeAdapterRuntimeTypeWrapper.java:40) ~[gson-2.10.jar%2372!/:?]
	at com.google.gson.internal.bind.ArrayTypeAdapter.read(ArrayTypeAdapter.java:72) ~[gson-2.10.jar%2372!/:?]
	at com.google.gson.Gson.fromJson(Gson.java:1214) ~[gson-2.10.jar%2372!/:?]
	at com.google.gson.Gson.fromJson(Gson.java:1319) ~[gson-2.10.jar%2372!/:?]
	at com.google.gson.Gson.fromJson(Gson.java:1290) ~[gson-2.10.jar%2372!/:?]
	at com.google.gson.internal.bind.TreeTypeAdapter$GsonContextImpl.deserialize(TreeTypeAdapter.java:179) ~[gson-2.10.jar%2372!/:?]
	at net.minecraft.util.GsonHelper.m_13808_(GsonHelper.java:463) ~[server-1.20.1-20230612.114412-srg.jar%23701!/:?]
	at net.minecraft.util.GsonHelper.m_13836_(GsonHelper.java:471) ~[server-1.20.1-20230612.114412-srg.jar%23701!/:?]
	at net.minecraft.world.level.storage.loot.LootPool$Serializer.deserialize(LootPool.java:192) ~[server-1.20.1-20230612.114412-srg.jar%23701!/:?]
	at net.minecraft.world.level.storage.loot.LootPool$Serializer.deserialize(LootPool.java:189) ~[server-1.20.1-20230612.114412-srg.jar%23701!/:?]
	at com.google.gson.internal.bind.TreeTypeAdapter.read(TreeTypeAdapter.java:76) ~[gson-2.10.jar%2372!/:?]
	at com.google.gson.internal.bind.TypeAdapterRuntimeTypeWrapper.read(TypeAdapterRuntimeTypeWrapper.java:40) ~[gson-2.10.jar%2372!/:?]
	at com.google.gson.internal.bind.ArrayTypeAdapter.read(ArrayTypeAdapter.java:72) ~[gson-2.10.jar%2372!/:?]
	at com.google.gson.Gson.fromJson(Gson.java:1214) ~[gson-2.10.jar%2372!/:?]
	at com.google.gson.Gson.fromJson(Gson.java:1319) ~[gson-2.10.jar%2372!/:?]
	at com.google.gson.Gson.fromJson(Gson.java:1290) ~[gson-2.10.jar%2372!/:?]
	at com.google.gson.internal.bind.TreeTypeAdapter$GsonContextImpl.deserialize(TreeTypeAdapter.java:179) ~[gson-2.10.jar%2372!/:?]
	at net.minecraft.util.GsonHelper.m_13808_(GsonHelper.java:463) ~[server-1.20.1-20230612.114412-srg.jar%23701!/:?]
	at net.minecraft.util.GsonHelper.m_13845_(GsonHelper.java:481) ~[server-1.20.1-20230612.114412-srg.jar%23701!/:?]
	at net.minecraft.world.level.storage.loot.LootTable$Serializer.deserialize(LootTable.java:294) ~[server-1.20.1-20230612.114412-srg.jar%23701!/:?]
	at net.minecraft.world.level.storage.loot.LootTable$Serializer.deserialize(LootTable.java:291) ~[server-1.20.1-20230612.114412-srg.jar%23701!/:?]
	at com.google.gson.internal.bind.TreeTypeAdapter.read(TreeTypeAdapter.java:76) ~[gson-2.10.jar%2372!/:?]
	at com.google.gson.Gson.fromJson(Gson.java:1214) ~[gson-2.10.jar%2372!/:?]
	at com.google.gson.Gson.fromJson(Gson.java:1319) ~[gson-2.10.jar%2372!/:?]
	at com.google.gson.Gson.fromJson(Gson.java:1261) ~[gson-2.10.jar%2372!/:?]
	at net.minecraftforge.common.ForgeHooks.loadLootTable(ForgeHooks.java:872) ~[forge-1.20.1-47.4.10-universal.jar%23706!/:?]
	at net.minecraftforge.common.ForgeHooks.lambda$getLootTableDeserializer$3(ForgeHooks.java:849) ~[forge-1.20.1-47.4.10-universal.jar%23706!/:?]
	at net.minecraft.world.level.storage.loot.LootDataType.deserialize(LootDataType.java:45) ~[server-1.20.1-20230612.114412-srg.jar%23701!/:?]
	at net.minecraft.world.level.storage.loot.LootDataManager.lambda$scheduleElementParse$4(LootDataManager.java:56) ~[server-1.20.1-20230612.114412-srg.jar%23701!/:?]
	at java.util.HashMap.forEach(HashMap.java:1421) ~[?:?]
	at net.minecraft.world.level.storage.loot.LootDataManager.m_278660_(LootDataManager.java:55) ~[server-1.20.1-20230612.114412-srg.jar%23701!/:?]
	at java.util.concurrent.CompletableFuture$AsyncRun.run(CompletableFuture.java:1804) ~[?:?]
	at java.util.concurrent.CompletableFuture$AsyncRun.exec(CompletableFuture.java:1796) ~[?:?]
	at java.util.concurrent.ForkJoinTask.doExec(ForkJoinTask.java:373) ~[?:?]
	at java.util.concurrent.ForkJoinPool$WorkQueue.topLevelExec(ForkJoinPool.java:1182) ~[?:?]
	at java.util.concurrent.ForkJoinPool.scan(ForkJoinPool.java:1655) ~[?:?]
	at java.util.concurrent.ForkJoinPool.runWorker(ForkJoinPool.java:1622) ~[?:?]
	at java.util.concurrent.ForkJoinWorkerThread.run(ForkJoinWorkerThread.java:165) ~[?:?]
[06Aug2026 20:27:25.577] [Worker-Main-1/ERROR] [net.minecraftforge.common.ForgeHooks/]: Couldn't parse element loot_tables:nfm:blocks/beige_modern_desk
com.google.gson.JsonSyntaxException: Expected name to be an item, was unknown string 'nfm:beige_modern_desk'
	at net.minecraft.util.GsonHelper.m_13866_(GsonHelper.java:145) ~[server-1.20.1-20230612.114412-srg.jar%23701!/:?]
	at java.util.Optional.orElseThrow(Optional.java:403) ~[?:?]
	at net.minecraft.util.GsonHelper.m_13874_(GsonHelper.java:145) ~[server-1.20.1-20230612.114412-srg.jar%23701!/:?]
	at net.minecraft.util.GsonHelper.m_13909_(GsonHelper.java:153) ~[server-1.20.1-20230612.114412-srg.jar%23701!/:?]
	at net.minecraft.world.level.storage.loot.entries.LootItem$Serializer.m_7267_(LootItem.java:55) ~[server-1.20.1-20230612.114412-srg.jar%23701!/:?]
	at net.minecraft.world.level.storage.loot.entries.LootItem$Serializer.m_7267_(LootItem.java:40) ~[server-1.20.1-20230612.114412-srg.jar%23701!/:?]
	at net.minecraft.world.level.storage.loot.entries.LootPoolSingletonContainer$Serializer.m_5921_(LootPoolSingletonContainer.java:151) ~[server-1.20.1-20230612.114412-srg.jar%23701!/:?]
	at net.minecraft.world.level.storage.loot.entries.LootPoolSingletonContainer$Serializer.m_5921_(LootPoolSingletonContainer.java:129) ~[server-1.20.1-20230612.114412-srg.jar%23701!/:?]
	at net.minecraft.world.level.storage.loot.entries.LootPoolEntryContainer$Serializer.m_7561_(LootPoolEntryContainer.java:86) ~[server-1.20.1-20230612.114412-srg.jar%23701!/:?]
	at net.minecraft.world.level.storage.loot.entries.LootPoolEntryContainer$Serializer.m_7561_(LootPoolEntryContainer.java:74) ~[server-1.20.1-20230612.114412-srg.jar%23701!/:?]
	at net.minecraft.world.level.storage.loot.GsonAdapterFactory$JsonAdapter.deserialize(GsonAdapterFactory.java:102) ~[server-1.20.1-20230612.114412-srg.jar%23701!/:?]
	at com.google.gson.internal.bind.TreeTypeAdapter.read(TreeTypeAdapter.java:76) ~[gson-2.10.jar%2372!/:?]
	at com.google.gson.internal.bind.TypeAdapterRuntimeTypeWrapper.read(TypeAdapterRuntimeTypeWrapper.java:40) ~[gson-2.10.jar%2372!/:?]
	at com.google.gson.internal.bind.ArrayTypeAdapter.read(ArrayTypeAdapter.java:72) ~[gson-2.10.jar%2372!/:?]
	at com.google.gson.Gson.fromJson(Gson.java:1214) ~[gson-2.10.jar%2372!/:?]
	at com.google.gson.Gson.fromJson(Gson.java:1319) ~[gson-2.10.jar%2372!/:?]
	at com.google.gson.Gson.fromJson(Gson.java:1290) ~[gson-2.10.jar%2372!/:?]
	at com.google.gson.internal.bind.TreeTypeAdapter$GsonContextImpl.deserialize(TreeTypeAdapter.java:179) ~[gson-2.10.jar%2372!/:?]
	at net.minecraft.util.GsonHelper.m_13808_(GsonHelper.java:463) ~[server-1.20.1-20230612.114412-srg.jar%23701!/:?]
	at net.minecraft.util.GsonHelper.m_13836_(GsonHelper.java:471) ~[server-1.20.1-20230612.114412-srg.jar%23701!/:?]
	at net.minecraft.world.level.storage.loot.LootPool$Serializer.deserialize(LootPool.java:192) ~[server-1.20.1-20230612.114412-srg.jar%23701!/:?]
	at net.minecraft.world.level.storage.loot.LootPool$Serializer.deserialize(LootPool.java:189) ~[server-1.20.1-20230612.114412-srg.jar%23701!/:?]
	at com.google.gson.internal.bind.TreeTypeAdapter.read(TreeTypeAdapter.java:76) ~[gson-2.10.jar%2372!/:?]
	at com.google.gson.internal.bind.TypeAdapterRuntimeTypeWrapper.read(TypeAdapterRuntimeTypeWrapper.java:40) ~[gson-2.10.jar%2372!/:?]
	at com.google.gson.internal.bind.ArrayTypeAdapter.read(ArrayTypeAdapter.java:72) ~[gson-2.10.jar%2372!/:?]
	at com.google.gson.Gson.fromJson(Gson.java:1214) ~[gson-2.10.jar%2372!/:?]
	at com.google.gson.Gson.fromJson(Gson.java:1319) ~[gson-2.10.jar%2372!/:?]
	at com.google.gson.Gson.fromJson(Gson.java:1290) ~[gson-2.10.jar%2372!/:?]
	at com.google.gson.internal.bind.TreeTypeAdapter$GsonContextImpl.deserialize(TreeTypeAdapter.java:179) ~[gson-2.10.jar%2372!/:?]
	at net.minecraft.util.GsonHelper.m_13808_(GsonHelper.java:463) ~[server-1.20.1-20230612.114412-srg.jar%23701!/:?]
	at net.minecraft.util.GsonHelper.m_13845_(GsonHelper.java:481) ~[server-1.20.1-20230612.114412-srg.jar%23701!/:?]
	at net.minecraft.world.level.storage.loot.LootTable$Serializer.deserialize(LootTable.java:294) ~[server-1.20.1-20230612.114412-srg.jar%23701!/:?]
	at net.minecraft.world.level.storage.loot.LootTable$Serializer.deserialize(LootTable.java:291) ~[server-1.20.1-20230612.114412-srg.jar%23701!/:?]
	at com.google.gson.internal.bind.TreeTypeAdapter.read(TreeTypeAdapter.java:76) ~[gson-2.10.jar%2372!/:?]
	at com.google.gson.Gson.fromJson(Gson.java:1214) ~[gson-2.10.jar%2372!/:?]
	at com.google.gson.Gson.fromJson(Gson.java:1319) ~[gson-2.10.jar%2372!/:?]
	at com.google.gson.Gson.fromJson(Gson.java:1261) ~[gson-2.10.jar%2372!/:?]
	at net.minecraftforge.common.ForgeHooks.loadLootTable(ForgeHooks.java:872) ~[forge-1.20.1-47.4.10-universal.jar%23706!/:?]
	at net.minecraftforge.common.ForgeHooks.lambda$getLootTableDeserializer$3(ForgeHooks.java:849) ~[forge-1.20.1-47.4.10-universal.jar%23706!/:?]
	at net.minecraft.world.level.storage.loot.LootDataType.deserialize(LootDataType.java:45) ~[server-1.20.1-20230612.114412-srg.jar%23701!/:?]
	at net.minecraft.world.level.storage.loot.LootDataManager.lambda$scheduleElementParse$4(LootDataManager.java:56) ~[server-1.20.1-20230612.114412-srg.jar%23701!/:?]
	at java.util.HashMap.forEach(HashMap.java:1421) ~[?:?]
	at net.minecraft.world.level.storage.loot.LootDataManager.m_278660_(LootDataManager.java:55) ~[server-1.20.1-20230612.114412-srg.jar%23701!/:?]
	at java.util.concurrent.CompletableFuture$AsyncRun.run(CompletableFuture.java:1804) ~[?:?]
	at java.util.concurrent.CompletableFuture$AsyncRun.exec(CompletableFuture.java:1796) ~[?:?]
	at java.util.concurrent.ForkJoinTask.doExec(ForkJoinTask.java:373) ~[?:?]
	at java.util.concurrent.ForkJoinPool$WorkQueue.topLevelExec(ForkJoinPool.java:1182) ~[?:?]
	at java.util.concurrent.ForkJoinPool.scan(ForkJoinPool.java:1655) ~[?:?]
	at java.util.concurrent.ForkJoinPool.runWorker(ForkJoinPool.java:1622) ~[?:?]
	at java.util.concurrent.ForkJoinWorkerThread.run(ForkJoinWorkerThread.java:165) ~[?:?]
[06Aug2026 20:27:25.841] [Worker-Main-1/WARN] [org.berezka.berezka_api.resources.BuiltInResourcePack/]: [Berezka API] called getResource with namespace berezka_api but file (tower_chest.json) doesn't exist. (most of the time you can ignore this
[06Aug2026 20:27:25.910] [Worker-Main-1/ERROR] [net.minecraftforge.common.ForgeHooks/]: Couldn't parse element loot_tables:outer_end:blocks/azure_vertical_slab
java.lang.IllegalArgumentException: Can't find block outer_end:azure_vertical_slab
	at net.minecraft.world.level.storage.loot.predicates.LootItemBlockStatePropertyCondition$Serializer.m_81802_(LootItemBlockStatePropertyCondition.java:79) ~[server-1.20.1-20230612.114412-srg.jar%23701!/:?]
	at java.util.Optional.orElseThrow(Optional.java:403) ~[?:?]
	at net.minecraft.world.level.storage.loot.predicates.LootItemBlockStatePropertyCondition$Serializer.m_7561_(LootItemBlockStatePropertyCondition.java:79) ~[server-1.20.1-20230612.114412-srg.jar%23701!/:?]
	at net.minecraft.world.level.storage.loot.predicates.LootItemBlockStatePropertyCondition$Serializer.m_7561_(LootItemBlockStatePropertyCondition.java:68) ~[server-1.20.1-20230612.114412-srg.jar%23701!/:?]
	at net.minecraft.world.level.storage.loot.GsonAdapterFactory$JsonAdapter.deserialize(GsonAdapterFactory.java:102) ~[server-1.20.1-20230612.114412-srg.jar%23701!/:?]
	at com.google.gson.internal.bind.TreeTypeAdapter.read(TreeTypeAdapter.java:76) ~[gson-2.10.jar%2372!/:?]
	at com.google.gson.internal.bind.TypeAdapterRuntimeTypeWrapper.read(TypeAdapterRuntimeTypeWrapper.java:40) ~[gson-2.10.jar%2372!/:?]
	at com.google.gson.internal.bind.ArrayTypeAdapter.read(ArrayTypeAdapter.java:72) ~[gson-2.10.jar%2372!/:?]
	at com.google.gson.Gson.fromJson(Gson.java:1214) ~[gson-2.10.jar%2372!/:?]
	at com.google.gson.Gson.fromJson(Gson.java:1319) ~[gson-2.10.jar%2372!/:?]
	at com.google.gson.Gson.fromJson(Gson.java:1290) ~[gson-2.10.jar%2372!/:?]
	at com.google.gson.internal.bind.TreeTypeAdapter$GsonContextImpl.deserialize(TreeTypeAdapter.java:179) ~[gson-2.10.jar%2372!/:?]
	at net.minecraft.util.GsonHelper.m_13808_(GsonHelper.java:463) ~[server-1.20.1-20230612.114412-srg.jar%23701!/:?]
	at net.minecraft.util.GsonHelper.m_13845_(GsonHelper.java:481) ~[server-1.20.1-20230612.114412-srg.jar%23701!/:?]
	at net.minecraft.world.level.storage.loot.functions.LootItemConditionalFunction$Serializer.m_7561_(LootItemConditionalFunction.java:98) ~[server-1.20.1-20230612.114412-srg.jar%23701!/:?]
	at net.minecraft.world.level.storage.loot.functions.LootItemConditionalFunction$Serializer.m_7561_(LootItemConditionalFunction.java:88) ~[server-1.20.1-20230612.114412-srg.jar%23701!/:?]
	at net.minecraft.world.level.storage.loot.GsonAdapterFactory$JsonAdapter.deserialize(GsonAdapterFactory.java:102) ~[server-1.20.1-20230612.114412-srg.jar%23701!/:?]
	at com.google.gson.internal.bind.TreeTypeAdapter.read(TreeTypeAdapter.java:76) ~[gson-2.10.jar%2372!/:?]
	at com.google.gson.internal.bind.TypeAdapterRuntimeTypeWrapper.read(TypeAdapterRuntimeTypeWrapper.java:40) ~[gson-2.10.jar%2372!/:?]
	at com.google.gson.internal.bind.ArrayTypeAdapter.read(ArrayTypeAdapter.java:72) ~[gson-2.10.jar%2372!/:?]
	at com.google.gson.Gson.fromJson(Gson.java:1214) ~[gson-2.10.jar%2372!/:?]
	at com.google.gson.Gson.fromJson(Gson.java:1319) ~[gson-2.10.jar%2372!/:?]
	at com.google.gson.Gson.fromJson(Gson.java:1290) ~[gson-2.10.jar%2372!/:?]
	at com.google.gson.internal.bind.TreeTypeAdapter$GsonContextImpl.deserialize(TreeTypeAdapter.java:179) ~[gson-2.10.jar%2372!/:?]
	at net.minecraft.util.GsonHelper.m_13808_(GsonHelper.java:463) ~[server-1.20.1-20230612.114412-srg.jar%23701!/:?]
	at net.minecraft.util.GsonHelper.m_13845_(GsonHelper.java:481) ~[server-1.20.1-20230612.114412-srg.jar%23701!/:?]
	at net.minecraft.world.level.storage.loot.entries.LootPoolSingletonContainer$Serializer.m_5921_(LootPoolSingletonContainer.java:149) ~[server-1.20.1-20230612.114412-srg.jar%23701!/:?]
	at net.minecraft.world.level.storage.loot.entries.LootPoolSingletonContainer$Serializer.m_5921_(LootPoolSingletonContainer.java:129) ~[server-1.20.1-20230612.114412-srg.jar%23701!/:?]
	at net.minecraft.world.level.storage.loot.entries.LootPoolEntryContainer$Serializer.m_7561_(LootPoolEntryContainer.java:86) ~[server-1.20.1-20230612.114412-srg.jar%23701!/:?]
	at net.minecraft.world.level.storage.loot.entries.LootPoolEntryContainer$Serializer.m_7561_(LootPoolEntryContainer.java:74) ~[server-1.20.1-20230612.114412-srg.jar%23701!/:?]
	at net.minecraft.world.level.storage.loot.GsonAdapterFactory$JsonAdapter.deserialize(GsonAdapterFactory.java:102) ~[server-1.20.1-20230612.114412-srg.jar%23701!/:?]
	at com.google.gson.internal.bind.TreeTypeAdapter.read(TreeTypeAdapter.java:76) ~[gson-2.10.jar%2372!/:?]
	at com.google.gson.internal.bind.TypeAdapterRuntimeTypeWrapper.read(TypeAdapterRuntimeTypeWrapper.java:40) ~[gson-2.10.jar%2372!/:?]
	at com.google.gson.internal.bind.ArrayTypeAdapter.read(ArrayTypeAdapter.java:72) ~[gson-2.10.jar%2372!/:?]
	at com.google.gson.Gson.fromJson(Gson.java:1214) ~[gson-2.10.jar%2372!/:?]
	at com.google.gson.Gson.fromJson(Gson.java:1319) ~[gson-2.10.jar%2372!/:?]
	at com.google.gson.Gson.fromJson(Gson.java:1290) ~[gson-2.10.jar%2372!/:?]
	at com.google.gson.internal.bind.TreeTypeAdapter$GsonContextImpl.deserialize(TreeTypeAdapter.java:179) ~[gson-2.10.jar%2372!/:?]
	at net.minecraft.util.GsonHelper.m_13808_(GsonHelper.java:463) ~[server-1.20.1-20230612.114412-srg.jar%23701!/:?]
	at net.minecraft.util.GsonHelper.m_13836_(GsonHelper.java:471) ~[server-1.20.1-20230612.114412-srg.jar%23701!/:?]
	at net.minecraft.world.level.storage.loot.LootPool$Serializer.deserialize(LootPool.java:192) ~[server-1.20.1-20230612.114412-srg.jar%23701!/:?]
	at net.minecraft.world.level.storage.loot.LootPool$Serializer.deserialize(LootPool.java:189) ~[server-1.20.1-20230612.114412-srg.jar%23701!/:?]
	at com.google.gson.internal.bind.TreeTypeAdapter.read(TreeTypeAdapter.java:76) ~[gson-2.10.jar%2372!/:?]
	at com.google.gson.internal.bind.TypeAdapterRuntimeTypeWrapper.read(TypeAdapterRuntimeTypeWrapper.java:40) ~[gson-2.10.jar%2372!/:?]
	at com.google.gson.internal.bind.ArrayTypeAdapter.read(ArrayTypeAdapter.java:72) ~[gson-2.10.jar%2372!/:?]
	at com.google.gson.Gson.fromJson(Gson.java:1214) ~[gson-2.10.jar%2372!/:?]
	at com.google.gson.Gson.fromJson(Gson.java:1319) ~[gson-2.10.jar%2372!/:?]
	at com.google.gson.Gson.fromJson(Gson.java:1290) ~[gson-2.10.jar%2372!/:?]
	at com.google.gson.internal.bind.TreeTypeAdapter$GsonContextImpl.deserialize(TreeTypeAdapter.java:179) ~[gson-2.10.jar%2372!/:?]
	at net.minecraft.util.GsonHelper.m_13808_(GsonHelper.java:463) ~[server-1.20.1-20230612.114412-srg.jar%23701!/:?]
	at net.minecraft.util.GsonHelper.m_13845_(GsonHelper.java:481) ~[server-1.20.1-20230612.114412-srg.jar%23701!/:?]
	at net.minecraft.world.level.storage.loot.LootTable$Serializer.deserialize(LootTable.java:294) ~[server-1.20.1-20230612.114412-srg.jar%23701!/:?]
	at net.minecraft.world.level.storage.loot.LootTable$Serializer.deserialize(LootTable.java:291) ~[server-1.20.1-20230612.114412-srg.jar%23701!/:?]
	at com.google.gson.internal.bind.TreeTypeAdapter.read(TreeTypeAdapter.java:76) ~[gson-2.10.jar%2372!/:?]
	at com.google.gson.Gson.fromJson(Gson.java:1214) ~[gson-2.10.jar%2372!/:?]
	at com.google.gson.Gson.fromJson(Gson.java:1319) ~[gson-2.10.jar%2372!/:?]
	at com.google.gson.Gson.fromJson(Gson.java:1261) ~[gson-2.10.jar%2372!/:?]
	at net.minecraftforge.common.ForgeHooks.loadLootTable(ForgeHooks.java:872) ~[forge-1.20.1-47.4.10-universal.jar%23706!/:?]
	at net.minecraftforge.common.ForgeHooks.lambda$getLootTableDeserializer$3(ForgeHooks.java:849) ~[forge-1.20.1-47.4.10-universal.jar%23706!/:?]
	at net.minecraft.world.level.storage.loot.LootDataType.deserialize(LootDataType.java:45) ~[server-1.20.1-20230612.114412-srg.jar%23701!/:?]
	at net.minecraft.world.level.storage.loot.LootDataManager.lambda$scheduleElementParse$4(LootDataManager.java:56) ~[server-1.20.1-20230612.114412-srg.jar%23701!/:?]
	at java.util.HashMap.forEach(HashMap.java:1421) ~[?:?]
	at net.minecraft.world.level.storage.loot.LootDataManager.m_278660_(LootDataManager.java:55) ~[server-1.20.1-20230612.114412-srg.jar%23701!/:?]
	at java.util.concurrent.CompletableFuture$AsyncRun.run(CompletableFuture.java:1804) ~[?:?]
	at java.util.concurrent.CompletableFuture$AsyncRun.exec(CompletableFuture.java:1796) ~[?:?]
	at java.util.concurrent.ForkJoinTask.doExec(ForkJoinTask.java:373) ~[?:?]
	at java.util.concurrent.ForkJoinPool$WorkQueue.topLevelExec(ForkJoinPool.java:1182) ~[?:?]
	at java.util.concurrent.ForkJoinPool.scan(ForkJoinPool.java:1655) ~[?:?]
	at java.util.concurrent.ForkJoinPool.runWorker(ForkJoinPool.java:1622) ~[?:?]
	at java.util.concurrent.ForkJoinWorkerThread.run(ForkJoinWorkerThread.java:165) ~[?:?]
[06Aug2026 20:27:25.998] [Worker-Main-1/ERROR] [net.minecraftforge.common.ForgeHooks/]: Couldn't parse element loot_tables:hauntedharvest:blocks/green_jack_o_lantern
com.google.gson.JsonSyntaxException: Expected name to be an item, was unknown string 'hauntedharvest:green_jack_o_lantern'
	at net.minecraft.util.GsonHelper.m_13866_(GsonHelper.java:145) ~[server-1.20.1-20230612.114412-srg.jar%23701!/:?]
	at java.util.Optional.orElseThrow(Optional.java:403) ~[?:?]
	at net.minecraft.util.GsonHelper.m_13874_(GsonHelper.java:145) ~[server-1.20.1-20230612.114412-srg.jar%23701!/:?]
	at net.minecraft.util.GsonHelper.m_13909_(GsonHelper.java:153) ~[server-1.20.1-20230612.114412-srg.jar%23701!/:?]
	at net.minecraft.world.level.storage.loot.entries.LootItem$Serializer.m_7267_(LootItem.java:55) ~[server-1.20.1-20230612.114412-srg.jar%23701!/:?]
	at net.minecraft.world.level.storage.loot.entries.LootItem$Serializer.m_7267_(LootItem.java:40) ~[server-1.20.1-20230612.114412-srg.jar%23701!/:?]
	at net.minecraft.world.level.storage.loot.entries.LootPoolSingletonContainer$Serializer.m_5921_(LootPoolSingletonContainer.java:151) ~[server-1.20.1-20230612.114412-srg.jar%23701!/:?]
	at net.minecraft.world.level.storage.loot.entries.LootPoolSingletonContainer$Serializer.m_5921_(LootPoolSingletonContainer.java:129) ~[server-1.20.1-20230612.114412-srg.jar%23701!/:?]
	at net.minecraft.world.level.storage.loot.entries.LootPoolEntryContainer$Serializer.m_7561_(LootPoolEntryContainer.java:86) ~[server-1.20.1-20230612.114412-srg.jar%23701!/:?]
	at net.minecraft.world.level.storage.loot.entries.LootPoolEntryContainer$Serializer.m_7561_(LootPoolEntryContainer.java:74) ~[server-1.20.1-20230612.114412-srg.jar%23701!/:?]
	at net.minecraft.world.level.storage.loot.GsonAdapterFactory$JsonAdapter.deserialize(GsonAdapterFactory.java:102) ~[server-1.20.1-20230612.114412-srg.jar%23701!/:?]
	at com.google.gson.internal.bind.TreeTypeAdapter.read(TreeTypeAdapter.java:76) ~[gson-2.10.jar%2372!/:?]
	at com.google.gson.internal.bind.TypeAdapterRuntimeTypeWrapper.read(TypeAdapterRuntimeTypeWrapper.java:40) ~[gson-2.10.jar%2372!/:?]
	at com.google.gson.internal.bind.ArrayTypeAdapter.read(ArrayTypeAdapter.java:72) ~[gson-2.10.jar%2372!/:?]
	at com.google.gson.Gson.fromJson(Gson.java:1214) ~[gson-2.10.jar%2372!/:?]
	at com.google.gson.Gson.fromJson(Gson.java:1319) ~[gson-2.10.jar%2372!/:?]
	at com.google.gson.Gson.fromJson(Gson.java:1290) ~[gson-2.10.jar%2372!/:?]
	at com.google.gson.internal.bind.TreeTypeAdapter$GsonContextImpl.deserialize(TreeTypeAdapter.java:179) ~[gson-2.10.jar%2372!/:?]
	at net.minecraft.util.GsonHelper.m_13808_(GsonHelper.java:463) ~[server-1.20.1-20230612.114412-srg.jar%23701!/:?]
	at net.minecraft.util.GsonHelper.m_13836_(GsonHelper.java:471) ~[server-1.20.1-20230612.114412-srg.jar%23701!/:?]
	at net.minecraft.world.level.storage.loot.LootPool$Serializer.deserialize(LootPool.java:192) ~[server-1.20.1-20230612.114412-srg.jar%23701!/:?]
	at net.minecraft.world.level.storage.loot.LootPool$Serializer.deserialize(LootPool.java:189) ~[server-1.20.1-20230612.114412-srg.jar%23701!/:?]
	at com.google.gson.internal.bind.TreeTypeAdapter.read(TreeTypeAdapter.java:76) ~[gson-2.10.jar%2372!/:?]
	at com.google.gson.internal.bind.TypeAdapterRuntimeTypeWrapper.read(TypeAdapterRuntimeTypeWrapper.java:40) ~[gson-2.10.jar%2372!/:?]
	at com.google.gson.internal.bind.ArrayTypeAdapter.read(ArrayTypeAdapter.java:72) ~[gson-2.10.jar%2372!/:?]
	at com.google.gson.Gson.fromJson(Gson.java:1214) ~[gson-2.10.jar%2372!/:?]
	at com.google.gson.Gson.fromJson(Gson.java:1319) ~[gson-2.10.jar%2372!/:?]
	at com.google.gson.Gson.fromJson(Gson.java:1290) ~[gson-2.10.jar%2372!/:?]
	at com.google.gson.internal.bind.TreeTypeAdapter$GsonContextImpl.deserialize(TreeTypeAdapter.java:179) ~[gson-2.10.jar%2372!/:?]
	at net.minecraft.util.GsonHelper.m_13808_(GsonHelper.java:463) ~[server-1.20.1-20230612.114412-srg.jar%23701!/:?]
	at net.minecraft.util.GsonHelper.m_13845_(GsonHelper.java:481) ~[server-1.20.1-20230612.114412-srg.jar%23701!/:?]
	at net.minecraft.world.level.storage.loot.LootTable$Serializer.deserialize(LootTable.java:294) ~[server-1.20.1-20230612.114412-srg.jar%23701!/:?]
	at net.minecraft.world.level.storage.loot.LootTable$Serializer.deserialize(LootTable.java:291) ~[server-1.20.1-20230612.114412-srg.jar%23701!/:?]
	at com.google.gson.internal.bind.TreeTypeAdapter.read(TreeTypeAdapter.java:76) ~[gson-2.10.jar%2372!/:?]
	at com.google.gson.Gson.fromJson(Gson.java:1214) ~[gson-2.10.jar%2372!/:?]
	at com.google.gson.Gson.fromJson(Gson.java:1319) ~[gson-2.10.jar%2372!/:?]
	at com.google.gson.Gson.fromJson(Gson.java:1261) ~[gson-2.10.jar%2372!/:?]
	at net.minecraftforge.common.ForgeHooks.loadLootTable(ForgeHooks.java:872) ~[forge-1.20.1-47.4.10-universal.jar%23706!/:?]
	at net.minecraftforge.common.ForgeHooks.lambda$getLootTableDeserializer$3(ForgeHooks.java:849) ~[forge-1.20.1-47.4.10-universal.jar%23706!/:?]
	at net.minecraft.world.level.storage.loot.LootDataType.deserialize(LootDataType.java:45) ~[server-1.20.1-20230612.114412-srg.jar%23701!/:?]
	at net.minecraft.world.level.storage.loot.LootDataManager.lambda$scheduleElementParse$4(LootDataManager.java:56) ~[server-1.20.1-20230612.114412-srg.jar%23701!/:?]
	at java.util.HashMap.forEach(HashMap.java:1421) ~[?:?]
	at net.minecraft.world.level.storage.loot.LootDataManager.m_278660_(LootDataManager.java:55) ~[server-1.20.1-20230612.114412-srg.jar%23701!/:?]
	at java.util.concurrent.CompletableFuture$AsyncRun.run(CompletableFuture.java:1804) ~[?:?]
	at java.util.concurrent.CompletableFuture$AsyncRun.exec(CompletableFuture.java:1796) ~[?:?]
	at java.util.concurrent.ForkJoinTask.doExec(ForkJoinTask.java:373) ~[?:?]
	at java.util.concurrent.ForkJoinPool$WorkQueue.topLevelExec(ForkJoinPool.java:1182) ~[?:?]
	at java.util.concurrent.ForkJoinPool.scan(ForkJoinPool.java:1655) ~[?:?]
	at java.util.concurrent.ForkJoinPool.runWorker(ForkJoinPool.java:1622) ~[?:?]
	at java.util.concurrent.ForkJoinWorkerThread.run(ForkJoinWorkerThread.java:165) ~[?:?]
[06Aug2026 20:27:26.035] [Worker-Main-1/INFO] [Spartan Weaponry/]: Adding Diamond Weapons to the End City Treasure Loot Table!
[06Aug2026 20:27:26.111] [Worker-Main-1/ERROR] [net.minecraftforge.common.ForgeHooks/]: Couldn't parse element loot_tables:nfm:blocks/beige_cup
com.google.gson.JsonSyntaxException: Expected name to be an item, was unknown string 'nfm:beige_cup'
	at net.minecraft.util.GsonHelper.m_13866_(GsonHelper.java:145) ~[server-1.20.1-20230612.114412-srg.jar%23701!/:?]
	at java.util.Optional.orElseThrow(Optional.java:403) ~[?:?]
	at net.minecraft.util.GsonHelper.m_13874_(GsonHelper.java:145) ~[server-1.20.1-20230612.114412-srg.jar%23701!/:?]
	at net.minecraft.util.GsonHelper.m_13909_(GsonHelper.java:153) ~[server-1.20.1-20230612.114412-srg.jar%23701!/:?]
	at net.minecraft.world.level.storage.loot.entries.LootItem$Serializer.m_7267_(LootItem.java:55) ~[server-1.20.1-20230612.114412-srg.jar%23701!/:?]
	at net.minecraft.world.level.storage.loot.entries.LootItem$Serializer.m_7267_(LootItem.java:40) ~[server-1.20.1-20230612.114412-srg.jar%23701!/:?]
	at net.minecraft.world.level.storage.loot.entries.LootPoolSingletonContainer$Serializer.m_5921_(LootPoolSingletonContainer.java:151) ~[server-1.20.1-20230612.114412-srg.jar%23701!/:?]
	at net.minecraft.world.level.storage.loot.entries.LootPoolSingletonContainer$Serializer.m_5921_(LootPoolSingletonContainer.java:129) ~[server-1.20.1-20230612.114412-srg.jar%23701!/:?]
	at net.minecraft.world.level.storage.loot.entries.LootPoolEntryContainer$Serializer.m_7561_(LootPoolEntryContainer.java:86) ~[server-1.20.1-20230612.114412-srg.jar%23701!/:?]
	at net.minecraft.world.level.storage.loot.entries.LootPoolEntryContainer$Serializer.m_7561_(LootPoolEntryContainer.java:74) ~[server-1.20.1-20230612.114412-srg.jar%23701!/:?]
	at net.minecraft.world.level.storage.loot.GsonAdapterFactory$JsonAdapter.deserialize(GsonAdapterFactory.java:102) ~[server-1.20.1-20230612.114412-srg.jar%23701!/:?]
	at com.google.gson.internal.bind.TreeTypeAdapter.read(TreeTypeAdapter.java:76) ~[gson-2.10.jar%2372!/:?]
	at com.google.gson.internal.bind.TypeAdapterRuntimeTypeWrapper.read(TypeAdapterRuntimeTypeWrapper.java:40) ~[gson-2.10.jar%2372!/:?]
	at com.google.gson.internal.bind.ArrayTypeAdapter.read(ArrayTypeAdapter.java:72) ~[gson-2.10.jar%2372!/:?]
	at com.google.gson.Gson.fromJson(Gson.java:1214) ~[gson-2.10.jar%2372!/:?]
	at com.google.gson.Gson.fromJson(Gson.java:1319) ~[gson-2.10.jar%2372!/:?]
	at com.google.gson.Gson.fromJson(Gson.java:1290) ~[gson-2.10.jar%2372!/:?]
	at com.google.gson.internal.bind.TreeTypeAdapter$GsonContextImpl.deserialize(TreeTypeAdapter.java:179) ~[gson-2.10.jar%2372!/:?]
	at net.minecraft.util.GsonHelper.m_13808_(GsonHelper.java:463) ~[server-1.20.1-20230612.114412-srg.jar%23701!/:?]
	at net.minecraft.util.GsonHelper.m_13836_(GsonHelper.java:471) ~[server-1.20.1-20230612.114412-srg.jar%23701!/:?]
	at net.minecraft.world.level.storage.loot.LootPool$Serializer.deserialize(LootPool.java:192) ~[server-1.20.1-20230612.114412-srg.jar%23701!/:?]
	at net.minecraft.world.level.storage.loot.LootPool$Serializer.deserialize(LootPool.java:189) ~[server-1.20.1-20230612.114412-srg.jar%23701!/:?]
	at com.google.gson.internal.bind.TreeTypeAdapter.read(TreeTypeAdapter.java:76) ~[gson-2.10.jar%2372!/:?]
	at com.google.gson.internal.bind.TypeAdapterRuntimeTypeWrapper.read(TypeAdapterRuntimeTypeWrapper.java:40) ~[gson-2.10.jar%2372!/:?]
	at com.google.gson.internal.bind.ArrayTypeAdapter.read(ArrayTypeAdapter.java:72) ~[gson-2.10.jar%2372!/:?]
	at com.google.gson.Gson.fromJson(Gson.java:1214) ~[gson-2.10.jar%2372!/:?]
	at com.google.gson.Gson.fromJson(Gson.java:1319) ~[gson-2.10.jar%2372!/:?]
	at com.google.gson.Gson.fromJson(Gson.java:1290) ~[gson-2.10.jar%2372!/:?]
	at com.google.gson.internal.bind.TreeTypeAdapter$GsonContextImpl.deserialize(TreeTypeAdapter.java:179) ~[gson-2.10.jar%2372!/:?]
	at net.minecraft.util.GsonHelper.m_13808_(GsonHelper.java:463) ~[server-1.20.1-20230612.114412-srg.jar%23701!/:?]
	at net.minecraft.util.GsonHelper.m_13845_(GsonHelper.java:481) ~[server-1.20.1-20230612.114412-srg.jar%23701!/:?]
	at net.minecraft.world.level.storage.loot.LootTable$Serializer.deserialize(LootTable.java:294) ~[server-1.20.1-20230612.114412-srg.jar%23701!/:?]
	at net.minecraft.world.level.storage.loot.LootTable$Serializer.deserialize(LootTable.java:291) ~[server-1.20.1-20230612.114412-srg.jar%23701!/:?]
	at com.google.gson.internal.bind.TreeTypeAdapter.read(TreeTypeAdapter.java:76) ~[gson-2.10.jar%2372!/:?]
	at com.google.gson.Gson.fromJson(Gson.java:1214) ~[gson-2.10.jar%2372!/:?]
	at com.google.gson.Gson.fromJson(Gson.java:1319) ~[gson-2.10.jar%2372!/:?]
	at com.google.gson.Gson.fromJson(Gson.java:1261) ~[gson-2.10.jar%2372!/:?]
	at net.minecraftforge.common.ForgeHooks.loadLootTable(ForgeHooks.java:872) ~[forge-1.20.1-47.4.10-universal.jar%23706!/:?]
	at net.minecraftforge.common.ForgeHooks.lambda$getLootTableDeserializer$3(ForgeHooks.java:849) ~[forge-1.20.1-47.4.10-universal.jar%23706!/:?]
	at net.minecraft.world.level.storage.loot.LootDataType.deserialize(LootDataType.java:45) ~[server-1.20.1-20230612.114412-srg.jar%23701!/:?]
	at net.minecraft.world.level.storage.loot.LootDataManager.lambda$scheduleElementParse$4(LootDataManager.java:56) ~[server-1.20.1-20230612.114412-srg.jar%23701!/:?]
	at java.util.HashMap.forEach(HashMap.java:1421) ~[?:?]
	at net.minecraft.world.level.storage.loot.LootDataManager.m_278660_(LootDataManager.java:55) ~[server-1.20.1-20230612.114412-srg.jar%23701!/:?]
	at java.util.concurrent.CompletableFuture$AsyncRun.run(CompletableFuture.java:1804) ~[?:?]
	at java.util.concurrent.CompletableFuture$AsyncRun.exec(CompletableFuture.java:1796) ~[?:?]
	at java.util.concurrent.ForkJoinTask.doExec(ForkJoinTask.java:373) ~[?:?]
	at java.util.concurrent.ForkJoinPool$WorkQueue.topLevelExec(ForkJoinPool.java:1182) ~[?:?]
	at java.util.concurrent.ForkJoinPool.scan(ForkJoinPool.java:1655) ~[?:?]
	at java.util.concurrent.ForkJoinPool.runWorker(ForkJoinPool.java:1622) ~[?:?]
	at java.util.concurrent.ForkJoinWorkerThread.run(ForkJoinWorkerThread.java:165) ~[?:?]
[06Aug2026 20:27:26.221] [Worker-Main-1/ERROR] [net.minecraftforge.common.ForgeHooks/]: Couldn't parse element loot_tables:nfm:blocks/beige_digital_clock
com.google.gson.JsonSyntaxException: Expected name to be an item, was unknown string 'nfm:beige_digital_clock'
	at net.minecraft.util.GsonHelper.m_13866_(GsonHelper.java:145) ~[server-1.20.1-20230612.114412-srg.jar%23701!/:?]
	at java.util.Optional.orElseThrow(Optional.java:403) ~[?:?]
	at net.minecraft.util.GsonHelper.m_13874_(GsonHelper.java:145) ~[server-1.20.1-20230612.114412-srg.jar%23701!/:?]
	at net.minecraft.util.GsonHelper.m_13909_(GsonHelper.java:153) ~[server-1.20.1-20230612.114412-srg.jar%23701!/:?]
	at net.minecraft.world.level.storage.loot.entries.LootItem$Serializer.m_7267_(LootItem.java:55) ~[server-1.20.1-20230612.114412-srg.jar%23701!/:?]
	at net.minecraft.world.level.storage.loot.entries.LootItem$Serializer.m_7267_(LootItem.java:40) ~[server-1.20.1-20230612.114412-srg.jar%23701!/:?]
	at net.minecraft.world.level.storage.loot.entries.LootPoolSingletonContainer$Serializer.m_5921_(LootPoolSingletonContainer.java:151) ~[server-1.20.1-20230612.114412-srg.jar%23701!/:?]
	at net.minecraft.world.level.storage.loot.entries.LootPoolSingletonContainer$Serializer.m_5921_(LootPoolSingletonContainer.java:129) ~[server-1.20.1-20230612.114412-srg.jar%23701!/:?]
	at net.minecraft.world.level.storage.loot.entries.LootPoolEntryContainer$Serializer.m_7561_(LootPoolEntryContainer.java:86) ~[server-1.20.1-20230612.114412-srg.jar%23701!/:?]
	at net.minecraft.world.level.storage.loot.entries.LootPoolEntryContainer$Serializer.m_7561_(LootPoolEntryContainer.java:74) ~[server-1.20.1-20230612.114412-srg.jar%23701!/:?]
	at net.minecraft.world.level.storage.loot.GsonAdapterFactory$JsonAdapter.deserialize(GsonAdapterFactory.java:102) ~[server-1.20.1-20230612.114412-srg.jar%23701!/:?]
	at com.google.gson.internal.bind.TreeTypeAdapter.read(TreeTypeAdapter.java:76) ~[gson-2.10.jar%2372!/:?]
	at com.google.gson.internal.bind.TypeAdapterRuntimeTypeWrapper.read(TypeAdapterRuntimeTypeWrapper.java:40) ~[gson-2.10.jar%2372!/:?]
	at com.google.gson.internal.bind.ArrayTypeAdapter.read(ArrayTypeAdapter.java:72) ~[gson-2.10.jar%2372!/:?]
	at com.google.gson.Gson.fromJson(Gson.java:1214) ~[gson-2.10.jar%2372!/:?]
	at com.google.gson.Gson.fromJson(Gson.java:1319) ~[gson-2.10.jar%2372!/:?]
	at com.google.gson.Gson.fromJson(Gson.java:1290) ~[gson-2.10.jar%2372!/:?]
	at com.google.gson.internal.bind.TreeTypeAdapter$GsonContextImpl.deserialize(TreeTypeAdapter.java:179) ~[gson-2.10.jar%2372!/:?]
	at net.minecraft.util.GsonHelper.m_13808_(GsonHelper.java:463) ~[server-1.20.1-20230612.114412-srg.jar%23701!/:?]
	at net.minecraft.util.GsonHelper.m_13836_(GsonHelper.java:471) ~[server-1.20.1-20230612.114412-srg.jar%23701!/:?]
	at net.minecraft.world.level.storage.loot.LootPool$Serializer.deserialize(LootPool.java:192) ~[server-1.20.1-20230612.114412-srg.jar%23701!/:?]
	at net.minecraft.world.level.storage.loot.LootPool$Serializer.deserialize(LootPool.java:189) ~[server-1.20.1-20230612.114412-srg.jar%23701!/:?]
	at com.google.gson.internal.bind.TreeTypeAdapter.read(TreeTypeAdapter.java:76) ~[gson-2.10.jar%2372!/:?]
	at com.google.gson.internal.bind.TypeAdapterRuntimeTypeWrapper.read(TypeAdapterRuntimeTypeWrapper.java:40) ~[gson-2.10.jar%2372!/:?]
	at com.google.gson.internal.bind.ArrayTypeAdapter.read(ArrayTypeAdapter.java:72) ~[gson-2.10.jar%2372!/:?]
	at com.google.gson.Gson.fromJson(Gson.java:1214) ~[gson-2.10.jar%2372!/:?]
	at com.google.gson.Gson.fromJson(Gson.java:1319) ~[gson-2.10.jar%2372!/:?]
	at com.google.gson.Gson.fromJson(Gson.java:1290) ~[gson-2.10.jar%2372!/:?]
	at com.google.gson.internal.bind.TreeTypeAdapter$GsonContextImpl.deserialize(TreeTypeAdapter.java:179) ~[gson-2.10.jar%2372!/:?]
	at net.minecraft.util.GsonHelper.m_13808_(GsonHelper.java:463) ~[server-1.20.1-20230612.114412-srg.jar%23701!/:?]
	at net.minecraft.util.GsonHelper.m_13845_(GsonHelper.java:481) ~[server-1.20.1-20230612.114412-srg.jar%23701!/:?]
	at net.minecraft.world.level.storage.loot.LootTable$Serializer.deserialize(LootTable.java:294) ~[server-1.20.1-20230612.114412-srg.jar%23701!/:?]
	at net.minecraft.world.level.storage.loot.LootTable$Serializer.deserialize(LootTable.java:291) ~[server-1.20.1-20230612.114412-srg.jar%23701!/:?]
	at com.google.gson.internal.bind.TreeTypeAdapter.read(TreeTypeAdapter.java:76) ~[gson-2.10.jar%2372!/:?]
	at com.google.gson.Gson.fromJson(Gson.java:1214) ~[gson-2.10.jar%2372!/:?]
	at com.google.gson.Gson.fromJson(Gson.java:1319) ~[gson-2.10.jar%2372!/:?]
	at com.google.gson.Gson.fromJson(Gson.java:1261) ~[gson-2.10.jar%2372!/:?]
	at net.minecraftforge.common.ForgeHooks.loadLootTable(ForgeHooks.java:872) ~[forge-1.20.1-47.4.10-universal.jar%23706!/:?]
	at net.minecraftforge.common.ForgeHooks.lambda$getLootTableDeserializer$3(ForgeHooks.java:849) ~[forge-1.20.1-47.4.10-universal.jar%23706!/:?]
	at net.minecraft.world.level.storage.loot.LootDataType.deserialize(LootDataType.java:45) ~[server-1.20.1-20230612.114412-srg.jar%23701!/:?]
	at net.minecraft.world.level.storage.loot.LootDataManager.lambda$scheduleElementParse$4(LootDataManager.java:56) ~[server-1.20.1-20230612.114412-srg.jar%23701!/:?]
	at java.util.HashMap.forEach(HashMap.java:1421) ~[?:?]
	at net.minecraft.world.level.storage.loot.LootDataManager.m_278660_(LootDataManager.java:55) ~[server-1.20.1-20230612.114412-srg.jar%23701!/:?]
	at java.util.concurrent.CompletableFuture$AsyncRun.run(CompletableFuture.java:1804) ~[?:?]
	at java.util.concurrent.CompletableFuture$AsyncRun.exec(CompletableFuture.java:1796) ~[?:?]
	at java.util.concurrent.ForkJoinTask.doExec(ForkJoinTask.java:373) ~[?:?]
	at java.util.concurrent.ForkJoinPool$WorkQueue.topLevelExec(ForkJoinPool.java:1182) ~[?:?]
	at java.util.concurrent.ForkJoinPool.scan(ForkJoinPool.java:1655) ~[?:?]
	at java.util.concurrent.ForkJoinPool.runWorker(ForkJoinPool.java:1622) ~[?:?]
	at java.util.concurrent.ForkJoinWorkerThread.run(ForkJoinWorkerThread.java:165) ~[?:?]
[06Aug2026 20:27:26.234] [Worker-Main-1/ERROR] [net.minecraftforge.common.ForgeHooks/]: Couldn't parse element loot_tables:outer_end:blocks/azure_post
com.google.gson.JsonSyntaxException: Expected name to be an item, was unknown string 'outer_end:azure_post'
	at net.minecraft.util.GsonHelper.m_13866_(GsonHelper.java:145) ~[server-1.20.1-20230612.114412-srg.jar%23701!/:?]
	at java.util.Optional.orElseThrow(Optional.java:403) ~[?:?]
	at net.minecraft.util.GsonHelper.m_13874_(GsonHelper.java:145) ~[server-1.20.1-20230612.114412-srg.jar%23701!/:?]
	at net.minecraft.util.GsonHelper.m_13909_(GsonHelper.java:153) ~[server-1.20.1-20230612.114412-srg.jar%23701!/:?]
	at net.minecraft.world.level.storage.loot.entries.LootItem$Serializer.m_7267_(LootItem.java:55) ~[server-1.20.1-20230612.114412-srg.jar%23701!/:?]
	at net.minecraft.world.level.storage.loot.entries.LootItem$Serializer.m_7267_(LootItem.java:40) ~[server-1.20.1-20230612.114412-srg.jar%23701!/:?]
	at net.minecraft.world.level.storage.loot.entries.LootPoolSingletonContainer$Serializer.m_5921_(LootPoolSingletonContainer.java:151) ~[server-1.20.1-20230612.114412-srg.jar%23701!/:?]
	at net.minecraft.world.level.storage.loot.entries.LootPoolSingletonContainer$Serializer.m_5921_(LootPoolSingletonContainer.java:129) ~[server-1.20.1-20230612.114412-srg.jar%23701!/:?]
	at net.minecraft.world.level.storage.loot.entries.LootPoolEntryContainer$Serializer.m_7561_(LootPoolEntryContainer.java:86) ~[server-1.20.1-20230612.114412-srg.jar%23701!/:?]
	at net.minecraft.world.level.storage.loot.entries.LootPoolEntryContainer$Serializer.m_7561_(LootPoolEntryContainer.java:74) ~[server-1.20.1-20230612.114412-srg.jar%23701!/:?]
	at net.minecraft.world.level.storage.loot.GsonAdapterFactory$JsonAdapter.deserialize(GsonAdapterFactory.java:102) ~[server-1.20.1-20230612.114412-srg.jar%23701!/:?]
	at com.google.gson.internal.bind.TreeTypeAdapter.read(TreeTypeAdapter.java:76) ~[gson-2.10.jar%2372!/:?]
	at com.google.gson.internal.bind.TypeAdapterRuntimeTypeWrapper.read(TypeAdapterRuntimeTypeWrapper.java:40) ~[gson-2.10.jar%2372!/:?]
	at com.google.gson.internal.bind.ArrayTypeAdapter.read(ArrayTypeAdapter.java:72) ~[gson-2.10.jar%2372!/:?]
	at com.google.gson.Gson.fromJson(Gson.java:1214) ~[gson-2.10.jar%2372!/:?]
	at com.google.gson.Gson.fromJson(Gson.java:1319) ~[gson-2.10.jar%2372!/:?]
	at com.google.gson.Gson.fromJson(Gson.java:1290) ~[gson-2.10.jar%2372!/:?]
	at com.google.gson.internal.bind.TreeTypeAdapter$GsonContextImpl.deserialize(TreeTypeAdapter.java:179) ~[gson-2.10.jar%2372!/:?]
	at net.minecraft.util.GsonHelper.m_13808_(GsonHelper.java:463) ~[server-1.20.1-20230612.114412-srg.jar%23701!/:?]
	at net.minecraft.util.GsonHelper.m_13836_(GsonHelper.java:471) ~[server-1.20.1-20230612.114412-srg.jar%23701!/:?]
	at net.minecraft.world.level.storage.loot.LootPool$Serializer.deserialize(LootPool.java:192) ~[server-1.20.1-20230612.114412-srg.jar%23701!/:?]
	at net.minecraft.world.level.storage.loot.LootPool$Serializer.deserialize(LootPool.java:189) ~[server-1.20.1-20230612.114412-srg.jar%23701!/:?]
	at com.google.gson.internal.bind.TreeTypeAdapter.read(TreeTypeAdapter.java:76) ~[gson-2.10.jar%2372!/:?]
	at com.google.gson.internal.bind.TypeAdapterRuntimeTypeWrapper.read(TypeAdapterRuntimeTypeWrapper.java:40) ~[gson-2.10.jar%2372!/:?]
	at com.google.gson.internal.bind.ArrayTypeAdapter.read(ArrayTypeAdapter.java:72) ~[gson-2.10.jar%2372!/:?]
	at com.google.gson.Gson.fromJson(Gson.java:1214) ~[gson-2.10.jar%2372!/:?]
	at com.google.gson.Gson.fromJson(Gson.java:1319) ~[gson-2.10.jar%2372!/:?]
	at com.google.gson.Gson.fromJson(Gson.java:1290) ~[gson-2.10.jar%2372!/:?]
	at com.google.gson.internal.bind.TreeTypeAdapter$GsonContextImpl.deserialize(TreeTypeAdapter.java:179) ~[gson-2.10.jar%2372!/:?]
	at net.minecraft.util.GsonHelper.m_13808_(GsonHelper.java:463) ~[server-1.20.1-20230612.114412-srg.jar%23701!/:?]
	at net.minecraft.util.GsonHelper.m_13845_(GsonHelper.java:481) ~[server-1.20.1-20230612.114412-srg.jar%23701!/:?]
	at net.minecraft.world.level.storage.loot.LootTable$Serializer.deserialize(LootTable.java:294) ~[server-1.20.1-20230612.114412-srg.jar%23701!/:?]
	at net.minecraft.world.level.storage.loot.LootTable$Serializer.deserialize(LootTable.java:291) ~[server-1.20.1-20230612.114412-srg.jar%23701!/:?]
	at com.google.gson.internal.bind.TreeTypeAdapter.read(TreeTypeAdapter.java:76) ~[gson-2.10.jar%2372!/:?]
	at com.google.gson.Gson.fromJson(Gson.java:1214) ~[gson-2.10.jar%2372!/:?]
	at com.google.gson.Gson.fromJson(Gson.java:1319) ~[gson-2.10.jar%2372!/:?]
	at com.google.gson.Gson.fromJson(Gson.java:1261) ~[gson-2.10.jar%2372!/:?]
	at net.minecraftforge.common.ForgeHooks.loadLootTable(ForgeHooks.java:872) ~[forge-1.20.1-47.4.10-universal.jar%23706!/:?]
	at net.minecraftforge.common.ForgeHooks.lambda$getLootTableDeserializer$3(ForgeHooks.java:849) ~[forge-1.20.1-47.4.10-universal.jar%23706!/:?]
	at net.minecraft.world.level.storage.loot.LootDataType.deserialize(LootDataType.java:45) ~[server-1.20.1-20230612.114412-srg.jar%23701!/:?]
	at net.minecraft.world.level.storage.loot.LootDataManager.lambda$scheduleElementParse$4(LootDataManager.java:56) ~[server-1.20.1-20230612.114412-srg.jar%23701!/:?]
	at java.util.HashMap.forEach(HashMap.java:1421) ~[?:?]
	at net.minecraft.world.level.storage.loot.LootDataManager.m_278660_(LootDataManager.java:55) ~[server-1.20.1-20230612.114412-srg.jar%23701!/:?]
	at java.util.concurrent.CompletableFuture$AsyncRun.run(CompletableFuture.java:1804) ~[?:?]
	at java.util.concurrent.CompletableFuture$AsyncRun.exec(CompletableFuture.java:1796) ~[?:?]
	at java.util.concurrent.ForkJoinTask.doExec(ForkJoinTask.java:373) ~[?:?]
	at java.util.concurrent.ForkJoinPool$WorkQueue.topLevelExec(ForkJoinPool.java:1182) ~[?:?]
	at java.util.concurrent.ForkJoinPool.scan(ForkJoinPool.java:1655) ~[?:?]
	at java.util.concurrent.ForkJoinPool.runWorker(ForkJoinPool.java:1622) ~[?:?]
	at java.util.concurrent.ForkJoinWorkerThread.run(ForkJoinWorkerThread.java:165) ~[?:?]
[06Aug2026 20:27:26.319] [Worker-Main-1/WARN] [org.berezka.berezka_api.resources.BuiltInResourcePack/]: [Berezka API] called getResource with namespace berezka_api but file (empty_chest.json) doesn't exist. (most of the time you can ignore this
[06Aug2026 20:27:26.345] [Worker-Main-1/ERROR] [net.minecraftforge.common.ForgeHooks/]: Couldn't parse element loot_tables:butchery:blocks/fd_chicken_cut_1_drop
com.google.gson.JsonSyntaxException: Expected name to be an item, was unknown string 'butchery:chicken_foot'
	at net.minecraft.util.GsonHelper.m_13866_(GsonHelper.java:145) ~[server-1.20.1-20230612.114412-srg.jar%23701!/:?]
	at java.util.Optional.orElseThrow(Optional.java:403) ~[?:?]
	at net.minecraft.util.GsonHelper.m_13874_(GsonHelper.java:145) ~[server-1.20.1-20230612.114412-srg.jar%23701!/:?]
	at net.minecraft.util.GsonHelper.m_13909_(GsonHelper.java:153) ~[server-1.20.1-20230612.114412-srg.jar%23701!/:?]
	at net.minecraft.world.level.storage.loot.entries.LootItem$Serializer.m_7267_(LootItem.java:55) ~[server-1.20.1-20230612.114412-srg.jar%23701!/:?]
	at net.minecraft.world.level.storage.loot.entries.LootItem$Serializer.m_7267_(LootItem.java:40) ~[server-1.20.1-20230612.114412-srg.jar%23701!/:?]
	at net.minecraft.world.level.storage.loot.entries.LootPoolSingletonContainer$Serializer.m_5921_(LootPoolSingletonContainer.java:151) ~[server-1.20.1-20230612.114412-srg.jar%23701!/:?]
	at net.minecraft.world.level.storage.loot.entries.LootPoolSingletonContainer$Serializer.m_5921_(LootPoolSingletonContainer.java:129) ~[server-1.20.1-20230612.114412-srg.jar%23701!/:?]
	at net.minecraft.world.level.storage.loot.entries.LootPoolEntryContainer$Serializer.m_7561_(LootPoolEntryContainer.java:86) ~[server-1.20.1-20230612.114412-srg.jar%23701!/:?]
	at net.minecraft.world.level.storage.loot.entries.LootPoolEntryContainer$Serializer.m_7561_(LootPoolEntryContainer.java:74) ~[server-1.20.1-20230612.114412-srg.jar%23701!/:?]
	at net.minecraft.world.level.storage.loot.GsonAdapterFactory$JsonAdapter.deserialize(GsonAdapterFactory.java:102) ~[server-1.20.1-20230612.114412-srg.jar%23701!/:?]
	at com.google.gson.internal.bind.TreeTypeAdapter.read(TreeTypeAdapter.java:76) ~[gson-2.10.jar%2372!/:?]
	at com.google.gson.internal.bind.TypeAdapterRuntimeTypeWrapper.read(TypeAdapterRuntimeTypeWrapper.java:40) ~[gson-2.10.jar%2372!/:?]
	at com.google.gson.internal.bind.ArrayTypeAdapter.read(ArrayTypeAdapter.java:72) ~[gson-2.10.jar%2372!/:?]
	at com.google.gson.Gson.fromJson(Gson.java:1214) ~[gson-2.10.jar%2372!/:?]
	at com.google.gson.Gson.fromJson(Gson.java:1319) ~[gson-2.10.jar%2372!/:?]
	at com.google.gson.Gson.fromJson(Gson.java:1290) ~[gson-2.10.jar%2372!/:?]
	at com.google.gson.internal.bind.TreeTypeAdapter$GsonContextImpl.deserialize(TreeTypeAdapter.java:179) ~[gson-2.10.jar%2372!/:?]
	at net.minecraft.util.GsonHelper.m_13808_(GsonHelper.java:463) ~[server-1.20.1-20230612.114412-srg.jar%23701!/:?]
	at net.minecraft.util.GsonHelper.m_13836_(GsonHelper.java:471) ~[server-1.20.1-20230612.114412-srg.jar%23701!/:?]
	at net.minecraft.world.level.storage.loot.LootPool$Serializer.deserialize(LootPool.java:192) ~[server-1.20.1-20230612.114412-srg.jar%23701!/:?]
	at net.minecraft.world.level.storage.loot.LootPool$Serializer.deserialize(LootPool.java:189) ~[server-1.20.1-20230612.114412-srg.jar%23701!/:?]
	at com.google.gson.internal.bind.TreeTypeAdapter.read(TreeTypeAdapter.java:76) ~[gson-2.10.jar%2372!/:?]
	at com.google.gson.internal.bind.TypeAdapterRuntimeTypeWrapper.read(TypeAdapterRuntimeTypeWrapper.java:40) ~[gson-2.10.jar%2372!/:?]
	at com.google.gson.internal.bind.ArrayTypeAdapter.read(ArrayTypeAdapter.java:72) ~[gson-2.10.jar%2372!/:?]
	at com.google.gson.Gson.fromJson(Gson.java:1214) ~[gson-2.10.jar%2372!/:?]
	at com.google.gson.Gson.fromJson(Gson.java:1319) ~[gson-2.10.jar%2372!/:?]
	at com.google.gson.Gson.fromJson(Gson.java:1290) ~[gson-2.10.jar%2372!/:?]
	at com.google.gson.internal.bind.TreeTypeAdapter$GsonContextImpl.deserialize(TreeTypeAdapter.java:179) ~[gson-2.10.jar%2372!/:?]
	at net.minecraft.util.GsonHelper.m_13808_(GsonHelper.java:463) ~[server-1.20.1-20230612.114412-srg.jar%23701!/:?]
	at net.minecraft.util.GsonHelper.m_13845_(GsonHelper.java:481) ~[server-1.20.1-20230612.114412-srg.jar%23701!/:?]
	at net.minecraft.world.level.storage.loot.LootTable$Serializer.deserialize(LootTable.java:294) ~[server-1.20.1-20230612.114412-srg.jar%23701!/:?]
	at net.minecraft.world.level.storage.loot.LootTable$Serializer.deserialize(LootTable.java:291) ~[server-1.20.1-20230612.114412-srg.jar%23701!/:?]
	at com.google.gson.internal.bind.TreeTypeAdapter.read(TreeTypeAdapter.java:76) ~[gson-2.10.jar%2372!/:?]
	at com.google.gson.Gson.fromJson(Gson.java:1214) ~[gson-2.10.jar%2372!/:?]
	at com.google.gson.Gson.fromJson(Gson.java:1319) ~[gson-2.10.jar%2372!/:?]
	at com.google.gson.Gson.fromJson(Gson.java:1261) ~[gson-2.10.jar%2372!/:?]
	at net.minecraftforge.common.ForgeHooks.loadLootTable(ForgeHooks.java:872) ~[forge-1.20.1-47.4.10-universal.jar%23706!/:?]
	at net.minecraftforge.common.ForgeHooks.lambda$getLootTableDeserializer$3(ForgeHooks.java:849) ~[forge-1.20.1-47.4.10-universal.jar%23706!/:?]
	at net.minecraft.world.level.storage.loot.LootDataType.deserialize(LootDataType.java:45) ~[server-1.20.1-20230612.114412-srg.jar%23701!/:?]
	at net.minecraft.world.level.storage.loot.LootDataManager.lambda$scheduleElementParse$4(LootDataManager.java:56) ~[server-1.20.1-20230612.114412-srg.jar%23701!/:?]
	at java.util.HashMap.forEach(HashMap.java:1421) ~[?:?]
	at net.minecraft.world.level.storage.loot.LootDataManager.m_278660_(LootDataManager.java:55) ~[server-1.20.1-20230612.114412-srg.jar%23701!/:?]
	at java.util.concurrent.CompletableFuture$AsyncRun.run(CompletableFuture.java:1804) ~[?:?]
	at java.util.concurrent.CompletableFuture$AsyncRun.exec(CompletableFuture.java:1796) ~[?:?]
	at java.util.concurrent.ForkJoinTask.doExec(ForkJoinTask.java:373) ~[?:?]
	at java.util.concurrent.ForkJoinPool$WorkQueue.topLevelExec(ForkJoinPool.java:1182) ~[?:?]
	at java.util.concurrent.ForkJoinPool.scan(ForkJoinPool.java:1655) ~[?:?]
	at java.util.concurrent.ForkJoinPool.runWorker(ForkJoinPool.java:1622) ~[?:?]
	at java.util.concurrent.ForkJoinWorkerThread.run(ForkJoinWorkerThread.java:165) ~[?:?]
[06Aug2026 20:27:26.521] [Worker-Main-1/ERROR] [net.minecraftforge.common.ForgeHooks/]: Couldn't parse element loot_tables:nue:blocks/nether_gold_ore
com.google.gson.JsonSyntaxException: Expected name to be an item, was unknown string 'nue:deleted_mod_element'
	at net.minecraft.util.GsonHelper.m_13866_(GsonHelper.java:145) ~[server-1.20.1-20230612.114412-srg.jar%23701!/:?]
	at java.util.Optional.orElseThrow(Optional.java:403) ~[?:?]
	at net.minecraft.util.GsonHelper.m_13874_(GsonHelper.java:145) ~[server-1.20.1-20230612.114412-srg.jar%23701!/:?]
	at net.minecraft.util.GsonHelper.m_13909_(GsonHelper.java:153) ~[server-1.20.1-20230612.114412-srg.jar%23701!/:?]
	at net.minecraft.world.level.storage.loot.entries.LootItem$Serializer.m_7267_(LootItem.java:55) ~[server-1.20.1-20230612.114412-srg.jar%23701!/:?]
	at net.minecraft.world.level.storage.loot.entries.LootItem$Serializer.m_7267_(LootItem.java:40) ~[server-1.20.1-20230612.114412-srg.jar%23701!/:?]
	at net.minecraft.world.level.storage.loot.entries.LootPoolSingletonContainer$Serializer.m_5921_(LootPoolSingletonContainer.java:151) ~[server-1.20.1-20230612.114412-srg.jar%23701!/:?]
	at net.minecraft.world.level.storage.loot.entries.LootPoolSingletonContainer$Serializer.m_5921_(LootPoolSingletonContainer.java:129) ~[server-1.20.1-20230612.114412-srg.jar%23701!/:?]
	at net.minecraft.world.level.storage.loot.entries.LootPoolEntryContainer$Serializer.m_7561_(LootPoolEntryContainer.java:86) ~[server-1.20.1-20230612.114412-srg.jar%23701!/:?]
	at net.minecraft.world.level.storage.loot.entries.LootPoolEntryContainer$Serializer.m_7561_(LootPoolEntryContainer.java:74) ~[server-1.20.1-20230612.114412-srg.jar%23701!/:?]
	at net.minecraft.world.level.storage.loot.GsonAdapterFactory$JsonAdapter.deserialize(GsonAdapterFactory.java:102) ~[server-1.20.1-20230612.114412-srg.jar%23701!/:?]
	at com.google.gson.internal.bind.TreeTypeAdapter.read(TreeTypeAdapter.java:76) ~[gson-2.10.jar%2372!/:?]
	at com.google.gson.internal.bind.TypeAdapterRuntimeTypeWrapper.read(TypeAdapterRuntimeTypeWrapper.java:40) ~[gson-2.10.jar%2372!/:?]
	at com.google.gson.internal.bind.ArrayTypeAdapter.read(ArrayTypeAdapter.java:72) ~[gson-2.10.jar%2372!/:?]
	at com.google.gson.Gson.fromJson(Gson.java:1214) ~[gson-2.10.jar%2372!/:?]
	at com.google.gson.Gson.fromJson(Gson.java:1319) ~[gson-2.10.jar%2372!/:?]
	at com.google.gson.Gson.fromJson(Gson.java:1290) ~[gson-2.10.jar%2372!/:?]
	at com.google.gson.internal.bind.TreeTypeAdapter$GsonContextImpl.deserialize(TreeTypeAdapter.java:179) ~[gson-2.10.jar%2372!/:?]
	at net.minecraft.util.GsonHelper.m_13808_(GsonHelper.java:463) ~[server-1.20.1-20230612.114412-srg.jar%23701!/:?]
	at net.minecraft.util.GsonHelper.m_13836_(GsonHelper.java:471) ~[server-1.20.1-20230612.114412-srg.jar%23701!/:?]
	at net.minecraft.world.level.storage.loot.LootPool$Serializer.deserialize(LootPool.java:192) ~[server-1.20.1-20230612.114412-srg.jar%23701!/:?]
	at net.minecraft.world.level.storage.loot.LootPool$Serializer.deserialize(LootPool.java:189) ~[server-1.20.1-20230612.114412-srg.jar%23701!/:?]
	at com.google.gson.internal.bind.TreeTypeAdapter.read(TreeTypeAdapter.java:76) ~[gson-2.10.jar%2372!/:?]
	at com.google.gson.internal.bind.TypeAdapterRuntimeTypeWrapper.read(TypeAdapterRuntimeTypeWrapper.java:40) ~[gson-2.10.jar%2372!/:?]
	at com.google.gson.internal.bind.ArrayTypeAdapter.read(ArrayTypeAdapter.java:72) ~[gson-2.10.jar%2372!/:?]
	at com.google.gson.Gson.fromJson(Gson.java:1214) ~[gson-2.10.jar%2372!/:?]
	at com.google.gson.Gson.fromJson(Gson.java:1319) ~[gson-2.10.jar%2372!/:?]
	at com.google.gson.Gson.fromJson(Gson.java:1290) ~[gson-2.10.jar%2372!/:?]
	at com.google.gson.internal.bind.TreeTypeAdapter$GsonContextImpl.deserialize(TreeTypeAdapter.java:179) ~[gson-2.10.jar%2372!/:?]
	at net.minecraft.util.GsonHelper.m_13808_(GsonHelper.java:463) ~[server-1.20.1-20230612.114412-srg.jar%23701!/:?]
	at net.minecraft.util.GsonHelper.m_13845_(GsonHelper.java:481) ~[server-1.20.1-20230612.114412-srg.jar%23701!/:?]
	at net.minecraft.world.level.storage.loot.LootTable$Serializer.deserialize(LootTable.java:294) ~[server-1.20.1-20230612.114412-srg.jar%23701!/:?]
	at net.minecraft.world.level.storage.loot.LootTable$Serializer.deserialize(LootTable.java:291) ~[server-1.20.1-20230612.114412-srg.jar%23701!/:?]
	at com.google.gson.internal.bind.TreeTypeAdapter.read(TreeTypeAdapter.java:76) ~[gson-2.10.jar%2372!/:?]
	at com.google.gson.Gson.fromJson(Gson.java:1214) ~[gson-2.10.jar%2372!/:?]
	at com.google.gson.Gson.fromJson(Gson.java:1319) ~[gson-2.10.jar%2372!/:?]
	at com.google.gson.Gson.fromJson(Gson.java:1261) ~[gson-2.10.jar%2372!/:?]
	at net.minecraftforge.common.ForgeHooks.loadLootTable(ForgeHooks.java:872) ~[forge-1.20.1-47.4.10-universal.jar%23706!/:?]
	at net.minecraftforge.common.ForgeHooks.lambda$getLootTableDeserializer$3(ForgeHooks.java:849) ~[forge-1.20.1-47.4.10-universal.jar%23706!/:?]
	at net.minecraft.world.level.storage.loot.LootDataType.deserialize(LootDataType.java:45) ~[server-1.20.1-20230612.114412-srg.jar%23701!/:?]
	at net.minecraft.world.level.storage.loot.LootDataManager.lambda$scheduleElementParse$4(LootDataManager.java:56) ~[server-1.20.1-20230612.114412-srg.jar%23701!/:?]
	at java.util.HashMap.forEach(HashMap.java:1421) ~[?:?]
	at net.minecraft.world.level.storage.loot.LootDataManager.m_278660_(LootDataManager.java:55) ~[server-1.20.1-20230612.114412-srg.jar%23701!/:?]
	at java.util.concurrent.CompletableFuture$AsyncRun.run(CompletableFuture.java:1804) ~[?:?]
	at java.util.concurrent.CompletableFuture$AsyncRun.exec(CompletableFuture.java:1796) ~[?:?]
	at java.util.concurrent.ForkJoinTask.doExec(ForkJoinTask.java:373) ~[?:?]
	at java.util.concurrent.ForkJoinPool$WorkQueue.topLevelExec(ForkJoinPool.java:1182) ~[?:?]
	at java.util.concurrent.ForkJoinPool.scan(ForkJoinPool.java:1655) ~[?:?]
	at java.util.concurrent.ForkJoinPool.runWorker(ForkJoinPool.java:1622) ~[?:?]
	at java.util.concurrent.ForkJoinWorkerThread.run(ForkJoinWorkerThread.java:165) ~[?:?]
[06Aug2026 20:27:26.610] [Worker-Main-1/ERROR] [net.minecraftforge.common.ForgeHooks/]: Couldn't parse element loot_tables:nfm:blocks/beige_modern_sofa
com.google.gson.JsonSyntaxException: Expected name to be an item, was unknown string 'nfm:beige_modern_sofa'
	at net.minecraft.util.GsonHelper.m_13866_(GsonHelper.java:145) ~[server-1.20.1-20230612.114412-srg.jar%23701!/:?]
	at java.util.Optional.orElseThrow(Optional.java:403) ~[?:?]
	at net.minecraft.util.GsonHelper.m_13874_(GsonHelper.java:145) ~[server-1.20.1-20230612.114412-srg.jar%23701!/:?]
	at net.minecraft.util.GsonHelper.m_13909_(GsonHelper.java:153) ~[server-1.20.1-20230612.114412-srg.jar%23701!/:?]
	at net.minecraft.world.level.storage.loot.entries.LootItem$Serializer.m_7267_(LootItem.java:55) ~[server-1.20.1-20230612.114412-srg.jar%23701!/:?]
	at net.minecraft.world.level.storage.loot.entries.LootItem$Serializer.m_7267_(LootItem.java:40) ~[server-1.20.1-20230612.114412-srg.jar%23701!/:?]
	at net.minecraft.world.level.storage.loot.entries.LootPoolSingletonContainer$Serializer.m_5921_(LootPoolSingletonContainer.java:151) ~[server-1.20.1-20230612.114412-srg.jar%23701!/:?]
	at net.minecraft.world.level.storage.loot.entries.LootPoolSingletonContainer$Serializer.m_5921_(LootPoolSingletonContainer.java:129) ~[server-1.20.1-20230612.114412-srg.jar%23701!/:?]
	at net.minecraft.world.level.storage.loot.entries.LootPoolEntryContainer$Serializer.m_7561_(LootPoolEntryContainer.java:86) ~[server-1.20.1-20230612.114412-srg.jar%23701!/:?]
	at net.minecraft.world.level.storage.loot.entries.LootPoolEntryContainer$Serializer.m_7561_(LootPoolEntryContainer.java:74) ~[server-1.20.1-20230612.114412-srg.jar%23701!/:?]
	at net.minecraft.world.level.storage.loot.GsonAdapterFactory$JsonAdapter.deserialize(GsonAdapterFactory.java:102) ~[server-1.20.1-20230612.114412-srg.jar%23701!/:?]
	at com.google.gson.internal.bind.TreeTypeAdapter.read(TreeTypeAdapter.java:76) ~[gson-2.10.jar%2372!/:?]
	at com.google.gson.internal.bind.TypeAdapterRuntimeTypeWrapper.read(TypeAdapterRuntimeTypeWrapper.java:40) ~[gson-2.10.jar%2372!/:?]
	at com.google.gson.internal.bind.ArrayTypeAdapter.read(ArrayTypeAdapter.java:72) ~[gson-2.10.jar%2372!/:?]
	at com.google.gson.Gson.fromJson(Gson.java:1214) ~[gson-2.10.jar%2372!/:?]
	at com.google.gson.Gson.fromJson(Gson.java:1319) ~[gson-2.10.jar%2372!/:?]
	at com.google.gson.Gson.fromJson(Gson.java:1290) ~[gson-2.10.jar%2372!/:?]
	at com.google.gson.internal.bind.TreeTypeAdapter$GsonContextImpl.deserialize(TreeTypeAdapter.java:179) ~[gson-2.10.jar%2372!/:?]
	at net.minecraft.util.GsonHelper.m_13808_(GsonHelper.java:463) ~[server-1.20.1-20230612.114412-srg.jar%23701!/:?]
	at net.minecraft.util.GsonHelper.m_13836_(GsonHelper.java:471) ~[server-1.20.1-20230612.114412-srg.jar%23701!/:?]
	at net.minecraft.world.level.storage.loot.LootPool$Serializer.deserialize(LootPool.java:192) ~[server-1.20.1-20230612.114412-srg.jar%23701!/:?]
	at net.minecraft.world.level.storage.loot.LootPool$Serializer.deserialize(LootPool.java:189) ~[server-1.20.1-20230612.114412-srg.jar%23701!/:?]
	at com.google.gson.internal.bind.TreeTypeAdapter.read(TreeTypeAdapter.java:76) ~[gson-2.10.jar%2372!/:?]
	at com.google.gson.internal.bind.TypeAdapterRuntimeTypeWrapper.read(TypeAdapterRuntimeTypeWrapper.java:40) ~[gson-2.10.jar%2372!/:?]
	at com.google.gson.internal.bind.ArrayTypeAdapter.read(ArrayTypeAdapter.java:72) ~[gson-2.10.jar%2372!/:?]
	at com.google.gson.Gson.fromJson(Gson.java:1214) ~[gson-2.10.jar%2372!/:?]
	at com.google.gson.Gson.fromJson(Gson.java:1319) ~[gson-2.10.jar%2372!/:?]
	at com.google.gson.Gson.fromJson(Gson.java:1290) ~[gson-2.10.jar%2372!/:?]
	at com.google.gson.internal.bind.TreeTypeAdapter$GsonContextImpl.deserialize(TreeTypeAdapter.java:179) ~[gson-2.10.jar%2372!/:?]
	at net.minecraft.util.GsonHelper.m_13808_(GsonHelper.java:463) ~[server-1.20.1-20230612.114412-srg.jar%23701!/:?]
	at net.minecraft.util.GsonHelper.m_13845_(GsonHelper.java:481) ~[server-1.20.1-20230612.114412-srg.jar%23701!/:?]
	at net.minecraft.world.level.storage.loot.LootTable$Serializer.deserialize(LootTable.java:294) ~[server-1.20.1-20230612.114412-srg.jar%23701!/:?]
	at net.minecraft.world.level.storage.loot.LootTable$Serializer.deserialize(LootTable.java:291) ~[server-1.20.1-20230612.114412-srg.jar%23701!/:?]
	at com.google.gson.internal.bind.TreeTypeAdapter.read(TreeTypeAdapter.java:76) ~[gson-2.10.jar%2372!/:?]
	at com.google.gson.Gson.fromJson(Gson.java:1214) ~[gson-2.10.jar%2372!/:?]
	at com.google.gson.Gson.fromJson(Gson.java:1319) ~[gson-2.10.jar%2372!/:?]
	at com.google.gson.Gson.fromJson(Gson.java:1261) ~[gson-2.10.jar%2372!/:?]
	at net.minecraftforge.common.ForgeHooks.loadLootTable(ForgeHooks.java:872) ~[forge-1.20.1-47.4.10-universal.jar%23706!/:?]
	at net.minecraftforge.common.ForgeHooks.lambda$getLootTableDeserializer$3(ForgeHooks.java:849) ~[forge-1.20.1-47.4.10-universal.jar%23706!/:?]
	at net.minecraft.world.level.storage.loot.LootDataType.deserialize(LootDataType.java:45) ~[server-1.20.1-20230612.114412-srg.jar%23701!/:?]
	at net.minecraft.world.level.storage.loot.LootDataManager.lambda$scheduleElementParse$4(LootDataManager.java:56) ~[server-1.20.1-20230612.114412-srg.jar%23701!/:?]
	at java.util.HashMap.forEach(HashMap.java:1421) ~[?:?]
	at net.minecraft.world.level.storage.loot.LootDataManager.m_278660_(LootDataManager.java:55) ~[server-1.20.1-20230612.114412-srg.jar%23701!/:?]
	at java.util.concurrent.CompletableFuture$AsyncRun.run(CompletableFuture.java:1804) ~[?:?]
	at java.util.concurrent.CompletableFuture$AsyncRun.exec(CompletableFuture.java:1796) ~[?:?]
	at java.util.concurrent.ForkJoinTask.doExec(ForkJoinTask.java:373) ~[?:?]
	at java.util.concurrent.ForkJoinPool$WorkQueue.topLevelExec(ForkJoinPool.java:1182) ~[?:?]
	at java.util.concurrent.ForkJoinPool.scan(ForkJoinPool.java:1655) ~[?:?]
	at java.util.concurrent.ForkJoinPool.runWorker(ForkJoinPool.java:1622) ~[?:?]
	at java.util.concurrent.ForkJoinWorkerThread.run(ForkJoinWorkerThread.java:165) ~[?:?]
[06Aug2026 20:27:26.851] [Worker-Main-1/WARN] [org.berezka.berezka_api.resources.BuiltInResourcePack/]: [Berezka API] called getResource with namespace berezka_api but file (store.json) doesn't exist. (most of the time you can ignore this
[06Aug2026 20:27:26.855] [Worker-Main-1/WARN] [org.berezka.berezka_api.resources.BuiltInResourcePack/]: [Berezka API] called getResource with namespace berezka_api but file (berezkahousesmall_0.json) doesn't exist. (most of the time you can ignore this
[06Aug2026 20:27:26.955] [Worker-Main-1/ERROR] [net.minecraftforge.common.ForgeHooks/]: Couldn't parse element loot_tables:nfm:blocks/beige_modern_bedside_cabinet
com.google.gson.JsonSyntaxException: Expected name to be an item, was unknown string 'nfm:beige_modern_bedside_cabinet'
	at net.minecraft.util.GsonHelper.m_13866_(GsonHelper.java:145) ~[server-1.20.1-20230612.114412-srg.jar%23701!/:?]
	at java.util.Optional.orElseThrow(Optional.java:403) ~[?:?]
	at net.minecraft.util.GsonHelper.m_13874_(GsonHelper.java:145) ~[server-1.20.1-20230612.114412-srg.jar%23701!/:?]
	at net.minecraft.util.GsonHelper.m_13909_(GsonHelper.java:153) ~[server-1.20.1-20230612.114412-srg.jar%23701!/:?]
	at net.minecraft.world.level.storage.loot.entries.LootItem$Serializer.m_7267_(LootItem.java:55) ~[server-1.20.1-20230612.114412-srg.jar%23701!/:?]
	at net.minecraft.world.level.storage.loot.entries.LootItem$Serializer.m_7267_(LootItem.java:40) ~[server-1.20.1-20230612.114412-srg.jar%23701!/:?]
	at net.minecraft.world.level.storage.loot.entries.LootPoolSingletonContainer$Serializer.m_5921_(LootPoolSingletonContainer.java:151) ~[server-1.20.1-20230612.114412-srg.jar%23701!/:?]
	at net.minecraft.world.level.storage.loot.entries.LootPoolSingletonContainer$Serializer.m_5921_(LootPoolSingletonContainer.java:129) ~[server-1.20.1-20230612.114412-srg.jar%23701!/:?]
	at net.minecraft.world.level.storage.loot.entries.LootPoolEntryContainer$Serializer.m_7561_(LootPoolEntryContainer.java:86) ~[server-1.20.1-20230612.114412-srg.jar%23701!/:?]
	at net.minecraft.world.level.storage.loot.entries.LootPoolEntryContainer$Serializer.m_7561_(LootPoolEntryContainer.java:74) ~[server-1.20.1-20230612.114412-srg.jar%23701!/:?]
	at net.minecraft.world.level.storage.loot.GsonAdapterFactory$JsonAdapter.deserialize(GsonAdapterFactory.java:102) ~[server-1.20.1-20230612.114412-srg.jar%23701!/:?]
	at com.google.gson.internal.bind.TreeTypeAdapter.read(TreeTypeAdapter.java:76) ~[gson-2.10.jar%2372!/:?]
	at com.google.gson.internal.bind.TypeAdapterRuntimeTypeWrapper.read(TypeAdapterRuntimeTypeWrapper.java:40) ~[gson-2.10.jar%2372!/:?]
	at com.google.gson.internal.bind.ArrayTypeAdapter.read(ArrayTypeAdapter.java:72) ~[gson-2.10.jar%2372!/:?]
	at com.google.gson.Gson.fromJson(Gson.java:1214) ~[gson-2.10.jar%2372!/:?]
	at com.google.gson.Gson.fromJson(Gson.java:1319) ~[gson-2.10.jar%2372!/:?]
	at com.google.gson.Gson.fromJson(Gson.java:1290) ~[gson-2.10.jar%2372!/:?]
	at com.google.gson.internal.bind.TreeTypeAdapter$GsonContextImpl.deserialize(TreeTypeAdapter.java:179) ~[gson-2.10.jar%2372!/:?]
	at net.minecraft.util.GsonHelper.m_13808_(GsonHelper.java:463) ~[server-1.20.1-20230612.114412-srg.jar%23701!/:?]
	at net.minecraft.util.GsonHelper.m_13836_(GsonHelper.java:471) ~[server-1.20.1-20230612.114412-srg.jar%23701!/:?]
	at net.minecraft.world.level.storage.loot.LootPool$Serializer.deserialize(LootPool.java:192) ~[server-1.20.1-20230612.114412-srg.jar%23701!/:?]
	at net.minecraft.world.level.storage.loot.LootPool$Serializer.deserialize(LootPool.java:189) ~[server-1.20.1-20230612.114412-srg.jar%23701!/:?]
	at com.google.gson.internal.bind.TreeTypeAdapter.read(TreeTypeAdapter.java:76) ~[gson-2.10.jar%2372!/:?]
	at com.google.gson.internal.bind.TypeAdapterRuntimeTypeWrapper.read(TypeAdapterRuntimeTypeWrapper.java:40) ~[gson-2.10.jar%2372!/:?]
	at com.google.gson.internal.bind.ArrayTypeAdapter.read(ArrayTypeAdapter.java:72) ~[gson-2.10.jar%2372!/:?]
	at com.google.gson.Gson.fromJson(Gson.java:1214) ~[gson-2.10.jar%2372!/:?]
	at com.google.gson.Gson.fromJson(Gson.java:1319) ~[gson-2.10.jar%2372!/:?]
	at com.google.gson.Gson.fromJson(Gson.java:1290) ~[gson-2.10.jar%2372!/:?]
	at com.google.gson.internal.bind.TreeTypeAdapter$GsonContextImpl.deserialize(TreeTypeAdapter.java:179) ~[gson-2.10.jar%2372!/:?]
	at net.minecraft.util.GsonHelper.m_13808_(GsonHelper.java:463) ~[server-1.20.1-20230612.114412-srg.jar%23701!/:?]
	at net.minecraft.util.GsonHelper.m_13845_(GsonHelper.java:481) ~[server-1.20.1-20230612.114412-srg.jar%23701!/:?]
	at net.minecraft.world.level.storage.loot.LootTable$Serializer.deserialize(LootTable.java:294) ~[server-1.20.1-20230612.114412-srg.jar%23701!/:?]
	at net.minecraft.world.level.storage.loot.LootTable$Serializer.deserialize(LootTable.java:291) ~[server-1.20.1-20230612.114412-srg.jar%23701!/:?]
	at com.google.gson.internal.bind.TreeTypeAdapter.read(TreeTypeAdapter.java:76) ~[gson-2.10.jar%2372!/:?]
	at com.google.gson.Gson.fromJson(Gson.java:1214) ~[gson-2.10.jar%2372!/:?]
	at com.google.gson.Gson.fromJson(Gson.java:1319) ~[gson-2.10.jar%2372!/:?]
	at com.google.gson.Gson.fromJson(Gson.java:1261) ~[gson-2.10.jar%2372!/:?]
	at net.minecraftforge.common.ForgeHooks.loadLootTable(ForgeHooks.java:872) ~[forge-1.20.1-47.4.10-universal.jar%23706!/:?]
	at net.minecraftforge.common.ForgeHooks.lambda$getLootTableDeserializer$3(ForgeHooks.java:849) ~[forge-1.20.1-47.4.10-universal.jar%23706!/:?]
	at net.minecraft.world.level.storage.loot.LootDataType.deserialize(LootDataType.java:45) ~[server-1.20.1-20230612.114412-srg.jar%23701!/:?]
	at net.minecraft.world.level.storage.loot.LootDataManager.lambda$scheduleElementParse$4(LootDataManager.java:56) ~[server-1.20.1-20230612.114412-srg.jar%23701!/:?]
	at java.util.HashMap.forEach(HashMap.java:1421) ~[?:?]
	at net.minecraft.world.level.storage.loot.LootDataManager.m_278660_(LootDataManager.java:55) ~[server-1.20.1-20230612.114412-srg.jar%23701!/:?]
	at java.util.concurrent.CompletableFuture$AsyncRun.run(CompletableFuture.java:1804) ~[?:?]
	at java.util.concurrent.CompletableFuture$AsyncRun.exec(CompletableFuture.java:1796) ~[?:?]
	at java.util.concurrent.ForkJoinTask.doExec(ForkJoinTask.java:373) ~[?:?]
	at java.util.concurrent.ForkJoinPool$WorkQueue.topLevelExec(ForkJoinPool.java:1182) ~[?:?]
	at java.util.concurrent.ForkJoinPool.scan(ForkJoinPool.java:1655) ~[?:?]
	at java.util.concurrent.ForkJoinPool.runWorker(ForkJoinPool.java:1622) ~[?:?]
	at java.util.concurrent.ForkJoinWorkerThread.run(ForkJoinWorkerThread.java:165) ~[?:?]
[06Aug2026 20:27:27.412] [Worker-Main-1/WARN] [org.berezka.berezka_api.resources.BuiltInResourcePack/]: [Berezka API] called getResource with namespace berezka_api but file (diningroom.json) doesn't exist. (most of the time you can ignore this
[06Aug2026 20:27:27.451] [Worker-Main-1/ERROR] [net.minecraftforge.common.ForgeHooks/]: Couldn't parse element loot_tables:nfm:blocks/beige_curtain
com.google.gson.JsonSyntaxException: Expected name to be an item, was unknown string 'nfm:beige_curtain'
	at net.minecraft.util.GsonHelper.m_13866_(GsonHelper.java:145) ~[server-1.20.1-20230612.114412-srg.jar%23701!/:?]
	at java.util.Optional.orElseThrow(Optional.java:403) ~[?:?]
	at net.minecraft.util.GsonHelper.m_13874_(GsonHelper.java:145) ~[server-1.20.1-20230612.114412-srg.jar%23701!/:?]
	at net.minecraft.util.GsonHelper.m_13909_(GsonHelper.java:153) ~[server-1.20.1-20230612.114412-srg.jar%23701!/:?]
	at net.minecraft.world.level.storage.loot.entries.LootItem$Serializer.m_7267_(LootItem.java:55) ~[server-1.20.1-20230612.114412-srg.jar%23701!/:?]
	at net.minecraft.world.level.storage.loot.entries.LootItem$Serializer.m_7267_(LootItem.java:40) ~[server-1.20.1-20230612.114412-srg.jar%23701!/:?]
	at net.minecraft.world.level.storage.loot.entries.LootPoolSingletonContainer$Serializer.m_5921_(LootPoolSingletonContainer.java:151) ~[server-1.20.1-20230612.114412-srg.jar%23701!/:?]
	at net.minecraft.world.level.storage.loot.entries.LootPoolSingletonContainer$Serializer.m_5921_(LootPoolSingletonContainer.java:129) ~[server-1.20.1-20230612.114412-srg.jar%23701!/:?]
	at net.minecraft.world.level.storage.loot.entries.LootPoolEntryContainer$Serializer.m_7561_(LootPoolEntryContainer.java:86) ~[server-1.20.1-20230612.114412-srg.jar%23701!/:?]
	at net.minecraft.world.level.storage.loot.entries.LootPoolEntryContainer$Serializer.m_7561_(LootPoolEntryContainer.java:74) ~[server-1.20.1-20230612.114412-srg.jar%23701!/:?]
	at net.minecraft.world.level.storage.loot.GsonAdapterFactory$JsonAdapter.deserialize(GsonAdapterFactory.java:102) ~[server-1.20.1-20230612.114412-srg.jar%23701!/:?]
	at com.google.gson.internal.bind.TreeTypeAdapter.read(TreeTypeAdapter.java:76) ~[gson-2.10.jar%2372!/:?]
	at com.google.gson.internal.bind.TypeAdapterRuntimeTypeWrapper.read(TypeAdapterRuntimeTypeWrapper.java:40) ~[gson-2.10.jar%2372!/:?]
	at com.google.gson.internal.bind.ArrayTypeAdapter.read(ArrayTypeAdapter.java:72) ~[gson-2.10.jar%2372!/:?]
	at com.google.gson.Gson.fromJson(Gson.java:1214) ~[gson-2.10.jar%2372!/:?]
	at com.google.gson.Gson.fromJson(Gson.java:1319) ~[gson-2.10.jar%2372!/:?]
	at com.google.gson.Gson.fromJson(Gson.java:1290) ~[gson-2.10.jar%2372!/:?]
	at com.google.gson.internal.bind.TreeTypeAdapter$GsonContextImpl.deserialize(TreeTypeAdapter.java:179) ~[gson-2.10.jar%2372!/:?]
	at net.minecraft.util.GsonHelper.m_13808_(GsonHelper.java:463) ~[server-1.20.1-20230612.114412-srg.jar%23701!/:?]
	at net.minecraft.util.GsonHelper.m_13836_(GsonHelper.java:471) ~[server-1.20.1-20230612.114412-srg.jar%23701!/:?]
	at net.minecraft.world.level.storage.loot.LootPool$Serializer.deserialize(LootPool.java:192) ~[server-1.20.1-20230612.114412-srg.jar%23701!/:?]
	at net.minecraft.world.level.storage.loot.LootPool$Serializer.deserialize(LootPool.java:189) ~[server-1.20.1-20230612.114412-srg.jar%23701!/:?]
	at com.google.gson.internal.bind.TreeTypeAdapter.read(TreeTypeAdapter.java:76) ~[gson-2.10.jar%2372!/:?]
	at com.google.gson.internal.bind.TypeAdapterRuntimeTypeWrapper.read(TypeAdapterRuntimeTypeWrapper.java:40) ~[gson-2.10.jar%2372!/:?]
	at com.google.gson.internal.bind.ArrayTypeAdapter.read(ArrayTypeAdapter.java:72) ~[gson-2.10.jar%2372!/:?]
	at com.google.gson.Gson.fromJson(Gson.java:1214) ~[gson-2.10.jar%2372!/:?]
	at com.google.gson.Gson.fromJson(Gson.java:1319) ~[gson-2.10.jar%2372!/:?]
	at com.google.gson.Gson.fromJson(Gson.java:1290) ~[gson-2.10.jar%2372!/:?]
	at com.google.gson.internal.bind.TreeTypeAdapter$GsonContextImpl.deserialize(TreeTypeAdapter.java:179) ~[gson-2.10.jar%2372!/:?]
	at net.minecraft.util.GsonHelper.m_13808_(GsonHelper.java:463) ~[server-1.20.1-20230612.114412-srg.jar%23701!/:?]
	at net.minecraft.util.GsonHelper.m_13845_(GsonHelper.java:481) ~[server-1.20.1-20230612.114412-srg.jar%23701!/:?]
	at net.minecraft.world.level.storage.loot.LootTable$Serializer.deserialize(LootTable.java:294) ~[server-1.20.1-20230612.114412-srg.jar%23701!/:?]
	at net.minecraft.world.level.storage.loot.LootTable$Serializer.deserialize(LootTable.java:291) ~[server-1.20.1-20230612.114412-srg.jar%23701!/:?]
	at com.google.gson.internal.bind.TreeTypeAdapter.read(TreeTypeAdapter.java:76) ~[gson-2.10.jar%2372!/:?]
	at com.google.gson.Gson.fromJson(Gson.java:1214) ~[gson-2.10.jar%2372!/:?]
	at com.google.gson.Gson.fromJson(Gson.java:1319) ~[gson-2.10.jar%2372!/:?]
	at com.google.gson.Gson.fromJson(Gson.java:1261) ~[gson-2.10.jar%2372!/:?]
	at net.minecraftforge.common.ForgeHooks.loadLootTable(ForgeHooks.java:872) ~[forge-1.20.1-47.4.10-universal.jar%23706!/:?]
	at net.minecraftforge.common.ForgeHooks.lambda$getLootTableDeserializer$3(ForgeHooks.java:849) ~[forge-1.20.1-47.4.10-universal.jar%23706!/:?]
	at net.minecraft.world.level.storage.loot.LootDataType.deserialize(LootDataType.java:45) ~[server-1.20.1-20230612.114412-srg.jar%23701!/:?]
	at net.minecraft.world.level.storage.loot.LootDataManager.lambda$scheduleElementParse$4(LootDataManager.java:56) ~[server-1.20.1-20230612.114412-srg.jar%23701!/:?]
	at java.util.HashMap.forEach(HashMap.java:1421) ~[?:?]
	at net.minecraft.world.level.storage.loot.LootDataManager.m_278660_(LootDataManager.java:55) ~[server-1.20.1-20230612.114412-srg.jar%23701!/:?]
	at java.util.concurrent.CompletableFuture$AsyncRun.run(CompletableFuture.java:1804) ~[?:?]
	at java.util.concurrent.CompletableFuture$AsyncRun.exec(CompletableFuture.java:1796) ~[?:?]
	at java.util.concurrent.ForkJoinTask.doExec(ForkJoinTask.java:373) ~[?:?]
	at java.util.concurrent.ForkJoinPool$WorkQueue.topLevelExec(ForkJoinPool.java:1182) ~[?:?]
	at java.util.concurrent.ForkJoinPool.scan(ForkJoinPool.java:1655) ~[?:?]
	at java.util.concurrent.ForkJoinPool.runWorker(ForkJoinPool.java:1622) ~[?:?]
	at java.util.concurrent.ForkJoinWorkerThread.run(ForkJoinWorkerThread.java:165) ~[?:?]
[06Aug2026 20:27:27.641] [Worker-Main-1/ERROR] [net.minecraftforge.common.ForgeHooks/]: Couldn't parse element loot_tables:nfm:blocks/beige_bar_stool
com.google.gson.JsonSyntaxException: Expected name to be an item, was unknown string 'nfm:beige_bar_stool'
	at net.minecraft.util.GsonHelper.m_13866_(GsonHelper.java:145) ~[server-1.20.1-20230612.114412-srg.jar%23701!/:?]
	at java.util.Optional.orElseThrow(Optional.java:403) ~[?:?]
	at net.minecraft.util.GsonHelper.m_13874_(GsonHelper.java:145) ~[server-1.20.1-20230612.114412-srg.jar%23701!/:?]
	at net.minecraft.util.GsonHelper.m_13909_(GsonHelper.java:153) ~[server-1.20.1-20230612.114412-srg.jar%23701!/:?]
	at net.minecraft.world.level.storage.loot.entries.LootItem$Serializer.m_7267_(LootItem.java:55) ~[server-1.20.1-20230612.114412-srg.jar%23701!/:?]
	at net.minecraft.world.level.storage.loot.entries.LootItem$Serializer.m_7267_(LootItem.java:40) ~[server-1.20.1-20230612.114412-srg.jar%23701!/:?]
	at net.minecraft.world.level.storage.loot.entries.LootPoolSingletonContainer$Serializer.m_5921_(LootPoolSingletonContainer.java:151) ~[server-1.20.1-20230612.114412-srg.jar%23701!/:?]
	at net.minecraft.world.level.storage.loot.entries.LootPoolSingletonContainer$Serializer.m_5921_(LootPoolSingletonContainer.java:129) ~[server-1.20.1-20230612.114412-srg.jar%23701!/:?]
	at net.minecraft.world.level.storage.loot.entries.LootPoolEntryContainer$Serializer.m_7561_(LootPoolEntryContainer.java:86) ~[server-1.20.1-20230612.114412-srg.jar%23701!/:?]
	at net.minecraft.world.level.storage.loot.entries.LootPoolEntryContainer$Serializer.m_7561_(LootPoolEntryContainer.java:74) ~[server-1.20.1-20230612.114412-srg.jar%23701!/:?]
	at net.minecraft.world.level.storage.loot.GsonAdapterFactory$JsonAdapter.deserialize(GsonAdapterFactory.java:102) ~[server-1.20.1-20230612.114412-srg.jar%23701!/:?]
	at com.google.gson.internal.bind.TreeTypeAdapter.read(TreeTypeAdapter.java:76) ~[gson-2.10.jar%2372!/:?]
	at com.google.gson.internal.bind.TypeAdapterRuntimeTypeWrapper.read(TypeAdapterRuntimeTypeWrapper.java:40) ~[gson-2.10.jar%2372!/:?]
	at com.google.gson.internal.bind.ArrayTypeAdapter.read(ArrayTypeAdapter.java:72) ~[gson-2.10.jar%2372!/:?]
	at com.google.gson.Gson.fromJson(Gson.java:1214) ~[gson-2.10.jar%2372!/:?]
	at com.google.gson.Gson.fromJson(Gson.java:1319) ~[gson-2.10.jar%2372!/:?]
	at com.google.gson.Gson.fromJson(Gson.java:1290) ~[gson-2.10.jar%2372!/:?]
	at com.google.gson.internal.bind.TreeTypeAdapter$GsonContextImpl.deserialize(TreeTypeAdapter.java:179) ~[gson-2.10.jar%2372!/:?]
	at net.minecraft.util.GsonHelper.m_13808_(GsonHelper.java:463) ~[server-1.20.1-20230612.114412-srg.jar%23701!/:?]
	at net.minecraft.util.GsonHelper.m_13836_(GsonHelper.java:471) ~[server-1.20.1-20230612.114412-srg.jar%23701!/:?]
	at net.minecraft.world.level.storage.loot.LootPool$Serializer.deserialize(LootPool.java:192) ~[server-1.20.1-20230612.114412-srg.jar%23701!/:?]
	at net.minecraft.world.level.storage.loot.LootPool$Serializer.deserialize(LootPool.java:189) ~[server-1.20.1-20230612.114412-srg.jar%23701!/:?]
	at com.google.gson.internal.bind.TreeTypeAdapter.read(TreeTypeAdapter.java:76) ~[gson-2.10.jar%2372!/:?]
	at com.google.gson.internal.bind.TypeAdapterRuntimeTypeWrapper.read(TypeAdapterRuntimeTypeWrapper.java:40) ~[gson-2.10.jar%2372!/:?]
	at com.google.gson.internal.bind.ArrayTypeAdapter.read(ArrayTypeAdapter.java:72) ~[gson-2.10.jar%2372!/:?]
	at com.google.gson.Gson.fromJson(Gson.java:1214) ~[gson-2.10.jar%2372!/:?]
	at com.google.gson.Gson.fromJson(Gson.java:1319) ~[gson-2.10.jar%2372!/:?]
	at com.google.gson.Gson.fromJson(Gson.java:1290) ~[gson-2.10.jar%2372!/:?]
	at com.google.gson.internal.bind.TreeTypeAdapter$GsonContextImpl.deserialize(TreeTypeAdapter.java:179) ~[gson-2.10.jar%2372!/:?]
	at net.minecraft.util.GsonHelper.m_13808_(GsonHelper.java:463) ~[server-1.20.1-20230612.114412-srg.jar%23701!/:?]
	at net.minecraft.util.GsonHelper.m_13845_(GsonHelper.java:481) ~[server-1.20.1-20230612.114412-srg.jar%23701!/:?]
	at net.minecraft.world.level.storage.loot.LootTable$Serializer.deserialize(LootTable.java:294) ~[server-1.20.1-20230612.114412-srg.jar%23701!/:?]
	at net.minecraft.world.level.storage.loot.LootTable$Serializer.deserialize(LootTable.java:291) ~[server-1.20.1-20230612.114412-srg.jar%23701!/:?]
	at com.google.gson.internal.bind.TreeTypeAdapter.read(TreeTypeAdapter.java:76) ~[gson-2.10.jar%2372!/:?]
	at com.google.gson.Gson.fromJson(Gson.java:1214) ~[gson-2.10.jar%2372!/:?]
	at com.google.gson.Gson.fromJson(Gson.java:1319) ~[gson-2.10.jar%2372!/:?]
	at com.google.gson.Gson.fromJson(Gson.java:1261) ~[gson-2.10.jar%2372!/:?]
	at net.minecraftforge.common.ForgeHooks.loadLootTable(ForgeHooks.java:872) ~[forge-1.20.1-47.4.10-universal.jar%23706!/:?]
	at net.minecraftforge.common.ForgeHooks.lambda$getLootTableDeserializer$3(ForgeHooks.java:849) ~[forge-1.20.1-47.4.10-universal.jar%23706!/:?]
	at net.minecraft.world.level.storage.loot.LootDataType.deserialize(LootDataType.java:45) ~[server-1.20.1-20230612.114412-srg.jar%23701!/:?]
	at net.minecraft.world.level.storage.loot.LootDataManager.lambda$scheduleElementParse$4(LootDataManager.java:56) ~[server-1.20.1-20230612.114412-srg.jar%23701!/:?]
	at java.util.HashMap.forEach(HashMap.java:1421) ~[?:?]
	at net.minecraft.world.level.storage.loot.LootDataManager.m_278660_(LootDataManager.java:55) ~[server-1.20.1-20230612.114412-srg.jar%23701!/:?]
	at java.util.concurrent.CompletableFuture$AsyncRun.run(CompletableFuture.java:1804) ~[?:?]
	at java.util.concurrent.CompletableFuture$AsyncRun.exec(CompletableFuture.java:1796) ~[?:?]
	at java.util.concurrent.ForkJoinTask.doExec(ForkJoinTask.java:373) ~[?:?]
	at java.util.concurrent.ForkJoinPool$WorkQueue.topLevelExec(ForkJoinPool.java:1182) ~[?:?]
	at java.util.concurrent.ForkJoinPool.scan(ForkJoinPool.java:1655) ~[?:?]
	at java.util.concurrent.ForkJoinPool.runWorker(ForkJoinPool.java:1622) ~[?:?]
	at java.util.concurrent.ForkJoinWorkerThread.run(ForkJoinWorkerThread.java:165) ~[?:?]
[06Aug2026 20:27:27.710] [Worker-Main-1/ERROR] [net.minecraftforge.common.ForgeHooks/]: Couldn't parse element loot_tables:hauntedharvest:blocks/soul_jack_o_lantern
com.google.gson.JsonSyntaxException: Expected name to be an item, was unknown string 'hauntedharvest:soul_jack_o_lantern'
	at net.minecraft.util.GsonHelper.m_13866_(GsonHelper.java:145) ~[server-1.20.1-20230612.114412-srg.jar%23701!/:?]
	at java.util.Optional.orElseThrow(Optional.java:403) ~[?:?]
	at net.minecraft.util.GsonHelper.m_13874_(GsonHelper.java:145) ~[server-1.20.1-20230612.114412-srg.jar%23701!/:?]
	at net.minecraft.util.GsonHelper.m_13909_(GsonHelper.java:153) ~[server-1.20.1-20230612.114412-srg.jar%23701!/:?]
	at net.minecraft.world.level.storage.loot.entries.LootItem$Serializer.m_7267_(LootItem.java:55) ~[server-1.20.1-20230612.114412-srg.jar%23701!/:?]
	at net.minecraft.world.level.storage.loot.entries.LootItem$Serializer.m_7267_(LootItem.java:40) ~[server-1.20.1-20230612.114412-srg.jar%23701!/:?]
	at net.minecraft.world.level.storage.loot.entries.LootPoolSingletonContainer$Serializer.m_5921_(LootPoolSingletonContainer.java:151) ~[server-1.20.1-20230612.114412-srg.jar%23701!/:?]
	at net.minecraft.world.level.storage.loot.entries.LootPoolSingletonContainer$Serializer.m_5921_(LootPoolSingletonContainer.java:129) ~[server-1.20.1-20230612.114412-srg.jar%23701!/:?]
	at net.minecraft.world.level.storage.loot.entries.LootPoolEntryContainer$Serializer.m_7561_(LootPoolEntryContainer.java:86) ~[server-1.20.1-20230612.114412-srg.jar%23701!/:?]
	at net.minecraft.world.level.storage.loot.entries.LootPoolEntryContainer$Serializer.m_7561_(LootPoolEntryContainer.java:74) ~[server-1.20.1-20230612.114412-srg.jar%23701!/:?]
	at net.minecraft.world.level.storage.loot.GsonAdapterFactory$JsonAdapter.deserialize(GsonAdapterFactory.java:102) ~[server-1.20.1-20230612.114412-srg.jar%23701!/:?]
	at com.google.gson.internal.bind.TreeTypeAdapter.read(TreeTypeAdapter.java:76) ~[gson-2.10.jar%2372!/:?]
	at com.google.gson.internal.bind.TypeAdapterRuntimeTypeWrapper.read(TypeAdapterRuntimeTypeWrapper.java:40) ~[gson-2.10.jar%2372!/:?]
	at com.google.gson.internal.bind.ArrayTypeAdapter.read(ArrayTypeAdapter.java:72) ~[gson-2.10.jar%2372!/:?]
	at com.google.gson.Gson.fromJson(Gson.java:1214) ~[gson-2.10.jar%2372!/:?]
	at com.google.gson.Gson.fromJson(Gson.java:1319) ~[gson-2.10.jar%2372!/:?]
	at com.google.gson.Gson.fromJson(Gson.java:1290) ~[gson-2.10.jar%2372!/:?]
	at com.google.gson.internal.bind.TreeTypeAdapter$GsonContextImpl.deserialize(TreeTypeAdapter.java:179) ~[gson-2.10.jar%2372!/:?]
	at net.minecraft.util.GsonHelper.m_13808_(GsonHelper.java:463) ~[server-1.20.1-20230612.114412-srg.jar%23701!/:?]
	at net.minecraft.util.GsonHelper.m_13836_(GsonHelper.java:471) ~[server-1.20.1-20230612.114412-srg.jar%23701!/:?]
	at net.minecraft.world.level.storage.loot.LootPool$Serializer.deserialize(LootPool.java:192) ~[server-1.20.1-20230612.114412-srg.jar%23701!/:?]
	at net.minecraft.world.level.storage.loot.LootPool$Serializer.deserialize(LootPool.java:189) ~[server-1.20.1-20230612.114412-srg.jar%23701!/:?]
	at com.google.gson.internal.bind.TreeTypeAdapter.read(TreeTypeAdapter.java:76) ~[gson-2.10.jar%2372!/:?]
	at com.google.gson.internal.bind.TypeAdapterRuntimeTypeWrapper.read(TypeAdapterRuntimeTypeWrapper.java:40) ~[gson-2.10.jar%2372!/:?]
	at com.google.gson.internal.bind.ArrayTypeAdapter.read(ArrayTypeAdapter.java:72) ~[gson-2.10.jar%2372!/:?]
	at com.google.gson.Gson.fromJson(Gson.java:1214) ~[gson-2.10.jar%2372!/:?]
	at com.google.gson.Gson.fromJson(Gson.java:1319) ~[gson-2.10.jar%2372!/:?]
	at com.google.gson.Gson.fromJson(Gson.java:1290) ~[gson-2.10.jar%2372!/:?]
	at com.google.gson.internal.bind.TreeTypeAdapter$GsonContextImpl.deserialize(TreeTypeAdapter.java:179) ~[gson-2.10.jar%2372!/:?]
	at net.minecraft.util.GsonHelper.m_13808_(GsonHelper.java:463) ~[server-1.20.1-20230612.114412-srg.jar%23701!/:?]
	at net.minecraft.util.GsonHelper.m_13845_(GsonHelper.java:481) ~[server-1.20.1-20230612.114412-srg.jar%23701!/:?]
	at net.minecraft.world.level.storage.loot.LootTable$Serializer.deserialize(LootTable.java:294) ~[server-1.20.1-20230612.114412-srg.jar%23701!/:?]
	at net.minecraft.world.level.storage.loot.LootTable$Serializer.deserialize(LootTable.java:291) ~[server-1.20.1-20230612.114412-srg.jar%23701!/:?]
	at com.google.gson.internal.bind.TreeTypeAdapter.read(TreeTypeAdapter.java:76) ~[gson-2.10.jar%2372!/:?]
	at com.google.gson.Gson.fromJson(Gson.java:1214) ~[gson-2.10.jar%2372!/:?]
	at com.google.gson.Gson.fromJson(Gson.java:1319) ~[gson-2.10.jar%2372!/:?]
	at com.google.gson.Gson.fromJson(Gson.java:1261) ~[gson-2.10.jar%2372!/:?]
	at net.minecraftforge.common.ForgeHooks.loadLootTable(ForgeHooks.java:872) ~[forge-1.20.1-47.4.10-universal.jar%23706!/:?]
	at net.minecraftforge.common.ForgeHooks.lambda$getLootTableDeserializer$3(ForgeHooks.java:849) ~[forge-1.20.1-47.4.10-universal.jar%23706!/:?]
	at net.minecraft.world.level.storage.loot.LootDataType.deserialize(LootDataType.java:45) ~[server-1.20.1-20230612.114412-srg.jar%23701!/:?]
	at net.minecraft.world.level.storage.loot.LootDataManager.lambda$scheduleElementParse$4(LootDataManager.java:56) ~[server-1.20.1-20230612.114412-srg.jar%23701!/:?]
	at java.util.HashMap.forEach(HashMap.java:1421) ~[?:?]
	at net.minecraft.world.level.storage.loot.LootDataManager.m_278660_(LootDataManager.java:55) ~[server-1.20.1-20230612.114412-srg.jar%23701!/:?]
	at java.util.concurrent.CompletableFuture$AsyncRun.run(CompletableFuture.java:1804) ~[?:?]
	at java.util.concurrent.CompletableFuture$AsyncRun.exec(CompletableFuture.java:1796) ~[?:?]
	at java.util.concurrent.ForkJoinTask.doExec(ForkJoinTask.java:373) ~[?:?]
	at java.util.concurrent.ForkJoinPool$WorkQueue.topLevelExec(ForkJoinPool.java:1182) ~[?:?]
	at java.util.concurrent.ForkJoinPool.scan(ForkJoinPool.java:1655) ~[?:?]
	at java.util.concurrent.ForkJoinPool.runWorker(ForkJoinPool.java:1622) ~[?:?]
	at java.util.concurrent.ForkJoinWorkerThread.run(ForkJoinWorkerThread.java:165) ~[?:?]
[06Aug2026 20:27:28.043] [Worker-Main-1/ERROR] [net.minecraftforge.common.ForgeHooks/]: Couldn't parse element loot_tables:aether_villages:chests/olympic_citadel/olympic_citadel_supply
com.google.gson.JsonSyntaxException: Unknown type 'minecraft:set_components'
	at net.minecraft.world.level.storage.loot.GsonAdapterFactory$JsonAdapter.deserialize(GsonAdapterFactory.java:99) ~[server-1.20.1-20230612.114412-srg.jar%23701!/:?]
	at com.google.gson.internal.bind.TreeTypeAdapter.read(TreeTypeAdapter.java:76) ~[gson-2.10.jar%2372!/:?]
	at com.google.gson.internal.bind.TypeAdapterRuntimeTypeWrapper.read(TypeAdapterRuntimeTypeWrapper.java:40) ~[gson-2.10.jar%2372!/:?]
	at com.google.gson.internal.bind.ArrayTypeAdapter.read(ArrayTypeAdapter.java:72) ~[gson-2.10.jar%2372!/:?]
	at com.google.gson.Gson.fromJson(Gson.java:1214) ~[gson-2.10.jar%2372!/:?]
	at com.google.gson.Gson.fromJson(Gson.java:1319) ~[gson-2.10.jar%2372!/:?]
	at com.google.gson.Gson.fromJson(Gson.java:1290) ~[gson-2.10.jar%2372!/:?]
	at com.google.gson.internal.bind.TreeTypeAdapter$GsonContextImpl.deserialize(TreeTypeAdapter.java:179) ~[gson-2.10.jar%2372!/:?]
	at net.minecraft.util.GsonHelper.m_13808_(GsonHelper.java:463) ~[server-1.20.1-20230612.114412-srg.jar%23701!/:?]
	at net.minecraft.util.GsonHelper.m_13845_(GsonHelper.java:481) ~[server-1.20.1-20230612.114412-srg.jar%23701!/:?]
	at net.minecraft.world.level.storage.loot.entries.LootPoolSingletonContainer$Serializer.m_5921_(LootPoolSingletonContainer.java:149) ~[server-1.20.1-20230612.114412-srg.jar%23701!/:?]
	at net.minecraft.world.level.storage.loot.entries.LootPoolSingletonContainer$Serializer.m_5921_(LootPoolSingletonContainer.java:129) ~[server-1.20.1-20230612.114412-srg.jar%23701!/:?]
	at net.minecraft.world.level.storage.loot.entries.LootPoolEntryContainer$Serializer.m_7561_(LootPoolEntryContainer.java:86) ~[server-1.20.1-20230612.114412-srg.jar%23701!/:?]
	at net.minecraft.world.level.storage.loot.entries.LootPoolEntryContainer$Serializer.m_7561_(LootPoolEntryContainer.java:74) ~[server-1.20.1-20230612.114412-srg.jar%23701!/:?]
	at net.minecraft.world.level.storage.loot.GsonAdapterFactory$JsonAdapter.deserialize(GsonAdapterFactory.java:102) ~[server-1.20.1-20230612.114412-srg.jar%23701!/:?]
	at com.google.gson.internal.bind.TreeTypeAdapter.read(TreeTypeAdapter.java:76) ~[gson-2.10.jar%2372!/:?]
	at com.google.gson.internal.bind.TypeAdapterRuntimeTypeWrapper.read(TypeAdapterRuntimeTypeWrapper.java:40) ~[gson-2.10.jar%2372!/:?]
	at com.google.gson.internal.bind.ArrayTypeAdapter.read(ArrayTypeAdapter.java:72) ~[gson-2.10.jar%2372!/:?]
	at com.google.gson.Gson.fromJson(Gson.java:1214) ~[gson-2.10.jar%2372!/:?]
	at com.google.gson.Gson.fromJson(Gson.java:1319) ~[gson-2.10.jar%2372!/:?]
	at com.google.gson.Gson.fromJson(Gson.java:1290) ~[gson-2.10.jar%2372!/:?]
	at com.google.gson.internal.bind.TreeTypeAdapter$GsonContextImpl.deserialize(TreeTypeAdapter.java:179) ~[gson-2.10.jar%2372!/:?]
	at net.minecraft.util.GsonHelper.m_13808_(GsonHelper.java:463) ~[server-1.20.1-20230612.114412-srg.jar%23701!/:?]
	at net.minecraft.util.GsonHelper.m_13836_(GsonHelper.java:471) ~[server-1.20.1-20230612.114412-srg.jar%23701!/:?]
	at net.minecraft.world.level.storage.loot.LootPool$Serializer.deserialize(LootPool.java:192) ~[server-1.20.1-20230612.114412-srg.jar%23701!/:?]
	at net.minecraft.world.level.storage.loot.LootPool$Serializer.deserialize(LootPool.java:189) ~[server-1.20.1-20230612.114412-srg.jar%23701!/:?]
	at com.google.gson.internal.bind.TreeTypeAdapter.read(TreeTypeAdapter.java:76) ~[gson-2.10.jar%2372!/:?]
	at com.google.gson.internal.bind.TypeAdapterRuntimeTypeWrapper.read(TypeAdapterRuntimeTypeWrapper.java:40) ~[gson-2.10.jar%2372!/:?]
	at com.google.gson.internal.bind.ArrayTypeAdapter.read(ArrayTypeAdapter.java:72) ~[gson-2.10.jar%2372!/:?]
	at com.google.gson.Gson.fromJson(Gson.java:1214) ~[gson-2.10.jar%2372!/:?]
	at com.google.gson.Gson.fromJson(Gson.java:1319) ~[gson-2.10.jar%2372!/:?]
	at com.google.gson.Gson.fromJson(Gson.java:1290) ~[gson-2.10.jar%2372!/:?]
	at com.google.gson.internal.bind.TreeTypeAdapter$GsonContextImpl.deserialize(TreeTypeAdapter.java:179) ~[gson-2.10.jar%2372!/:?]
	at net.minecraft.util.GsonHelper.m_13808_(GsonHelper.java:463) ~[server-1.20.1-20230612.114412-srg.jar%23701!/:?]
	at net.minecraft.util.GsonHelper.m_13845_(GsonHelper.java:481) ~[server-1.20.1-20230612.114412-srg.jar%23701!/:?]
	at net.minecraft.world.level.storage.loot.LootTable$Serializer.deserialize(LootTable.java:294) ~[server-1.20.1-20230612.114412-srg.jar%23701!/:?]
	at net.minecraft.world.level.storage.loot.LootTable$Serializer.deserialize(LootTable.java:291) ~[server-1.20.1-20230612.114412-srg.jar%23701!/:?]
	at com.google.gson.internal.bind.TreeTypeAdapter.read(TreeTypeAdapter.java:76) ~[gson-2.10.jar%2372!/:?]
	at com.google.gson.Gson.fromJson(Gson.java:1214) ~[gson-2.10.jar%2372!/:?]
	at com.google.gson.Gson.fromJson(Gson.java:1319) ~[gson-2.10.jar%2372!/:?]
	at com.google.gson.Gson.fromJson(Gson.java:1261) ~[gson-2.10.jar%2372!/:?]
	at net.minecraftforge.common.ForgeHooks.loadLootTable(ForgeHooks.java:872) ~[forge-1.20.1-47.4.10-universal.jar%23706!/:?]
	at net.minecraftforge.common.ForgeHooks.lambda$getLootTableDeserializer$3(ForgeHooks.java:849) ~[forge-1.20.1-47.4.10-universal.jar%23706!/:?]
	at net.minecraft.world.level.storage.loot.LootDataType.deserialize(LootDataType.java:45) ~[server-1.20.1-20230612.114412-srg.jar%23701!/:?]
	at net.minecraft.world.level.storage.loot.LootDataManager.lambda$scheduleElementParse$4(LootDataManager.java:56) ~[server-1.20.1-20230612.114412-srg.jar%23701!/:?]
	at java.util.HashMap.forEach(HashMap.java:1421) ~[?:?]
	at net.minecraft.world.level.storage.loot.LootDataManager.m_278660_(LootDataManager.java:55) ~[server-1.20.1-20230612.114412-srg.jar%23701!/:?]
	at java.util.concurrent.CompletableFuture$AsyncRun.run(CompletableFuture.java:1804) ~[?:?]
	at java.util.concurrent.CompletableFuture$AsyncRun.exec(CompletableFuture.java:1796) ~[?:?]
	at java.util.concurrent.ForkJoinTask.doExec(ForkJoinTask.java:373) ~[?:?]
	at java.util.concurrent.ForkJoinPool$WorkQueue.topLevelExec(ForkJoinPool.java:1182) ~[?:?]
	at java.util.concurrent.ForkJoinPool.scan(ForkJoinPool.java:1655) ~[?:?]
	at java.util.concurrent.ForkJoinPool.runWorker(ForkJoinPool.java:1622) ~[?:?]
	at java.util.concurrent.ForkJoinWorkerThread.run(ForkJoinWorkerThread.java:165) ~[?:?]
[06Aug2026 20:27:28.128] [Worker-Main-1/ERROR] [net.minecraftforge.common.ForgeHooks/]: Couldn't parse element loot_tables:nfm:blocks/beige_modern_chair
com.google.gson.JsonSyntaxException: Expected name to be an item, was unknown string 'nfm:beige_modern_chair'
	at net.minecraft.util.GsonHelper.m_13866_(GsonHelper.java:145) ~[server-1.20.1-20230612.114412-srg.jar%23701!/:?]
	at java.util.Optional.orElseThrow(Optional.java:403) ~[?:?]
	at net.minecraft.util.GsonHelper.m_13874_(GsonHelper.java:145) ~[server-1.20.1-20230612.114412-srg.jar%23701!/:?]
	at net.minecraft.util.GsonHelper.m_13909_(GsonHelper.java:153) ~[server-1.20.1-20230612.114412-srg.jar%23701!/:?]
	at net.minecraft.world.level.storage.loot.entries.LootItem$Serializer.m_7267_(LootItem.java:55) ~[server-1.20.1-20230612.114412-srg.jar%23701!/:?]
	at net.minecraft.world.level.storage.loot.entries.LootItem$Serializer.m_7267_(LootItem.java:40) ~[server-1.20.1-20230612.114412-srg.jar%23701!/:?]
	at net.minecraft.world.level.storage.loot.entries.LootPoolSingletonContainer$Serializer.m_5921_(LootPoolSingletonContainer.java:151) ~[server-1.20.1-20230612.114412-srg.jar%23701!/:?]
	at net.minecraft.world.level.storage.loot.entries.LootPoolSingletonContainer$Serializer.m_5921_(LootPoolSingletonContainer.java:129) ~[server-1.20.1-20230612.114412-srg.jar%23701!/:?]
	at net.minecraft.world.level.storage.loot.entries.LootPoolEntryContainer$Serializer.m_7561_(LootPoolEntryContainer.java:86) ~[server-1.20.1-20230612.114412-srg.jar%23701!/:?]
	at net.minecraft.world.level.storage.loot.entries.LootPoolEntryContainer$Serializer.m_7561_(LootPoolEntryContainer.java:74) ~[server-1.20.1-20230612.114412-srg.jar%23701!/:?]
	at net.minecraft.world.level.storage.loot.GsonAdapterFactory$JsonAdapter.deserialize(GsonAdapterFactory.java:102) ~[server-1.20.1-20230612.114412-srg.jar%23701!/:?]
	at com.google.gson.internal.bind.TreeTypeAdapter.read(TreeTypeAdapter.java:76) ~[gson-2.10.jar%2372!/:?]
	at com.google.gson.internal.bind.TypeAdapterRuntimeTypeWrapper.read(TypeAdapterRuntimeTypeWrapper.java:40) ~[gson-2.10.jar%2372!/:?]
	at com.google.gson.internal.bind.ArrayTypeAdapter.read(ArrayTypeAdapter.java:72) ~[gson-2.10.jar%2372!/:?]
	at com.google.gson.Gson.fromJson(Gson.java:1214) ~[gson-2.10.jar%2372!/:?]
	at com.google.gson.Gson.fromJson(Gson.java:1319) ~[gson-2.10.jar%2372!/:?]
	at com.google.gson.Gson.fromJson(Gson.java:1290) ~[gson-2.10.jar%2372!/:?]
	at com.google.gson.internal.bind.TreeTypeAdapter$GsonContextImpl.deserialize(TreeTypeAdapter.java:179) ~[gson-2.10.jar%2372!/:?]
	at net.minecraft.util.GsonHelper.m_13808_(GsonHelper.java:463) ~[server-1.20.1-20230612.114412-srg.jar%23701!/:?]
	at net.minecraft.util.GsonHelper.m_13836_(GsonHelper.java:471) ~[server-1.20.1-20230612.114412-srg.jar%23701!/:?]
	at net.minecraft.world.level.storage.loot.LootPool$Serializer.deserialize(LootPool.java:192) ~[server-1.20.1-20230612.114412-srg.jar%23701!/:?]
	at net.minecraft.world.level.storage.loot.LootPool$Serializer.deserialize(LootPool.java:189) ~[server-1.20.1-20230612.114412-srg.jar%23701!/:?]
	at com.google.gson.internal.bind.TreeTypeAdapter.read(TreeTypeAdapter.java:76) ~[gson-2.10.jar%2372!/:?]
	at com.google.gson.internal.bind.TypeAdapterRuntimeTypeWrapper.read(TypeAdapterRuntimeTypeWrapper.java:40) ~[gson-2.10.jar%2372!/:?]
	at com.google.gson.internal.bind.ArrayTypeAdapter.read(ArrayTypeAdapter.java:72) ~[gson-2.10.jar%2372!/:?]
	at com.google.gson.Gson.fromJson(Gson.java:1214) ~[gson-2.10.jar%2372!/:?]
	at com.google.gson.Gson.fromJson(Gson.java:1319) ~[gson-2.10.jar%2372!/:?]
	at com.google.gson.Gson.fromJson(Gson.java:1290) ~[gson-2.10.jar%2372!/:?]
	at com.google.gson.internal.bind.TreeTypeAdapter$GsonContextImpl.deserialize(TreeTypeAdapter.java:179) ~[gson-2.10.jar%2372!/:?]
	at net.minecraft.util.GsonHelper.m_13808_(GsonHelper.java:463) ~[server-1.20.1-20230612.114412-srg.jar%23701!/:?]
	at net.minecraft.util.GsonHelper.m_13845_(GsonHelper.java:481) ~[server-1.20.1-20230612.114412-srg.jar%23701!/:?]
	at net.minecraft.world.level.storage.loot.LootTable$Serializer.deserialize(LootTable.java:294) ~[server-1.20.1-20230612.114412-srg.jar%23701!/:?]
	at net.minecraft.world.level.storage.loot.LootTable$Serializer.deserialize(LootTable.java:291) ~[server-1.20.1-20230612.114412-srg.jar%23701!/:?]
	at com.google.gson.internal.bind.TreeTypeAdapter.read(TreeTypeAdapter.java:76) ~[gson-2.10.jar%2372!/:?]
	at com.google.gson.Gson.fromJson(Gson.java:1214) ~[gson-2.10.jar%2372!/:?]
	at com.google.gson.Gson.fromJson(Gson.java:1319) ~[gson-2.10.jar%2372!/:?]
	at com.google.gson.Gson.fromJson(Gson.java:1261) ~[gson-2.10.jar%2372!/:?]
	at net.minecraftforge.common.ForgeHooks.loadLootTable(ForgeHooks.java:872) ~[forge-1.20.1-47.4.10-universal.jar%23706!/:?]
	at net.minecraftforge.common.ForgeHooks.lambda$getLootTableDeserializer$3(ForgeHooks.java:849) ~[forge-1.20.1-47.4.10-universal.jar%23706!/:?]
	at net.minecraft.world.level.storage.loot.LootDataType.deserialize(LootDataType.java:45) ~[server-1.20.1-20230612.114412-srg.jar%23701!/:?]
	at net.minecraft.world.level.storage.loot.LootDataManager.lambda$scheduleElementParse$4(LootDataManager.java:56) ~[server-1.20.1-20230612.114412-srg.jar%23701!/:?]
	at java.util.HashMap.forEach(HashMap.java:1421) ~[?:?]
	at net.minecraft.world.level.storage.loot.LootDataManager.m_278660_(LootDataManager.java:55) ~[server-1.20.1-20230612.114412-srg.jar%23701!/:?]
	at java.util.concurrent.CompletableFuture$AsyncRun.run(CompletableFuture.java:1804) ~[?:?]
	at java.util.concurrent.CompletableFuture$AsyncRun.exec(CompletableFuture.java:1796) ~[?:?]
	at java.util.concurrent.ForkJoinTask.doExec(ForkJoinTask.java:373) ~[?:?]
	at java.util.concurrent.ForkJoinPool$WorkQueue.topLevelExec(ForkJoinPool.java:1182) ~[?:?]
	at java.util.concurrent.ForkJoinPool.scan(ForkJoinPool.java:1655) ~[?:?]
	at java.util.concurrent.ForkJoinPool.runWorker(ForkJoinPool.java:1622) ~[?:?]
	at java.util.concurrent.ForkJoinWorkerThread.run(ForkJoinWorkerThread.java:165) ~[?:?]
[06Aug2026 20:27:28.139] [Worker-Main-1/WARN] [org.berezka.berezka_api.resources.BuiltInResourcePack/]: [Berezka API] called getResource with namespace berezka_api but file (fabric.json) doesn't exist. (most of the time you can ignore this
[06Aug2026 20:27:28.146] [Worker-Main-1/ERROR] [net.minecraftforge.common.ForgeHooks/]: Couldn't parse element loot_tables:nfm:blocks/beige_modern_coffee_table
com.google.gson.JsonSyntaxException: Expected name to be an item, was unknown string 'nfm:beige_modern_coffee_table'
	at net.minecraft.util.GsonHelper.m_13866_(GsonHelper.java:145) ~[server-1.20.1-20230612.114412-srg.jar%23701!/:?]
	at java.util.Optional.orElseThrow(Optional.java:403) ~[?:?]
	at net.minecraft.util.GsonHelper.m_13874_(GsonHelper.java:145) ~[server-1.20.1-20230612.114412-srg.jar%23701!/:?]
	at net.minecraft.util.GsonHelper.m_13909_(GsonHelper.java:153) ~[server-1.20.1-20230612.114412-srg.jar%23701!/:?]
	at net.minecraft.world.level.storage.loot.entries.LootItem$Serializer.m_7267_(LootItem.java:55) ~[server-1.20.1-20230612.114412-srg.jar%23701!/:?]
	at net.minecraft.world.level.storage.loot.entries.LootItem$Serializer.m_7267_(LootItem.java:40) ~[server-1.20.1-20230612.114412-srg.jar%23701!/:?]
	at net.minecraft.world.level.storage.loot.entries.LootPoolSingletonContainer$Serializer.m_5921_(LootPoolSingletonContainer.java:151) ~[server-1.20.1-20230612.114412-srg.jar%23701!/:?]
	at net.minecraft.world.level.storage.loot.entries.LootPoolSingletonContainer$Serializer.m_5921_(LootPoolSingletonContainer.java:129) ~[server-1.20.1-20230612.114412-srg.jar%23701!/:?]
	at net.minecraft.world.level.storage.loot.entries.LootPoolEntryContainer$Serializer.m_7561_(LootPoolEntryContainer.java:86) ~[server-1.20.1-20230612.114412-srg.jar%23701!/:?]
	at net.minecraft.world.level.storage.loot.entries.LootPoolEntryContainer$Serializer.m_7561_(LootPoolEntryContainer.java:74) ~[server-1.20.1-20230612.114412-srg.jar%23701!/:?]
	at net.minecraft.world.level.storage.loot.GsonAdapterFactory$JsonAdapter.deserialize(GsonAdapterFactory.java:102) ~[server-1.20.1-20230612.114412-srg.jar%23701!/:?]
	at com.google.gson.internal.bind.TreeTypeAdapter.read(TreeTypeAdapter.java:76) ~[gson-2.10.jar%2372!/:?]
	at com.google.gson.internal.bind.TypeAdapterRuntimeTypeWrapper.read(TypeAdapterRuntimeTypeWrapper.java:40) ~[gson-2.10.jar%2372!/:?]
	at com.google.gson.internal.bind.ArrayTypeAdapter.read(ArrayTypeAdapter.java:72) ~[gson-2.10.jar%2372!/:?]
	at com.google.gson.Gson.fromJson(Gson.java:1214) ~[gson-2.10.jar%2372!/:?]
	at com.google.gson.Gson.fromJson(Gson.java:1319) ~[gson-2.10.jar%2372!/:?]
	at com.google.gson.Gson.fromJson(Gson.java:1290) ~[gson-2.10.jar%2372!/:?]
	at com.google.gson.internal.bind.TreeTypeAdapter$GsonContextImpl.deserialize(TreeTypeAdapter.java:179) ~[gson-2.10.jar%2372!/:?]
	at net.minecraft.util.GsonHelper.m_13808_(GsonHelper.java:463) ~[server-1.20.1-20230612.114412-srg.jar%23701!/:?]
	at net.minecraft.util.GsonHelper.m_13836_(GsonHelper.java:471) ~[server-1.20.1-20230612.114412-srg.jar%23701!/:?]
	at net.minecraft.world.level.storage.loot.LootPool$Serializer.deserialize(LootPool.java:192) ~[server-1.20.1-20230612.114412-srg.jar%23701!/:?]
	at net.minecraft.world.level.storage.loot.LootPool$Serializer.deserialize(LootPool.java:189) ~[server-1.20.1-20230612.114412-srg.jar%23701!/:?]
	at com.google.gson.internal.bind.TreeTypeAdapter.read(TreeTypeAdapter.java:76) ~[gson-2.10.jar%2372!/:?]
	at com.google.gson.internal.bind.TypeAdapterRuntimeTypeWrapper.read(TypeAdapterRuntimeTypeWrapper.java:40) ~[gson-2.10.jar%2372!/:?]
	at com.google.gson.internal.bind.ArrayTypeAdapter.read(ArrayTypeAdapter.java:72) ~[gson-2.10.jar%2372!/:?]
	at com.google.gson.Gson.fromJson(Gson.java:1214) ~[gson-2.10.jar%2372!/:?]
	at com.google.gson.Gson.fromJson(Gson.java:1319) ~[gson-2.10.jar%2372!/:?]
	at com.google.gson.Gson.fromJson(Gson.java:1290) ~[gson-2.10.jar%2372!/:?]
	at com.google.gson.internal.bind.TreeTypeAdapter$GsonContextImpl.deserialize(TreeTypeAdapter.java:179) ~[gson-2.10.jar%2372!/:?]
	at net.minecraft.util.GsonHelper.m_13808_(GsonHelper.java:463) ~[server-1.20.1-20230612.114412-srg.jar%23701!/:?]
	at net.minecraft.util.GsonHelper.m_13845_(GsonHelper.java:481) ~[server-1.20.1-20230612.114412-srg.jar%23701!/:?]
	at net.minecraft.world.level.storage.loot.LootTable$Serializer.deserialize(LootTable.java:294) ~[server-1.20.1-20230612.114412-srg.jar%23701!/:?]
	at net.minecraft.world.level.storage.loot.LootTable$Serializer.deserialize(LootTable.java:291) ~[server-1.20.1-20230612.114412-srg.jar%23701!/:?]
	at com.google.gson.internal.bind.TreeTypeAdapter.read(TreeTypeAdapter.java:76) ~[gson-2.10.jar%2372!/:?]
	at com.google.gson.Gson.fromJson(Gson.java:1214) ~[gson-2.10.jar%2372!/:?]
	at com.google.gson.Gson.fromJson(Gson.java:1319) ~[gson-2.10.jar%2372!/:?]
	at com.google.gson.Gson.fromJson(Gson.java:1261) ~[gson-2.10.jar%2372!/:?]
	at net.minecraftforge.common.ForgeHooks.loadLootTable(ForgeHooks.java:872) ~[forge-1.20.1-47.4.10-universal.jar%23706!/:?]
	at net.minecraftforge.common.ForgeHooks.lambda$getLootTableDeserializer$3(ForgeHooks.java:849) ~[forge-1.20.1-47.4.10-universal.jar%23706!/:?]
	at net.minecraft.world.level.storage.loot.LootDataType.deserialize(LootDataType.java:45) ~[server-1.20.1-20230612.114412-srg.jar%23701!/:?]
	at net.minecraft.world.level.storage.loot.LootDataManager.lambda$scheduleElementParse$4(LootDataManager.java:56) ~[server-1.20.1-20230612.114412-srg.jar%23701!/:?]
	at java.util.HashMap.forEach(HashMap.java:1421) ~[?:?]
	at net.minecraft.world.level.storage.loot.LootDataManager.m_278660_(LootDataManager.java:55) ~[server-1.20.1-20230612.114412-srg.jar%23701!/:?]
	at java.util.concurrent.CompletableFuture$AsyncRun.run(CompletableFuture.java:1804) ~[?:?]
	at java.util.concurrent.CompletableFuture$AsyncRun.exec(CompletableFuture.java:1796) ~[?:?]
	at java.util.concurrent.ForkJoinTask.doExec(ForkJoinTask.java:373) ~[?:?]
	at java.util.concurrent.ForkJoinPool$WorkQueue.topLevelExec(ForkJoinPool.java:1182) ~[?:?]
	at java.util.concurrent.ForkJoinPool.scan(ForkJoinPool.java:1655) ~[?:?]
	at java.util.concurrent.ForkJoinPool.runWorker(ForkJoinPool.java:1622) ~[?:?]
	at java.util.concurrent.ForkJoinWorkerThread.run(ForkJoinWorkerThread.java:165) ~[?:?]
[06Aug2026 20:27:28.220] [Worker-Main-1/ERROR] [net.minecraftforge.common.ForgeHooks/]: Couldn't parse element loot_tables:outer_end:blocks/azure_ladder
com.google.gson.JsonSyntaxException: Expected name to be an item, was unknown string 'outer_end:azure_ladder'
	at net.minecraft.util.GsonHelper.m_13866_(GsonHelper.java:145) ~[server-1.20.1-20230612.114412-srg.jar%23701!/:?]
	at java.util.Optional.orElseThrow(Optional.java:403) ~[?:?]
	at net.minecraft.util.GsonHelper.m_13874_(GsonHelper.java:145) ~[server-1.20.1-20230612.114412-srg.jar%23701!/:?]
	at net.minecraft.util.GsonHelper.m_13909_(GsonHelper.java:153) ~[server-1.20.1-20230612.114412-srg.jar%23701!/:?]
	at net.minecraft.world.level.storage.loot.entries.LootItem$Serializer.m_7267_(LootItem.java:55) ~[server-1.20.1-20230612.114412-srg.jar%23701!/:?]
	at net.minecraft.world.level.storage.loot.entries.LootItem$Serializer.m_7267_(LootItem.java:40) ~[server-1.20.1-20230612.114412-srg.jar%23701!/:?]
	at net.minecraft.world.level.storage.loot.entries.LootPoolSingletonContainer$Serializer.m_5921_(LootPoolSingletonContainer.java:151) ~[server-1.20.1-20230612.114412-srg.jar%23701!/:?]
	at net.minecraft.world.level.storage.loot.entries.LootPoolSingletonContainer$Serializer.m_5921_(LootPoolSingletonContainer.java:129) ~[server-1.20.1-20230612.114412-srg.jar%23701!/:?]
	at net.minecraft.world.level.storage.loot.entries.LootPoolEntryContainer$Serializer.m_7561_(LootPoolEntryContainer.java:86) ~[server-1.20.1-20230612.114412-srg.jar%23701!/:?]
	at net.minecraft.world.level.storage.loot.entries.LootPoolEntryContainer$Serializer.m_7561_(LootPoolEntryContainer.java:74) ~[server-1.20.1-20230612.114412-srg.jar%23701!/:?]
	at net.minecraft.world.level.storage.loot.GsonAdapterFactory$JsonAdapter.deserialize(GsonAdapterFactory.java:102) ~[server-1.20.1-20230612.114412-srg.jar%23701!/:?]
	at com.google.gson.internal.bind.TreeTypeAdapter.read(TreeTypeAdapter.java:76) ~[gson-2.10.jar%2372!/:?]
	at com.google.gson.internal.bind.TypeAdapterRuntimeTypeWrapper.read(TypeAdapterRuntimeTypeWrapper.java:40) ~[gson-2.10.jar%2372!/:?]
	at com.google.gson.internal.bind.ArrayTypeAdapter.read(ArrayTypeAdapter.java:72) ~[gson-2.10.jar%2372!/:?]
	at com.google.gson.Gson.fromJson(Gson.java:1214) ~[gson-2.10.jar%2372!/:?]
	at com.google.gson.Gson.fromJson(Gson.java:1319) ~[gson-2.10.jar%2372!/:?]
	at com.google.gson.Gson.fromJson(Gson.java:1290) ~[gson-2.10.jar%2372!/:?]
	at com.google.gson.internal.bind.TreeTypeAdapter$GsonContextImpl.deserialize(TreeTypeAdapter.java:179) ~[gson-2.10.jar%2372!/:?]
	at net.minecraft.util.GsonHelper.m_13808_(GsonHelper.java:463) ~[server-1.20.1-20230612.114412-srg.jar%23701!/:?]
	at net.minecraft.util.GsonHelper.m_13836_(GsonHelper.java:471) ~[server-1.20.1-20230612.114412-srg.jar%23701!/:?]
	at net.minecraft.world.level.storage.loot.LootPool$Serializer.deserialize(LootPool.java:192) ~[server-1.20.1-20230612.114412-srg.jar%23701!/:?]
	at net.minecraft.world.level.storage.loot.LootPool$Serializer.deserialize(LootPool.java:189) ~[server-1.20.1-20230612.114412-srg.jar%23701!/:?]
	at com.google.gson.internal.bind.TreeTypeAdapter.read(TreeTypeAdapter.java:76) ~[gson-2.10.jar%2372!/:?]
	at com.google.gson.internal.bind.TypeAdapterRuntimeTypeWrapper.read(TypeAdapterRuntimeTypeWrapper.java:40) ~[gson-2.10.jar%2372!/:?]
	at com.google.gson.internal.bind.ArrayTypeAdapter.read(ArrayTypeAdapter.java:72) ~[gson-2.10.jar%2372!/:?]
	at com.google.gson.Gson.fromJson(Gson.java:1214) ~[gson-2.10.jar%2372!/:?]
	at com.google.gson.Gson.fromJson(Gson.java:1319) ~[gson-2.10.jar%2372!/:?]
	at com.google.gson.Gson.fromJson(Gson.java:1290) ~[gson-2.10.jar%2372!/:?]
	at com.google.gson.internal.bind.TreeTypeAdapter$GsonContextImpl.deserialize(TreeTypeAdapter.java:179) ~[gson-2.10.jar%2372!/:?]
	at net.minecraft.util.GsonHelper.m_13808_(GsonHelper.java:463) ~[server-1.20.1-20230612.114412-srg.jar%23701!/:?]
	at net.minecraft.util.GsonHelper.m_13845_(GsonHelper.java:481) ~[server-1.20.1-20230612.114412-srg.jar%23701!/:?]
	at net.minecraft.world.level.storage.loot.LootTable$Serializer.deserialize(LootTable.java:294) ~[server-1.20.1-20230612.114412-srg.jar%23701!/:?]
	at net.minecraft.world.level.storage.loot.LootTable$Serializer.deserialize(LootTable.java:291) ~[server-1.20.1-20230612.114412-srg.jar%23701!/:?]
	at com.google.gson.internal.bind.TreeTypeAdapter.read(TreeTypeAdapter.java:76) ~[gson-2.10.jar%2372!/:?]
	at com.google.gson.Gson.fromJson(Gson.java:1214) ~[gson-2.10.jar%2372!/:?]
	at com.google.gson.Gson.fromJson(Gson.java:1319) ~[gson-2.10.jar%2372!/:?]
	at com.google.gson.Gson.fromJson(Gson.java:1261) ~[gson-2.10.jar%2372!/:?]
	at net.minecraftforge.common.ForgeHooks.loadLootTable(ForgeHooks.java:872) ~[forge-1.20.1-47.4.10-universal.jar%23706!/:?]
	at net.minecraftforge.common.ForgeHooks.lambda$getLootTableDeserializer$3(ForgeHooks.java:849) ~[forge-1.20.1-47.4.10-universal.jar%23706!/:?]
	at net.minecraft.world.level.storage.loot.LootDataType.deserialize(LootDataType.java:45) ~[server-1.20.1-20230612.114412-srg.jar%23701!/:?]
	at net.minecraft.world.level.storage.loot.LootDataManager.lambda$scheduleElementParse$4(LootDataManager.java:56) ~[server-1.20.1-20230612.114412-srg.jar%23701!/:?]
	at java.util.HashMap.forEach(HashMap.java:1421) ~[?:?]
	at net.minecraft.world.level.storage.loot.LootDataManager.m_278660_(LootDataManager.java:55) ~[server-1.20.1-20230612.114412-srg.jar%23701!/:?]
	at java.util.concurrent.CompletableFuture$AsyncRun.run(CompletableFuture.java:1804) ~[?:?]
	at java.util.concurrent.CompletableFuture$AsyncRun.exec(CompletableFuture.java:1796) ~[?:?]
	at java.util.concurrent.ForkJoinTask.doExec(ForkJoinTask.java:373) ~[?:?]
	at java.util.concurrent.ForkJoinPool$WorkQueue.topLevelExec(ForkJoinPool.java:1182) ~[?:?]
	at java.util.concurrent.ForkJoinPool.scan(ForkJoinPool.java:1655) ~[?:?]
	at java.util.concurrent.ForkJoinPool.runWorker(ForkJoinPool.java:1622) ~[?:?]
	at java.util.concurrent.ForkJoinWorkerThread.run(ForkJoinWorkerThread.java:165) ~[?:?]
[06Aug2026 20:27:28.672] [Worker-Main-1/ERROR] [net.minecraftforge.common.ForgeHooks/]: Couldn't parse element loot_tables:nue:blocks/plasphite_ore
com.google.gson.JsonSyntaxException: Expected name to be an item, was unknown string 'nue:deleted_mod_element'
	at net.minecraft.util.GsonHelper.m_13866_(GsonHelper.java:145) ~[server-1.20.1-20230612.114412-srg.jar%23701!/:?]
	at java.util.Optional.orElseThrow(Optional.java:403) ~[?:?]
	at net.minecraft.util.GsonHelper.m_13874_(GsonHelper.java:145) ~[server-1.20.1-20230612.114412-srg.jar%23701!/:?]
	at net.minecraft.util.GsonHelper.m_13909_(GsonHelper.java:153) ~[server-1.20.1-20230612.114412-srg.jar%23701!/:?]
	at net.minecraft.world.level.storage.loot.entries.LootItem$Serializer.m_7267_(LootItem.java:55) ~[server-1.20.1-20230612.114412-srg.jar%23701!/:?]
	at net.minecraft.world.level.storage.loot.entries.LootItem$Serializer.m_7267_(LootItem.java:40) ~[server-1.20.1-20230612.114412-srg.jar%23701!/:?]
	at net.minecraft.world.level.storage.loot.entries.LootPoolSingletonContainer$Serializer.m_5921_(LootPoolSingletonContainer.java:151) ~[server-1.20.1-20230612.114412-srg.jar%23701!/:?]
	at net.minecraft.world.level.storage.loot.entries.LootPoolSingletonContainer$Serializer.m_5921_(LootPoolSingletonContainer.java:129) ~[server-1.20.1-20230612.114412-srg.jar%23701!/:?]
	at net.minecraft.world.level.storage.loot.entries.LootPoolEntryContainer$Serializer.m_7561_(LootPoolEntryContainer.java:86) ~[server-1.20.1-20230612.114412-srg.jar%23701!/:?]
	at net.minecraft.world.level.storage.loot.entries.LootPoolEntryContainer$Serializer.m_7561_(LootPoolEntryContainer.java:74) ~[server-1.20.1-20230612.114412-srg.jar%23701!/:?]
	at net.minecraft.world.level.storage.loot.GsonAdapterFactory$JsonAdapter.deserialize(GsonAdapterFactory.java:102) ~[server-1.20.1-20230612.114412-srg.jar%23701!/:?]
	at com.google.gson.internal.bind.TreeTypeAdapter.read(TreeTypeAdapter.java:76) ~[gson-2.10.jar%2372!/:?]
	at com.google.gson.internal.bind.TypeAdapterRuntimeTypeWrapper.read(TypeAdapterRuntimeTypeWrapper.java:40) ~[gson-2.10.jar%2372!/:?]
	at com.google.gson.internal.bind.ArrayTypeAdapter.read(ArrayTypeAdapter.java:72) ~[gson-2.10.jar%2372!/:?]
	at com.google.gson.Gson.fromJson(Gson.java:1214) ~[gson-2.10.jar%2372!/:?]
	at com.google.gson.Gson.fromJson(Gson.java:1319) ~[gson-2.10.jar%2372!/:?]
	at com.google.gson.Gson.fromJson(Gson.java:1290) ~[gson-2.10.jar%2372!/:?]
	at com.google.gson.internal.bind.TreeTypeAdapter$GsonContextImpl.deserialize(TreeTypeAdapter.java:179) ~[gson-2.10.jar%2372!/:?]
	at net.minecraft.util.GsonHelper.m_13808_(GsonHelper.java:463) ~[server-1.20.1-20230612.114412-srg.jar%23701!/:?]
	at net.minecraft.util.GsonHelper.m_13836_(GsonHelper.java:471) ~[server-1.20.1-20230612.114412-srg.jar%23701!/:?]
	at net.minecraft.world.level.storage.loot.LootPool$Serializer.deserialize(LootPool.java:192) ~[server-1.20.1-20230612.114412-srg.jar%23701!/:?]
	at net.minecraft.world.level.storage.loot.LootPool$Serializer.deserialize(LootPool.java:189) ~[server-1.20.1-20230612.114412-srg.jar%23701!/:?]
	at com.google.gson.internal.bind.TreeTypeAdapter.read(TreeTypeAdapter.java:76) ~[gson-2.10.jar%2372!/:?]
	at com.google.gson.internal.bind.TypeAdapterRuntimeTypeWrapper.read(TypeAdapterRuntimeTypeWrapper.java:40) ~[gson-2.10.jar%2372!/:?]
	at com.google.gson.internal.bind.ArrayTypeAdapter.read(ArrayTypeAdapter.java:72) ~[gson-2.10.jar%2372!/:?]
	at com.google.gson.Gson.fromJson(Gson.java:1214) ~[gson-2.10.jar%2372!/:?]
	at com.google.gson.Gson.fromJson(Gson.java:1319) ~[gson-2.10.jar%2372!/:?]
	at com.google.gson.Gson.fromJson(Gson.java:1290) ~[gson-2.10.jar%2372!/:?]
	at com.google.gson.internal.bind.TreeTypeAdapter$GsonContextImpl.deserialize(TreeTypeAdapter.java:179) ~[gson-2.10.jar%2372!/:?]
	at net.minecraft.util.GsonHelper.m_13808_(GsonHelper.java:463) ~[server-1.20.1-20230612.114412-srg.jar%23701!/:?]
	at net.minecraft.util.GsonHelper.m_13845_(GsonHelper.java:481) ~[server-1.20.1-20230612.114412-srg.jar%23701!/:?]
	at net.minecraft.world.level.storage.loot.LootTable$Serializer.deserialize(LootTable.java:294) ~[server-1.20.1-20230612.114412-srg.jar%23701!/:?]
	at net.minecraft.world.level.storage.loot.LootTable$Serializer.deserialize(LootTable.java:291) ~[server-1.20.1-20230612.114412-srg.jar%23701!/:?]
	at com.google.gson.internal.bind.TreeTypeAdapter.read(TreeTypeAdapter.java:76) ~[gson-2.10.jar%2372!/:?]
	at com.google.gson.Gson.fromJson(Gson.java:1214) ~[gson-2.10.jar%2372!/:?]
	at com.google.gson.Gson.fromJson(Gson.java:1319) ~[gson-2.10.jar%2372!/:?]
	at com.google.gson.Gson.fromJson(Gson.java:1261) ~[gson-2.10.jar%2372!/:?]
	at net.minecraftforge.common.ForgeHooks.loadLootTable(ForgeHooks.java:872) ~[forge-1.20.1-47.4.10-universal.jar%23706!/:?]
	at net.minecraftforge.common.ForgeHooks.lambda$getLootTableDeserializer$3(ForgeHooks.java:849) ~[forge-1.20.1-47.4.10-universal.jar%23706!/:?]
	at net.minecraft.world.level.storage.loot.LootDataType.deserialize(LootDataType.java:45) ~[server-1.20.1-20230612.114412-srg.jar%23701!/:?]
	at net.minecraft.world.level.storage.loot.LootDataManager.lambda$scheduleElementParse$4(LootDataManager.java:56) ~[server-1.20.1-20230612.114412-srg.jar%23701!/:?]
	at java.util.HashMap.forEach(HashMap.java:1421) ~[?:?]
	at net.minecraft.world.level.storage.loot.LootDataManager.m_278660_(LootDataManager.java:55) ~[server-1.20.1-20230612.114412-srg.jar%23701!/:?]
	at java.util.concurrent.CompletableFuture$AsyncRun.run(CompletableFuture.java:1804) ~[?:?]
	at java.util.concurrent.CompletableFuture$AsyncRun.exec(CompletableFuture.java:1796) ~[?:?]
	at java.util.concurrent.ForkJoinTask.doExec(ForkJoinTask.java:373) ~[?:?]
	at java.util.concurrent.ForkJoinPool$WorkQueue.topLevelExec(ForkJoinPool.java:1182) ~[?:?]
	at java.util.concurrent.ForkJoinPool.scan(ForkJoinPool.java:1655) ~[?:?]
	at java.util.concurrent.ForkJoinPool.runWorker(ForkJoinPool.java:1622) ~[?:?]
	at java.util.concurrent.ForkJoinWorkerThread.run(ForkJoinWorkerThread.java:165) ~[?:?]
[06Aug2026 20:27:28.700] [Worker-Main-1/ERROR] [net.minecraftforge.common.ForgeHooks/]: Couldn't parse element loot_tables:nfm:blocks/beige_modern_kitchen_drawer
com.google.gson.JsonSyntaxException: Expected name to be an item, was unknown string 'nfm:beige_modern_kitchen_drawer'
	at net.minecraft.util.GsonHelper.m_13866_(GsonHelper.java:145) ~[server-1.20.1-20230612.114412-srg.jar%23701!/:?]
	at java.util.Optional.orElseThrow(Optional.java:403) ~[?:?]
	at net.minecraft.util.GsonHelper.m_13874_(GsonHelper.java:145) ~[server-1.20.1-20230612.114412-srg.jar%23701!/:?]
	at net.minecraft.util.GsonHelper.m_13909_(GsonHelper.java:153) ~[server-1.20.1-20230612.114412-srg.jar%23701!/:?]
	at net.minecraft.world.level.storage.loot.entries.LootItem$Serializer.m_7267_(LootItem.java:55) ~[server-1.20.1-20230612.114412-srg.jar%23701!/:?]
	at net.minecraft.world.level.storage.loot.entries.LootItem$Serializer.m_7267_(LootItem.java:40) ~[server-1.20.1-20230612.114412-srg.jar%23701!/:?]
	at net.minecraft.world.level.storage.loot.entries.LootPoolSingletonContainer$Serializer.m_5921_(LootPoolSingletonContainer.java:151) ~[server-1.20.1-20230612.114412-srg.jar%23701!/:?]
	at net.minecraft.world.level.storage.loot.entries.LootPoolSingletonContainer$Serializer.m_5921_(LootPoolSingletonContainer.java:129) ~[server-1.20.1-20230612.114412-srg.jar%23701!/:?]
	at net.minecraft.world.level.storage.loot.entries.LootPoolEntryContainer$Serializer.m_7561_(LootPoolEntryContainer.java:86) ~[server-1.20.1-20230612.114412-srg.jar%23701!/:?]
	at net.minecraft.world.level.storage.loot.entries.LootPoolEntryContainer$Serializer.m_7561_(LootPoolEntryContainer.java:74) ~[server-1.20.1-20230612.114412-srg.jar%23701!/:?]
	at net.minecraft.world.level.storage.loot.GsonAdapterFactory$JsonAdapter.deserialize(GsonAdapterFactory.java:102) ~[server-1.20.1-20230612.114412-srg.jar%23701!/:?]
	at com.google.gson.internal.bind.TreeTypeAdapter.read(TreeTypeAdapter.java:76) ~[gson-2.10.jar%2372!/:?]
	at com.google.gson.internal.bind.TypeAdapterRuntimeTypeWrapper.read(TypeAdapterRuntimeTypeWrapper.java:40) ~[gson-2.10.jar%2372!/:?]
	at com.google.gson.internal.bind.ArrayTypeAdapter.read(ArrayTypeAdapter.java:72) ~[gson-2.10.jar%2372!/:?]
	at com.google.gson.Gson.fromJson(Gson.java:1214) ~[gson-2.10.jar%2372!/:?]
	at com.google.gson.Gson.fromJson(Gson.java:1319) ~[gson-2.10.jar%2372!/:?]
	at com.google.gson.Gson.fromJson(Gson.java:1290) ~[gson-2.10.jar%2372!/:?]
	at com.google.gson.internal.bind.TreeTypeAdapter$GsonContextImpl.deserialize(TreeTypeAdapter.java:179) ~[gson-2.10.jar%2372!/:?]
	at net.minecraft.util.GsonHelper.m_13808_(GsonHelper.java:463) ~[server-1.20.1-20230612.114412-srg.jar%23701!/:?]
	at net.minecraft.util.GsonHelper.m_13836_(GsonHelper.java:471) ~[server-1.20.1-20230612.114412-srg.jar%23701!/:?]
	at net.minecraft.world.level.storage.loot.LootPool$Serializer.deserialize(LootPool.java:192) ~[server-1.20.1-20230612.114412-srg.jar%23701!/:?]
	at net.minecraft.world.level.storage.loot.LootPool$Serializer.deserialize(LootPool.java:189) ~[server-1.20.1-20230612.114412-srg.jar%23701!/:?]
	at com.google.gson.internal.bind.TreeTypeAdapter.read(TreeTypeAdapter.java:76) ~[gson-2.10.jar%2372!/:?]
	at com.google.gson.internal.bind.TypeAdapterRuntimeTypeWrapper.read(TypeAdapterRuntimeTypeWrapper.java:40) ~[gson-2.10.jar%2372!/:?]
	at com.google.gson.internal.bind.ArrayTypeAdapter.read(ArrayTypeAdapter.java:72) ~[gson-2.10.jar%2372!/:?]
	at com.google.gson.Gson.fromJson(Gson.java:1214) ~[gson-2.10.jar%2372!/:?]
	at com.google.gson.Gson.fromJson(Gson.java:1319) ~[gson-2.10.jar%2372!/:?]
	at com.google.gson.Gson.fromJson(Gson.java:1290) ~[gson-2.10.jar%2372!/:?]
	at com.google.gson.internal.bind.TreeTypeAdapter$GsonContextImpl.deserialize(TreeTypeAdapter.java:179) ~[gson-2.10.jar%2372!/:?]
	at net.minecraft.util.GsonHelper.m_13808_(GsonHelper.java:463) ~[server-1.20.1-20230612.114412-srg.jar%23701!/:?]
	at net.minecraft.util.GsonHelper.m_13845_(GsonHelper.java:481) ~[server-1.20.1-20230612.114412-srg.jar%23701!/:?]
	at net.minecraft.world.level.storage.loot.LootTable$Serializer.deserialize(LootTable.java:294) ~[server-1.20.1-20230612.114412-srg.jar%23701!/:?]
	at net.minecraft.world.level.storage.loot.LootTable$Serializer.deserialize(LootTable.java:291) ~[server-1.20.1-20230612.114412-srg.jar%23701!/:?]
	at com.google.gson.internal.bind.TreeTypeAdapter.read(TreeTypeAdapter.java:76) ~[gson-2.10.jar%2372!/:?]
	at com.google.gson.Gson.fromJson(Gson.java:1214) ~[gson-2.10.jar%2372!/:?]
	at com.google.gson.Gson.fromJson(Gson.java:1319) ~[gson-2.10.jar%2372!/:?]
	at com.google.gson.Gson.fromJson(Gson.java:1261) ~[gson-2.10.jar%2372!/:?]
	at net.minecraftforge.common.ForgeHooks.loadLootTable(ForgeHooks.java:872) ~[forge-1.20.1-47.4.10-universal.jar%23706!/:?]
	at net.minecraftforge.common.ForgeHooks.lambda$getLootTableDeserializer$3(ForgeHooks.java:849) ~[forge-1.20.1-47.4.10-universal.jar%23706!/:?]
	at net.minecraft.world.level.storage.loot.LootDataType.deserialize(LootDataType.java:45) ~[server-1.20.1-20230612.114412-srg.jar%23701!/:?]
	at net.minecraft.world.level.storage.loot.LootDataManager.lambda$scheduleElementParse$4(LootDataManager.java:56) ~[server-1.20.1-20230612.114412-srg.jar%23701!/:?]
	at java.util.HashMap.forEach(HashMap.java:1421) ~[?:?]
	at net.minecraft.world.level.storage.loot.LootDataManager.m_278660_(LootDataManager.java:55) ~[server-1.20.1-20230612.114412-srg.jar%23701!/:?]
	at java.util.concurrent.CompletableFuture$AsyncRun.run(CompletableFuture.java:1804) ~[?:?]
	at java.util.concurrent.CompletableFuture$AsyncRun.exec(CompletableFuture.java:1796) ~[?:?]
	at java.util.concurrent.ForkJoinTask.doExec(ForkJoinTask.java:373) ~[?:?]
	at java.util.concurrent.ForkJoinPool$WorkQueue.topLevelExec(ForkJoinPool.java:1182) ~[?:?]
	at java.util.concurrent.ForkJoinPool.scan(ForkJoinPool.java:1655) ~[?:?]
	at java.util.concurrent.ForkJoinPool.runWorker(ForkJoinPool.java:1622) ~[?:?]
	at java.util.concurrent.ForkJoinWorkerThread.run(ForkJoinWorkerThread.java:165) ~[?:?]
[06Aug2026 20:27:28.747] [Worker-Main-1/WARN] [org.berezka.berezka_api.resources.BuiltInResourcePack/]: [Berezka API] called getResource with namespace berezka_api but file (simple_chest2.json) doesn't exist. (most of the time you can ignore this
[06Aug2026 20:27:28.753] [Worker-Main-1/ERROR] [net.minecraftforge.common.ForgeHooks/]: Couldn't parse element loot_tables:beyond_earth:blocks/red_barricade_block
com.google.gson.JsonSyntaxException: Expected name to be an item, was unknown string 'beyond_earth:red_barricade_block'
	at net.minecraft.util.GsonHelper.m_13866_(GsonHelper.java:145) ~[server-1.20.1-20230612.114412-srg.jar%23701!/:?]
	at java.util.Optional.orElseThrow(Optional.java:403) ~[?:?]
	at net.minecraft.util.GsonHelper.m_13874_(GsonHelper.java:145) ~[server-1.20.1-20230612.114412-srg.jar%23701!/:?]
	at net.minecraft.util.GsonHelper.m_13909_(GsonHelper.java:153) ~[server-1.20.1-20230612.114412-srg.jar%23701!/:?]
	at net.minecraft.world.level.storage.loot.entries.LootItem$Serializer.m_7267_(LootItem.java:55) ~[server-1.20.1-20230612.114412-srg.jar%23701!/:?]
	at net.minecraft.world.level.storage.loot.entries.LootItem$Serializer.m_7267_(LootItem.java:40) ~[server-1.20.1-20230612.114412-srg.jar%23701!/:?]
	at net.minecraft.world.level.storage.loot.entries.LootPoolSingletonContainer$Serializer.m_5921_(LootPoolSingletonContainer.java:151) ~[server-1.20.1-20230612.114412-srg.jar%23701!/:?]
	at net.minecraft.world.level.storage.loot.entries.LootPoolSingletonContainer$Serializer.m_5921_(LootPoolSingletonContainer.java:129) ~[server-1.20.1-20230612.114412-srg.jar%23701!/:?]
	at net.minecraft.world.level.storage.loot.entries.LootPoolEntryContainer$Serializer.m_7561_(LootPoolEntryContainer.java:86) ~[server-1.20.1-20230612.114412-srg.jar%23701!/:?]
	at net.minecraft.world.level.storage.loot.entries.LootPoolEntryContainer$Serializer.m_7561_(LootPoolEntryContainer.java:74) ~[server-1.20.1-20230612.114412-srg.jar%23701!/:?]
	at net.minecraft.world.level.storage.loot.GsonAdapterFactory$JsonAdapter.deserialize(GsonAdapterFactory.java:102) ~[server-1.20.1-20230612.114412-srg.jar%23701!/:?]
	at com.google.gson.internal.bind.TreeTypeAdapter.read(TreeTypeAdapter.java:76) ~[gson-2.10.jar%2372!/:?]
	at com.google.gson.internal.bind.TypeAdapterRuntimeTypeWrapper.read(TypeAdapterRuntimeTypeWrapper.java:40) ~[gson-2.10.jar%2372!/:?]
	at com.google.gson.internal.bind.ArrayTypeAdapter.read(ArrayTypeAdapter.java:72) ~[gson-2.10.jar%2372!/:?]
	at com.google.gson.Gson.fromJson(Gson.java:1214) ~[gson-2.10.jar%2372!/:?]
	at com.google.gson.Gson.fromJson(Gson.java:1319) ~[gson-2.10.jar%2372!/:?]
	at com.google.gson.Gson.fromJson(Gson.java:1290) ~[gson-2.10.jar%2372!/:?]
	at com.google.gson.internal.bind.TreeTypeAdapter$GsonContextImpl.deserialize(TreeTypeAdapter.java:179) ~[gson-2.10.jar%2372!/:?]
	at net.minecraft.util.GsonHelper.m_13808_(GsonHelper.java:463) ~[server-1.20.1-20230612.114412-srg.jar%23701!/:?]
	at net.minecraft.util.GsonHelper.m_13836_(GsonHelper.java:471) ~[server-1.20.1-20230612.114412-srg.jar%23701!/:?]
	at net.minecraft.world.level.storage.loot.LootPool$Serializer.deserialize(LootPool.java:192) ~[server-1.20.1-20230612.114412-srg.jar%23701!/:?]
	at net.minecraft.world.level.storage.loot.LootPool$Serializer.deserialize(LootPool.java:189) ~[server-1.20.1-20230612.114412-srg.jar%23701!/:?]
	at com.google.gson.internal.bind.TreeTypeAdapter.read(TreeTypeAdapter.java:76) ~[gson-2.10.jar%2372!/:?]
	at com.google.gson.internal.bind.TypeAdapterRuntimeTypeWrapper.read(TypeAdapterRuntimeTypeWrapper.java:40) ~[gson-2.10.jar%2372!/:?]
	at com.google.gson.internal.bind.ArrayTypeAdapter.read(ArrayTypeAdapter.java:72) ~[gson-2.10.jar%2372!/:?]
	at com.google.gson.Gson.fromJson(Gson.java:1214) ~[gson-2.10.jar%2372!/:?]
	at com.google.gson.Gson.fromJson(Gson.java:1319) ~[gson-2.10.jar%2372!/:?]
	at com.google.gson.Gson.fromJson(Gson.java:1290) ~[gson-2.10.jar%2372!/:?]
	at com.google.gson.internal.bind.TreeTypeAdapter$GsonContextImpl.deserialize(TreeTypeAdapter.java:179) ~[gson-2.10.jar%2372!/:?]
	at net.minecraft.util.GsonHelper.m_13808_(GsonHelper.java:463) ~[server-1.20.1-20230612.114412-srg.jar%23701!/:?]
	at net.minecraft.util.GsonHelper.m_13845_(GsonHelper.java:481) ~[server-1.20.1-20230612.114412-srg.jar%23701!/:?]
	at net.minecraft.world.level.storage.loot.LootTable$Serializer.deserialize(LootTable.java:294) ~[server-1.20.1-20230612.114412-srg.jar%23701!/:?]
	at net.minecraft.world.level.storage.loot.LootTable$Serializer.deserialize(LootTable.java:291) ~[server-1.20.1-20230612.114412-srg.jar%23701!/:?]
	at com.google.gson.internal.bind.TreeTypeAdapter.read(TreeTypeAdapter.java:76) ~[gson-2.10.jar%2372!/:?]
	at com.google.gson.Gson.fromJson(Gson.java:1214) ~[gson-2.10.jar%2372!/:?]
	at com.google.gson.Gson.fromJson(Gson.java:1319) ~[gson-2.10.jar%2372!/:?]
	at com.google.gson.Gson.fromJson(Gson.java:1261) ~[gson-2.10.jar%2372!/:?]
	at net.minecraftforge.common.ForgeHooks.loadLootTable(ForgeHooks.java:872) ~[forge-1.20.1-47.4.10-universal.jar%23706!/:?]
	at net.minecraftforge.common.ForgeHooks.lambda$getLootTableDeserializer$3(ForgeHooks.java:849) ~[forge-1.20.1-47.4.10-universal.jar%23706!/:?]
	at net.minecraft.world.level.storage.loot.LootDataType.deserialize(LootDataType.java:45) ~[server-1.20.1-20230612.114412-srg.jar%23701!/:?]
	at net.minecraft.world.level.storage.loot.LootDataManager.lambda$scheduleElementParse$4(LootDataManager.java:56) ~[server-1.20.1-20230612.114412-srg.jar%23701!/:?]
	at java.util.HashMap.forEach(HashMap.java:1421) ~[?:?]
	at net.minecraft.world.level.storage.loot.LootDataManager.m_278660_(LootDataManager.java:55) ~[server-1.20.1-20230612.114412-srg.jar%23701!/:?]
	at java.util.concurrent.CompletableFuture$AsyncRun.run(CompletableFuture.java:1804) ~[?:?]
	at java.util.concurrent.CompletableFuture$AsyncRun.exec(CompletableFuture.java:1796) ~[?:?]
	at java.util.concurrent.ForkJoinTask.doExec(ForkJoinTask.java:373) ~[?:?]
	at java.util.concurrent.ForkJoinPool$WorkQueue.topLevelExec(ForkJoinPool.java:1182) ~[?:?]
	at java.util.concurrent.ForkJoinPool.scan(ForkJoinPool.java:1655) ~[?:?]
	at java.util.concurrent.ForkJoinPool.runWorker(ForkJoinPool.java:1622) ~[?:?]
	at java.util.concurrent.ForkJoinWorkerThread.run(ForkJoinWorkerThread.java:165) ~[?:?]
[06Aug2026 20:27:28.767] [Worker-Main-1/INFO] [Spartan Weaponry/]: Adding Longbow and Heavy Crossbow related loot to the Village Fletcher Loot Table!
[06Aug2026 20:27:28.781] [Worker-Main-1/ERROR] [net.minecraftforge.common.ForgeHooks/]: Couldn't parse element loot_tables:nfm:blocks/beige_modern_cabinet
com.google.gson.JsonSyntaxException: Expected name to be an item, was unknown string 'nfm:beige_modern_cabinet'
	at net.minecraft.util.GsonHelper.m_13866_(GsonHelper.java:145) ~[server-1.20.1-20230612.114412-srg.jar%23701!/:?]
	at java.util.Optional.orElseThrow(Optional.java:403) ~[?:?]
	at net.minecraft.util.GsonHelper.m_13874_(GsonHelper.java:145) ~[server-1.20.1-20230612.114412-srg.jar%23701!/:?]
	at net.minecraft.util.GsonHelper.m_13909_(GsonHelper.java:153) ~[server-1.20.1-20230612.114412-srg.jar%23701!/:?]
	at net.minecraft.world.level.storage.loot.entries.LootItem$Serializer.m_7267_(LootItem.java:55) ~[server-1.20.1-20230612.114412-srg.jar%23701!/:?]
	at net.minecraft.world.level.storage.loot.entries.LootItem$Serializer.m_7267_(LootItem.java:40) ~[server-1.20.1-20230612.114412-srg.jar%23701!/:?]
	at net.minecraft.world.level.storage.loot.entries.LootPoolSingletonContainer$Serializer.m_5921_(LootPoolSingletonContainer.java:151) ~[server-1.20.1-20230612.114412-srg.jar%23701!/:?]
	at net.minecraft.world.level.storage.loot.entries.LootPoolSingletonContainer$Serializer.m_5921_(LootPoolSingletonContainer.java:129) ~[server-1.20.1-20230612.114412-srg.jar%23701!/:?]
	at net.minecraft.world.level.storage.loot.entries.LootPoolEntryContainer$Serializer.m_7561_(LootPoolEntryContainer.java:86) ~[server-1.20.1-20230612.114412-srg.jar%23701!/:?]
	at net.minecraft.world.level.storage.loot.entries.LootPoolEntryContainer$Serializer.m_7561_(LootPoolEntryContainer.java:74) ~[server-1.20.1-20230612.114412-srg.jar%23701!/:?]
	at net.minecraft.world.level.storage.loot.GsonAdapterFactory$JsonAdapter.deserialize(GsonAdapterFactory.java:102) ~[server-1.20.1-20230612.114412-srg.jar%23701!/:?]
	at com.google.gson.internal.bind.TreeTypeAdapter.read(TreeTypeAdapter.java:76) ~[gson-2.10.jar%2372!/:?]
	at com.google.gson.internal.bind.TypeAdapterRuntimeTypeWrapper.read(TypeAdapterRuntimeTypeWrapper.java:40) ~[gson-2.10.jar%2372!/:?]
	at com.google.gson.internal.bind.ArrayTypeAdapter.read(ArrayTypeAdapter.java:72) ~[gson-2.10.jar%2372!/:?]
	at com.google.gson.Gson.fromJson(Gson.java:1214) ~[gson-2.10.jar%2372!/:?]
	at com.google.gson.Gson.fromJson(Gson.java:1319) ~[gson-2.10.jar%2372!/:?]
	at com.google.gson.Gson.fromJson(Gson.java:1290) ~[gson-2.10.jar%2372!/:?]
	at com.google.gson.internal.bind.TreeTypeAdapter$GsonContextImpl.deserialize(TreeTypeAdapter.java:179) ~[gson-2.10.jar%2372!/:?]
	at net.minecraft.util.GsonHelper.m_13808_(GsonHelper.java:463) ~[server-1.20.1-20230612.114412-srg.jar%23701!/:?]
	at net.minecraft.util.GsonHelper.m_13836_(GsonHelper.java:471) ~[server-1.20.1-20230612.114412-srg.jar%23701!/:?]
	at net.minecraft.world.level.storage.loot.LootPool$Serializer.deserialize(LootPool.java:192) ~[server-1.20.1-20230612.114412-srg.jar%23701!/:?]
	at net.minecraft.world.level.storage.loot.LootPool$Serializer.deserialize(LootPool.java:189) ~[server-1.20.1-20230612.114412-srg.jar%23701!/:?]
	at com.google.gson.internal.bind.TreeTypeAdapter.read(TreeTypeAdapter.java:76) ~[gson-2.10.jar%2372!/:?]
	at com.google.gson.internal.bind.TypeAdapterRuntimeTypeWrapper.read(TypeAdapterRuntimeTypeWrapper.java:40) ~[gson-2.10.jar%2372!/:?]
	at com.google.gson.internal.bind.ArrayTypeAdapter.read(ArrayTypeAdapter.java:72) ~[gson-2.10.jar%2372!/:?]
	at com.google.gson.Gson.fromJson(Gson.java:1214) ~[gson-2.10.jar%2372!/:?]
	at com.google.gson.Gson.fromJson(Gson.java:1319) ~[gson-2.10.jar%2372!/:?]
	at com.google.gson.Gson.fromJson(Gson.java:1290) ~[gson-2.10.jar%2372!/:?]
	at com.google.gson.internal.bind.TreeTypeAdapter$GsonContextImpl.deserialize(TreeTypeAdapter.java:179) ~[gson-2.10.jar%2372!/:?]
	at net.minecraft.util.GsonHelper.m_13808_(GsonHelper.java:463) ~[server-1.20.1-20230612.114412-srg.jar%23701!/:?]
	at net.minecraft.util.GsonHelper.m_13845_(GsonHelper.java:481) ~[server-1.20.1-20230612.114412-srg.jar%23701!/:?]
	at net.minecraft.world.level.storage.loot.LootTable$Serializer.deserialize(LootTable.java:294) ~[server-1.20.1-20230612.114412-srg.jar%23701!/:?]
	at net.minecraft.world.level.storage.loot.LootTable$Serializer.deserialize(LootTable.java:291) ~[server-1.20.1-20230612.114412-srg.jar%23701!/:?]
	at com.google.gson.internal.bind.TreeTypeAdapter.read(TreeTypeAdapter.java:76) ~[gson-2.10.jar%2372!/:?]
	at com.google.gson.Gson.fromJson(Gson.java:1214) ~[gson-2.10.jar%2372!/:?]
	at com.google.gson.Gson.fromJson(Gson.java:1319) ~[gson-2.10.jar%2372!/:?]
	at com.google.gson.Gson.fromJson(Gson.java:1261) ~[gson-2.10.jar%2372!/:?]
	at net.minecraftforge.common.ForgeHooks.loadLootTable(ForgeHooks.java:872) ~[forge-1.20.1-47.4.10-universal.jar%23706!/:?]
	at net.minecraftforge.common.ForgeHooks.lambda$getLootTableDeserializer$3(ForgeHooks.java:849) ~[forge-1.20.1-47.4.10-universal.jar%23706!/:?]
	at net.minecraft.world.level.storage.loot.LootDataType.deserialize(LootDataType.java:45) ~[server-1.20.1-20230612.114412-srg.jar%23701!/:?]
	at net.minecraft.world.level.storage.loot.LootDataManager.lambda$scheduleElementParse$4(LootDataManager.java:56) ~[server-1.20.1-20230612.114412-srg.jar%23701!/:?]
	at java.util.HashMap.forEach(HashMap.java:1421) ~[?:?]
	at net.minecraft.world.level.storage.loot.LootDataManager.m_278660_(LootDataManager.java:55) ~[server-1.20.1-20230612.114412-srg.jar%23701!/:?]
	at java.util.concurrent.CompletableFuture$AsyncRun.run(CompletableFuture.java:1804) ~[?:?]
	at java.util.concurrent.CompletableFuture$AsyncRun.exec(CompletableFuture.java:1796) ~[?:?]
	at java.util.concurrent.ForkJoinTask.doExec(ForkJoinTask.java:373) ~[?:?]
	at java.util.concurrent.ForkJoinPool$WorkQueue.topLevelExec(ForkJoinPool.java:1182) ~[?:?]
	at java.util.concurrent.ForkJoinPool.scan(ForkJoinPool.java:1655) ~[?:?]
	at java.util.concurrent.ForkJoinPool.runWorker(ForkJoinPool.java:1622) ~[?:?]
	at java.util.concurrent.ForkJoinWorkerThread.run(ForkJoinWorkerThread.java:165) ~[?:?]
[06Aug2026 20:27:28.883] [Worker-Main-1/ERROR] [net.minecraftforge.common.ForgeHooks/]: Couldn't parse element loot_tables:theabyss:entities/end_spider
com.google.gson.JsonSyntaxException: Expected name to be an item, was unknown string 'theabyss:nether_nugget'
	at net.minecraft.util.GsonHelper.m_13866_(GsonHelper.java:145) ~[server-1.20.1-20230612.114412-srg.jar%23701!/:?]
	at java.util.Optional.orElseThrow(Optional.java:403) ~[?:?]
	at net.minecraft.util.GsonHelper.m_13874_(GsonHelper.java:145) ~[server-1.20.1-20230612.114412-srg.jar%23701!/:?]
	at net.minecraft.util.GsonHelper.m_13909_(GsonHelper.java:153) ~[server-1.20.1-20230612.114412-srg.jar%23701!/:?]
	at net.minecraft.world.level.storage.loot.entries.LootItem$Serializer.m_7267_(LootItem.java:55) ~[server-1.20.1-20230612.114412-srg.jar%23701!/:?]
	at net.minecraft.world.level.storage.loot.entries.LootItem$Serializer.m_7267_(LootItem.java:40) ~[server-1.20.1-20230612.114412-srg.jar%23701!/:?]
	at net.minecraft.world.level.storage.loot.entries.LootPoolSingletonContainer$Serializer.m_5921_(LootPoolSingletonContainer.java:151) ~[server-1.20.1-20230612.114412-srg.jar%23701!/:?]
	at net.minecraft.world.level.storage.loot.entries.LootPoolSingletonContainer$Serializer.m_5921_(LootPoolSingletonContainer.java:129) ~[server-1.20.1-20230612.114412-srg.jar%23701!/:?]
	at net.minecraft.world.level.storage.loot.entries.LootPoolEntryContainer$Serializer.m_7561_(LootPoolEntryContainer.java:86) ~[server-1.20.1-20230612.114412-srg.jar%23701!/:?]
	at net.minecraft.world.level.storage.loot.entries.LootPoolEntryContainer$Serializer.m_7561_(LootPoolEntryContainer.java:74) ~[server-1.20.1-20230612.114412-srg.jar%23701!/:?]
	at net.minecraft.world.level.storage.loot.GsonAdapterFactory$JsonAdapter.deserialize(GsonAdapterFactory.java:102) ~[server-1.20.1-20230612.114412-srg.jar%23701!/:?]
	at com.google.gson.internal.bind.TreeTypeAdapter.read(TreeTypeAdapter.java:76) ~[gson-2.10.jar%2372!/:?]
	at com.google.gson.internal.bind.TypeAdapterRuntimeTypeWrapper.read(TypeAdapterRuntimeTypeWrapper.java:40) ~[gson-2.10.jar%2372!/:?]
	at com.google.gson.internal.bind.ArrayTypeAdapter.read(ArrayTypeAdapter.java:72) ~[gson-2.10.jar%2372!/:?]
	at com.google.gson.Gson.fromJson(Gson.java:1214) ~[gson-2.10.jar%2372!/:?]
	at com.google.gson.Gson.fromJson(Gson.java:1319) ~[gson-2.10.jar%2372!/:?]
	at com.google.gson.Gson.fromJson(Gson.java:1290) ~[gson-2.10.jar%2372!/:?]
	at com.google.gson.internal.bind.TreeTypeAdapter$GsonContextImpl.deserialize(TreeTypeAdapter.java:179) ~[gson-2.10.jar%2372!/:?]
	at net.minecraft.util.GsonHelper.m_13808_(GsonHelper.java:463) ~[server-1.20.1-20230612.114412-srg.jar%23701!/:?]
	at net.minecraft.util.GsonHelper.m_13836_(GsonHelper.java:471) ~[server-1.20.1-20230612.114412-srg.jar%23701!/:?]
	at net.minecraft.world.level.storage.loot.LootPool$Serializer.deserialize(LootPool.java:192) ~[server-1.20.1-20230612.114412-srg.jar%23701!/:?]
	at net.minecraft.world.level.storage.loot.LootPool$Serializer.deserialize(LootPool.java:189) ~[server-1.20.1-20230612.114412-srg.jar%23701!/:?]
	at com.google.gson.internal.bind.TreeTypeAdapter.read(TreeTypeAdapter.java:76) ~[gson-2.10.jar%2372!/:?]
	at com.google.gson.internal.bind.TypeAdapterRuntimeTypeWrapper.read(TypeAdapterRuntimeTypeWrapper.java:40) ~[gson-2.10.jar%2372!/:?]
	at com.google.gson.internal.bind.ArrayTypeAdapter.read(ArrayTypeAdapter.java:72) ~[gson-2.10.jar%2372!/:?]
	at com.google.gson.Gson.fromJson(Gson.java:1214) ~[gson-2.10.jar%2372!/:?]
	at com.google.gson.Gson.fromJson(Gson.java:1319) ~[gson-2.10.jar%2372!/:?]
	at com.google.gson.Gson.fromJson(Gson.java:1290) ~[gson-2.10.jar%2372!/:?]
	at com.google.gson.internal.bind.TreeTypeAdapter$GsonContextImpl.deserialize(TreeTypeAdapter.java:179) ~[gson-2.10.jar%2372!/:?]
	at net.minecraft.util.GsonHelper.m_13808_(GsonHelper.java:463) ~[server-1.20.1-20230612.114412-srg.jar%23701!/:?]
	at net.minecraft.util.GsonHelper.m_13845_(GsonHelper.java:481) ~[server-1.20.1-20230612.114412-srg.jar%23701!/:?]
	at net.minecraft.world.level.storage.loot.LootTable$Serializer.deserialize(LootTable.java:294) ~[server-1.20.1-20230612.114412-srg.jar%23701!/:?]
	at net.minecraft.world.level.storage.loot.LootTable$Serializer.deserialize(LootTable.java:291) ~[server-1.20.1-20230612.114412-srg.jar%23701!/:?]
	at com.google.gson.internal.bind.TreeTypeAdapter.read(TreeTypeAdapter.java:76) ~[gson-2.10.jar%2372!/:?]
	at com.google.gson.Gson.fromJson(Gson.java:1214) ~[gson-2.10.jar%2372!/:?]
	at com.google.gson.Gson.fromJson(Gson.java:1319) ~[gson-2.10.jar%2372!/:?]
	at com.google.gson.Gson.fromJson(Gson.java:1261) ~[gson-2.10.jar%2372!/:?]
	at net.minecraftforge.common.ForgeHooks.loadLootTable(ForgeHooks.java:872) ~[forge-1.20.1-47.4.10-universal.jar%23706!/:?]
	at net.minecraftforge.common.ForgeHooks.lambda$getLootTableDeserializer$3(ForgeHooks.java:849) ~[forge-1.20.1-47.4.10-universal.jar%23706!/:?]
	at net.minecraft.world.level.storage.loot.LootDataType.deserialize(LootDataType.java:45) ~[server-1.20.1-20230612.114412-srg.jar%23701!/:?]
	at net.minecraft.world.level.storage.loot.LootDataManager.lambda$scheduleElementParse$4(LootDataManager.java:56) ~[server-1.20.1-20230612.114412-srg.jar%23701!/:?]
	at java.util.HashMap.forEach(HashMap.java:1421) ~[?:?]
	at net.minecraft.world.level.storage.loot.LootDataManager.m_278660_(LootDataManager.java:55) ~[server-1.20.1-20230612.114412-srg.jar%23701!/:?]
	at java.util.concurrent.CompletableFuture$AsyncRun.run(CompletableFuture.java:1804) ~[?:?]
	at java.util.concurrent.CompletableFuture$AsyncRun.exec(CompletableFuture.java:1796) ~[?:?]
	at java.util.concurrent.ForkJoinTask.doExec(ForkJoinTask.java:373) ~[?:?]
	at java.util.concurrent.ForkJoinPool$WorkQueue.topLevelExec(ForkJoinPool.java:1182) ~[?:?]
	at java.util.concurrent.ForkJoinPool.scan(ForkJoinPool.java:1655) ~[?:?]
	at java.util.concurrent.ForkJoinPool.runWorker(ForkJoinPool.java:1622) ~[?:?]
	at java.util.concurrent.ForkJoinWorkerThread.run(ForkJoinWorkerThread.java:165) ~[?:?]
[06Aug2026 20:27:28.923] [Worker-Main-1/ERROR] [net.minecraftforge.common.ForgeHooks/]: Couldn't parse element loot_tables:nfm:blocks/beige_modern_bed
com.google.gson.JsonSyntaxException: Expected name to be an item, was unknown string 'nfm:beige_modern_bed'
	at net.minecraft.util.GsonHelper.m_13866_(GsonHelper.java:145) ~[server-1.20.1-20230612.114412-srg.jar%23701!/:?]
	at java.util.Optional.orElseThrow(Optional.java:403) ~[?:?]
	at net.minecraft.util.GsonHelper.m_13874_(GsonHelper.java:145) ~[server-1.20.1-20230612.114412-srg.jar%23701!/:?]
	at net.minecraft.util.GsonHelper.m_13909_(GsonHelper.java:153) ~[server-1.20.1-20230612.114412-srg.jar%23701!/:?]
	at net.minecraft.world.level.storage.loot.entries.LootItem$Serializer.m_7267_(LootItem.java:55) ~[server-1.20.1-20230612.114412-srg.jar%23701!/:?]
	at net.minecraft.world.level.storage.loot.entries.LootItem$Serializer.m_7267_(LootItem.java:40) ~[server-1.20.1-20230612.114412-srg.jar%23701!/:?]
	at net.minecraft.world.level.storage.loot.entries.LootPoolSingletonContainer$Serializer.m_5921_(LootPoolSingletonContainer.java:151) ~[server-1.20.1-20230612.114412-srg.jar%23701!/:?]
	at net.minecraft.world.level.storage.loot.entries.LootPoolSingletonContainer$Serializer.m_5921_(LootPoolSingletonContainer.java:129) ~[server-1.20.1-20230612.114412-srg.jar%23701!/:?]
	at net.minecraft.world.level.storage.loot.entries.LootPoolEntryContainer$Serializer.m_7561_(LootPoolEntryContainer.java:86) ~[server-1.20.1-20230612.114412-srg.jar%23701!/:?]
	at net.minecraft.world.level.storage.loot.entries.LootPoolEntryContainer$Serializer.m_7561_(LootPoolEntryContainer.java:74) ~[server-1.20.1-20230612.114412-srg.jar%23701!/:?]
	at net.minecraft.world.level.storage.loot.GsonAdapterFactory$JsonAdapter.deserialize(GsonAdapterFactory.java:102) ~[server-1.20.1-20230612.114412-srg.jar%23701!/:?]
	at com.google.gson.internal.bind.TreeTypeAdapter.read(TreeTypeAdapter.java:76) ~[gson-2.10.jar%2372!/:?]
	at com.google.gson.internal.bind.TypeAdapterRuntimeTypeWrapper.read(TypeAdapterRuntimeTypeWrapper.java:40) ~[gson-2.10.jar%2372!/:?]
	at com.google.gson.internal.bind.ArrayTypeAdapter.read(ArrayTypeAdapter.java:72) ~[gson-2.10.jar%2372!/:?]
	at com.google.gson.Gson.fromJson(Gson.java:1214) ~[gson-2.10.jar%2372!/:?]
	at com.google.gson.Gson.fromJson(Gson.java:1319) ~[gson-2.10.jar%2372!/:?]
	at com.google.gson.Gson.fromJson(Gson.java:1290) ~[gson-2.10.jar%2372!/:?]
	at com.google.gson.internal.bind.TreeTypeAdapter$GsonContextImpl.deserialize(TreeTypeAdapter.java:179) ~[gson-2.10.jar%2372!/:?]
	at net.minecraft.util.GsonHelper.m_13808_(GsonHelper.java:463) ~[server-1.20.1-20230612.114412-srg.jar%23701!/:?]
	at net.minecraft.util.GsonHelper.m_13836_(GsonHelper.java:471) ~[server-1.20.1-20230612.114412-srg.jar%23701!/:?]
	at net.minecraft.world.level.storage.loot.LootPool$Serializer.deserialize(LootPool.java:192) ~[server-1.20.1-20230612.114412-srg.jar%23701!/:?]
	at net.minecraft.world.level.storage.loot.LootPool$Serializer.deserialize(LootPool.java:189) ~[server-1.20.1-20230612.114412-srg.jar%23701!/:?]
	at com.google.gson.internal.bind.TreeTypeAdapter.read(TreeTypeAdapter.java:76) ~[gson-2.10.jar%2372!/:?]
	at com.google.gson.internal.bind.TypeAdapterRuntimeTypeWrapper.read(TypeAdapterRuntimeTypeWrapper.java:40) ~[gson-2.10.jar%2372!/:?]
	at com.google.gson.internal.bind.ArrayTypeAdapter.read(ArrayTypeAdapter.java:72) ~[gson-2.10.jar%2372!/:?]
	at com.google.gson.Gson.fromJson(Gson.java:1214) ~[gson-2.10.jar%2372!/:?]
	at com.google.gson.Gson.fromJson(Gson.java:1319) ~[gson-2.10.jar%2372!/:?]
	at com.google.gson.Gson.fromJson(Gson.java:1290) ~[gson-2.10.jar%2372!/:?]
	at com.google.gson.internal.bind.TreeTypeAdapter$GsonContextImpl.deserialize(TreeTypeAdapter.java:179) ~[gson-2.10.jar%2372!/:?]
	at net.minecraft.util.GsonHelper.m_13808_(GsonHelper.java:463) ~[server-1.20.1-20230612.114412-srg.jar%23701!/:?]
	at net.minecraft.util.GsonHelper.m_13845_(GsonHelper.java:481) ~[server-1.20.1-20230612.114412-srg.jar%23701!/:?]
	at net.minecraft.world.level.storage.loot.LootTable$Serializer.deserialize(LootTable.java:294) ~[server-1.20.1-20230612.114412-srg.jar%23701!/:?]
	at net.minecraft.world.level.storage.loot.LootTable$Serializer.deserialize(LootTable.java:291) ~[server-1.20.1-20230612.114412-srg.jar%23701!/:?]
	at com.google.gson.internal.bind.TreeTypeAdapter.read(TreeTypeAdapter.java:76) ~[gson-2.10.jar%2372!/:?]
	at com.google.gson.Gson.fromJson(Gson.java:1214) ~[gson-2.10.jar%2372!/:?]
	at com.google.gson.Gson.fromJson(Gson.java:1319) ~[gson-2.10.jar%2372!/:?]
	at com.google.gson.Gson.fromJson(Gson.java:1261) ~[gson-2.10.jar%2372!/:?]
	at net.minecraftforge.common.ForgeHooks.loadLootTable(ForgeHooks.java:872) ~[forge-1.20.1-47.4.10-universal.jar%23706!/:?]
	at net.minecraftforge.common.ForgeHooks.lambda$getLootTableDeserializer$3(ForgeHooks.java:849) ~[forge-1.20.1-47.4.10-universal.jar%23706!/:?]
	at net.minecraft.world.level.storage.loot.LootDataType.deserialize(LootDataType.java:45) ~[server-1.20.1-20230612.114412-srg.jar%23701!/:?]
	at net.minecraft.world.level.storage.loot.LootDataManager.lambda$scheduleElementParse$4(LootDataManager.java:56) ~[server-1.20.1-20230612.114412-srg.jar%23701!/:?]
	at java.util.HashMap.forEach(HashMap.java:1421) ~[?:?]
	at net.minecraft.world.level.storage.loot.LootDataManager.m_278660_(LootDataManager.java:55) ~[server-1.20.1-20230612.114412-srg.jar%23701!/:?]
	at java.util.concurrent.CompletableFuture$AsyncRun.run(CompletableFuture.java:1804) ~[?:?]
	at java.util.concurrent.CompletableFuture$AsyncRun.exec(CompletableFuture.java:1796) ~[?:?]
	at java.util.concurrent.ForkJoinTask.doExec(ForkJoinTask.java:373) ~[?:?]
	at java.util.concurrent.ForkJoinPool$WorkQueue.topLevelExec(ForkJoinPool.java:1182) ~[?:?]
	at java.util.concurrent.ForkJoinPool.scan(ForkJoinPool.java:1655) ~[?:?]
	at java.util.concurrent.ForkJoinPool.runWorker(ForkJoinPool.java:1622) ~[?:?]
	at java.util.concurrent.ForkJoinWorkerThread.run(ForkJoinWorkerThread.java:165) ~[?:?]
[06Aug2026 20:27:28.953] [Worker-Main-1/ERROR] [net.minecraftforge.common.ForgeHooks/]: Couldn't parse element loot_tables:nfm:blocks/beige_television_stand
com.google.gson.JsonSyntaxException: Expected name to be an item, was unknown string 'nfm:beige_television_stand'
	at net.minecraft.util.GsonHelper.m_13866_(GsonHelper.java:145) ~[server-1.20.1-20230612.114412-srg.jar%23701!/:?]
	at java.util.Optional.orElseThrow(Optional.java:403) ~[?:?]
	at net.minecraft.util.GsonHelper.m_13874_(GsonHelper.java:145) ~[server-1.20.1-20230612.114412-srg.jar%23701!/:?]
	at net.minecraft.util.GsonHelper.m_13909_(GsonHelper.java:153) ~[server-1.20.1-20230612.114412-srg.jar%23701!/:?]
	at net.minecraft.world.level.storage.loot.entries.LootItem$Serializer.m_7267_(LootItem.java:55) ~[server-1.20.1-20230612.114412-srg.jar%23701!/:?]
	at net.minecraft.world.level.storage.loot.entries.LootItem$Serializer.m_7267_(LootItem.java:40) ~[server-1.20.1-20230612.114412-srg.jar%23701!/:?]
	at net.minecraft.world.level.storage.loot.entries.LootPoolSingletonContainer$Serializer.m_5921_(LootPoolSingletonContainer.java:151) ~[server-1.20.1-20230612.114412-srg.jar%23701!/:?]
	at net.minecraft.world.level.storage.loot.entries.LootPoolSingletonContainer$Serializer.m_5921_(LootPoolSingletonContainer.java:129) ~[server-1.20.1-20230612.114412-srg.jar%23701!/:?]
	at net.minecraft.world.level.storage.loot.entries.LootPoolEntryContainer$Serializer.m_7561_(LootPoolEntryContainer.java:86) ~[server-1.20.1-20230612.114412-srg.jar%23701!/:?]
	at net.minecraft.world.level.storage.loot.entries.LootPoolEntryContainer$Serializer.m_7561_(LootPoolEntryContainer.java:74) ~[server-1.20.1-20230612.114412-srg.jar%23701!/:?]
	at net.minecraft.world.level.storage.loot.GsonAdapterFactory$JsonAdapter.deserialize(GsonAdapterFactory.java:102) ~[server-1.20.1-20230612.114412-srg.jar%23701!/:?]
	at com.google.gson.internal.bind.TreeTypeAdapter.read(TreeTypeAdapter.java:76) ~[gson-2.10.jar%2372!/:?]
	at com.google.gson.internal.bind.TypeAdapterRuntimeTypeWrapper.read(TypeAdapterRuntimeTypeWrapper.java:40) ~[gson-2.10.jar%2372!/:?]
	at com.google.gson.internal.bind.ArrayTypeAdapter.read(ArrayTypeAdapter.java:72) ~[gson-2.10.jar%2372!/:?]
	at com.google.gson.Gson.fromJson(Gson.java:1214) ~[gson-2.10.jar%2372!/:?]
	at com.google.gson.Gson.fromJson(Gson.java:1319) ~[gson-2.10.jar%2372!/:?]
	at com.google.gson.Gson.fromJson(Gson.java:1290) ~[gson-2.10.jar%2372!/:?]
	at com.google.gson.internal.bind.TreeTypeAdapter$GsonContextImpl.deserialize(TreeTypeAdapter.java:179) ~[gson-2.10.jar%2372!/:?]
	at net.minecraft.util.GsonHelper.m_13808_(GsonHelper.java:463) ~[server-1.20.1-20230612.114412-srg.jar%23701!/:?]
	at net.minecraft.util.GsonHelper.m_13836_(GsonHelper.java:471) ~[server-1.20.1-20230612.114412-srg.jar%23701!/:?]
	at net.minecraft.world.level.storage.loot.LootPool$Serializer.deserialize(LootPool.java:192) ~[server-1.20.1-20230612.114412-srg.jar%23701!/:?]
	at net.minecraft.world.level.storage.loot.LootPool$Serializer.deserialize(LootPool.java:189) ~[server-1.20.1-20230612.114412-srg.jar%23701!/:?]
	at com.google.gson.internal.bind.TreeTypeAdapter.read(TreeTypeAdapter.java:76) ~[gson-2.10.jar%2372!/:?]
	at com.google.gson.internal.bind.TypeAdapterRuntimeTypeWrapper.read(TypeAdapterRuntimeTypeWrapper.java:40) ~[gson-2.10.jar%2372!/:?]
	at com.google.gson.internal.bind.ArrayTypeAdapter.read(ArrayTypeAdapter.java:72) ~[gson-2.10.jar%2372!/:?]
	at com.google.gson.Gson.fromJson(Gson.java:1214) ~[gson-2.10.jar%2372!/:?]
	at com.google.gson.Gson.fromJson(Gson.java:1319) ~[gson-2.10.jar%2372!/:?]
	at com.google.gson.Gson.fromJson(Gson.java:1290) ~[gson-2.10.jar%2372!/:?]
	at com.google.gson.internal.bind.TreeTypeAdapter$GsonContextImpl.deserialize(TreeTypeAdapter.java:179) ~[gson-2.10.jar%2372!/:?]
	at net.minecraft.util.GsonHelper.m_13808_(GsonHelper.java:463) ~[server-1.20.1-20230612.114412-srg.jar%23701!/:?]
	at net.minecraft.util.GsonHelper.m_13845_(GsonHelper.java:481) ~[server-1.20.1-20230612.114412-srg.jar%23701!/:?]
	at net.minecraft.world.level.storage.loot.LootTable$Serializer.deserialize(LootTable.java:294) ~[server-1.20.1-20230612.114412-srg.jar%23701!/:?]
	at net.minecraft.world.level.storage.loot.LootTable$Serializer.deserialize(LootTable.java:291) ~[server-1.20.1-20230612.114412-srg.jar%23701!/:?]
	at com.google.gson.internal.bind.TreeTypeAdapter.read(TreeTypeAdapter.java:76) ~[gson-2.10.jar%2372!/:?]
	at com.google.gson.Gson.fromJson(Gson.java:1214) ~[gson-2.10.jar%2372!/:?]
	at com.google.gson.Gson.fromJson(Gson.java:1319) ~[gson-2.10.jar%2372!/:?]
	at com.google.gson.Gson.fromJson(Gson.java:1261) ~[gson-2.10.jar%2372!/:?]
	at net.minecraftforge.common.ForgeHooks.loadLootTable(ForgeHooks.java:872) ~[forge-1.20.1-47.4.10-universal.jar%23706!/:?]
	at net.minecraftforge.common.ForgeHooks.lambda$getLootTableDeserializer$3(ForgeHooks.java:849) ~[forge-1.20.1-47.4.10-universal.jar%23706!/:?]
	at net.minecraft.world.level.storage.loot.LootDataType.deserialize(LootDataType.java:45) ~[server-1.20.1-20230612.114412-srg.jar%23701!/:?]
	at net.minecraft.world.level.storage.loot.LootDataManager.lambda$scheduleElementParse$4(LootDataManager.java:56) ~[server-1.20.1-20230612.114412-srg.jar%23701!/:?]
	at java.util.HashMap.forEach(HashMap.java:1421) ~[?:?]
	at net.minecraft.world.level.storage.loot.LootDataManager.m_278660_(LootDataManager.java:55) ~[server-1.20.1-20230612.114412-srg.jar%23701!/:?]
	at java.util.concurrent.CompletableFuture$AsyncRun.run(CompletableFuture.java:1804) ~[?:?]
	at java.util.concurrent.CompletableFuture$AsyncRun.exec(CompletableFuture.java:1796) ~[?:?]
	at java.util.concurrent.ForkJoinTask.doExec(ForkJoinTask.java:373) ~[?:?]
	at java.util.concurrent.ForkJoinPool$WorkQueue.topLevelExec(ForkJoinPool.java:1182) ~[?:?]
	at java.util.concurrent.ForkJoinPool.scan(ForkJoinPool.java:1655) ~[?:?]
	at java.util.concurrent.ForkJoinPool.runWorker(ForkJoinPool.java:1622) ~[?:?]
	at java.util.concurrent.ForkJoinWorkerThread.run(ForkJoinWorkerThread.java:165) ~[?:?]
[06Aug2026 20:27:29.000] [Worker-Main-1/ERROR] [net.minecraftforge.common.ForgeHooks/]: Couldn't parse element loot_tables:caverns_and_chasms:blocks/eumus_brick
com.google.gson.JsonSyntaxException: Expected name to be an item, was unknown string 'endergetic:eumus_brick'
	at net.minecraft.util.GsonHelper.m_13866_(GsonHelper.java:145) ~[server-1.20.1-20230612.114412-srg.jar%23701!/:?]
	at java.util.Optional.orElseThrow(Optional.java:403) ~[?:?]
	at net.minecraft.util.GsonHelper.m_13874_(GsonHelper.java:145) ~[server-1.20.1-20230612.114412-srg.jar%23701!/:?]
	at net.minecraft.util.GsonHelper.m_13909_(GsonHelper.java:153) ~[server-1.20.1-20230612.114412-srg.jar%23701!/:?]
	at net.minecraft.world.level.storage.loot.entries.LootItem$Serializer.m_7267_(LootItem.java:55) ~[server-1.20.1-20230612.114412-srg.jar%23701!/:?]
	at net.minecraft.world.level.storage.loot.entries.LootItem$Serializer.m_7267_(LootItem.java:40) ~[server-1.20.1-20230612.114412-srg.jar%23701!/:?]
	at net.minecraft.world.level.storage.loot.entries.LootPoolSingletonContainer$Serializer.m_5921_(LootPoolSingletonContainer.java:151) ~[server-1.20.1-20230612.114412-srg.jar%23701!/:?]
	at net.minecraft.world.level.storage.loot.entries.LootPoolSingletonContainer$Serializer.m_5921_(LootPoolSingletonContainer.java:129) ~[server-1.20.1-20230612.114412-srg.jar%23701!/:?]
	at net.minecraft.world.level.storage.loot.entries.LootPoolEntryContainer$Serializer.m_7561_(LootPoolEntryContainer.java:86) ~[server-1.20.1-20230612.114412-srg.jar%23701!/:?]
	at net.minecraft.world.level.storage.loot.entries.LootPoolEntryContainer$Serializer.m_7561_(LootPoolEntryContainer.java:74) ~[server-1.20.1-20230612.114412-srg.jar%23701!/:?]
	at net.minecraft.world.level.storage.loot.GsonAdapterFactory$JsonAdapter.deserialize(GsonAdapterFactory.java:102) ~[server-1.20.1-20230612.114412-srg.jar%23701!/:?]
	at com.google.gson.internal.bind.TreeTypeAdapter.read(TreeTypeAdapter.java:76) ~[gson-2.10.jar%2372!/:?]
	at com.google.gson.internal.bind.TypeAdapterRuntimeTypeWrapper.read(TypeAdapterRuntimeTypeWrapper.java:40) ~[gson-2.10.jar%2372!/:?]
	at com.google.gson.internal.bind.ArrayTypeAdapter.read(ArrayTypeAdapter.java:72) ~[gson-2.10.jar%2372!/:?]
	at com.google.gson.Gson.fromJson(Gson.java:1214) ~[gson-2.10.jar%2372!/:?]
	at com.google.gson.Gson.fromJson(Gson.java:1319) ~[gson-2.10.jar%2372!/:?]
	at com.google.gson.Gson.fromJson(Gson.java:1290) ~[gson-2.10.jar%2372!/:?]
	at com.google.gson.internal.bind.TreeTypeAdapter$GsonContextImpl.deserialize(TreeTypeAdapter.java:179) ~[gson-2.10.jar%2372!/:?]
	at net.minecraft.util.GsonHelper.m_13808_(GsonHelper.java:463) ~[server-1.20.1-20230612.114412-srg.jar%23701!/:?]
	at net.minecraft.util.GsonHelper.m_13836_(GsonHelper.java:471) ~[server-1.20.1-20230612.114412-srg.jar%23701!/:?]
	at net.minecraft.world.level.storage.loot.LootPool$Serializer.deserialize(LootPool.java:192) ~[server-1.20.1-20230612.114412-srg.jar%23701!/:?]
	at net.minecraft.world.level.storage.loot.LootPool$Serializer.deserialize(LootPool.java:189) ~[server-1.20.1-20230612.114412-srg.jar%23701!/:?]
	at com.google.gson.internal.bind.TreeTypeAdapter.read(TreeTypeAdapter.java:76) ~[gson-2.10.jar%2372!/:?]
	at com.google.gson.internal.bind.TypeAdapterRuntimeTypeWrapper.read(TypeAdapterRuntimeTypeWrapper.java:40) ~[gson-2.10.jar%2372!/:?]
	at com.google.gson.internal.bind.ArrayTypeAdapter.read(ArrayTypeAdapter.java:72) ~[gson-2.10.jar%2372!/:?]
	at com.google.gson.Gson.fromJson(Gson.java:1214) ~[gson-2.10.jar%2372!/:?]
	at com.google.gson.Gson.fromJson(Gson.java:1319) ~[gson-2.10.jar%2372!/:?]
	at com.google.gson.Gson.fromJson(Gson.java:1290) ~[gson-2.10.jar%2372!/:?]
	at com.google.gson.internal.bind.TreeTypeAdapter$GsonContextImpl.deserialize(TreeTypeAdapter.java:179) ~[gson-2.10.jar%2372!/:?]
	at net.minecraft.util.GsonHelper.m_13808_(GsonHelper.java:463) ~[server-1.20.1-20230612.114412-srg.jar%23701!/:?]
	at net.minecraft.util.GsonHelper.m_13845_(GsonHelper.java:481) ~[server-1.20.1-20230612.114412-srg.jar%23701!/:?]
	at net.minecraft.world.level.storage.loot.LootTable$Serializer.deserialize(LootTable.java:294) ~[server-1.20.1-20230612.114412-srg.jar%23701!/:?]
	at net.minecraft.world.level.storage.loot.LootTable$Serializer.deserialize(LootTable.java:291) ~[server-1.20.1-20230612.114412-srg.jar%23701!/:?]
	at com.google.gson.internal.bind.TreeTypeAdapter.read(TreeTypeAdapter.java:76) ~[gson-2.10.jar%2372!/:?]
	at com.google.gson.Gson.fromJson(Gson.java:1214) ~[gson-2.10.jar%2372!/:?]
	at com.google.gson.Gson.fromJson(Gson.java:1319) ~[gson-2.10.jar%2372!/:?]
	at com.google.gson.Gson.fromJson(Gson.java:1261) ~[gson-2.10.jar%2372!/:?]
	at net.minecraftforge.common.ForgeHooks.loadLootTable(ForgeHooks.java:872) ~[forge-1.20.1-47.4.10-universal.jar%23706!/:?]
	at net.minecraftforge.common.ForgeHooks.lambda$getLootTableDeserializer$3(ForgeHooks.java:849) ~[forge-1.20.1-47.4.10-universal.jar%23706!/:?]
	at net.minecraft.world.level.storage.loot.LootDataType.deserialize(LootDataType.java:45) ~[server-1.20.1-20230612.114412-srg.jar%23701!/:?]
	at net.minecraft.world.level.storage.loot.LootDataManager.lambda$scheduleElementParse$4(LootDataManager.java:56) ~[server-1.20.1-20230612.114412-srg.jar%23701!/:?]
	at java.util.HashMap.forEach(HashMap.java:1421) ~[?:?]
	at net.minecraft.world.level.storage.loot.LootDataManager.m_278660_(LootDataManager.java:55) ~[server-1.20.1-20230612.114412-srg.jar%23701!/:?]
	at java.util.concurrent.CompletableFuture$AsyncRun.run(CompletableFuture.java:1804) ~[?:?]
	at java.util.concurrent.CompletableFuture$AsyncRun.exec(CompletableFuture.java:1796) ~[?:?]
	at java.util.concurrent.ForkJoinTask.doExec(ForkJoinTask.java:373) ~[?:?]
	at java.util.concurrent.ForkJoinPool$WorkQueue.topLevelExec(ForkJoinPool.java:1182) ~[?:?]
	at java.util.concurrent.ForkJoinPool.scan(ForkJoinPool.java:1655) ~[?:?]
	at java.util.concurrent.ForkJoinPool.runWorker(ForkJoinPool.java:1622) ~[?:?]
	at java.util.concurrent.ForkJoinWorkerThread.run(ForkJoinWorkerThread.java:165) ~[?:?]
[06Aug2026 20:27:29.014] [Worker-Main-1/ERROR] [net.minecraftforge.common.ForgeHooks/]: Couldn't parse element loot_tables:nfm:blocks/beige_inflatable_castle
com.google.gson.JsonSyntaxException: Expected name to be an item, was unknown string 'nfm:beige_inflatable_castle'
	at net.minecraft.util.GsonHelper.m_13866_(GsonHelper.java:145) ~[server-1.20.1-20230612.114412-srg.jar%23701!/:?]
	at java.util.Optional.orElseThrow(Optional.java:403) ~[?:?]
	at net.minecraft.util.GsonHelper.m_13874_(GsonHelper.java:145) ~[server-1.20.1-20230612.114412-srg.jar%23701!/:?]
	at net.minecraft.util.GsonHelper.m_13909_(GsonHelper.java:153) ~[server-1.20.1-20230612.114412-srg.jar%23701!/:?]
	at net.minecraft.world.level.storage.loot.entries.LootItem$Serializer.m_7267_(LootItem.java:55) ~[server-1.20.1-20230612.114412-srg.jar%23701!/:?]
	at net.minecraft.world.level.storage.loot.entries.LootItem$Serializer.m_7267_(LootItem.java:40) ~[server-1.20.1-20230612.114412-srg.jar%23701!/:?]
	at net.minecraft.world.level.storage.loot.entries.LootPoolSingletonContainer$Serializer.m_5921_(LootPoolSingletonContainer.java:151) ~[server-1.20.1-20230612.114412-srg.jar%23701!/:?]
	at net.minecraft.world.level.storage.loot.entries.LootPoolSingletonContainer$Serializer.m_5921_(LootPoolSingletonContainer.java:129) ~[server-1.20.1-20230612.114412-srg.jar%23701!/:?]
	at net.minecraft.world.level.storage.loot.entries.LootPoolEntryContainer$Serializer.m_7561_(LootPoolEntryContainer.java:86) ~[server-1.20.1-20230612.114412-srg.jar%23701!/:?]
	at net.minecraft.world.level.storage.loot.entries.LootPoolEntryContainer$Serializer.m_7561_(LootPoolEntryContainer.java:74) ~[server-1.20.1-20230612.114412-srg.jar%23701!/:?]
	at net.minecraft.world.level.storage.loot.GsonAdapterFactory$JsonAdapter.deserialize(GsonAdapterFactory.java:102) ~[server-1.20.1-20230612.114412-srg.jar%23701!/:?]
	at com.google.gson.internal.bind.TreeTypeAdapter.read(TreeTypeAdapter.java:76) ~[gson-2.10.jar%2372!/:?]
	at com.google.gson.internal.bind.TypeAdapterRuntimeTypeWrapper.read(TypeAdapterRuntimeTypeWrapper.java:40) ~[gson-2.10.jar%2372!/:?]
	at com.google.gson.internal.bind.ArrayTypeAdapter.read(ArrayTypeAdapter.java:72) ~[gson-2.10.jar%2372!/:?]
	at com.google.gson.Gson.fromJson(Gson.java:1214) ~[gson-2.10.jar%2372!/:?]
	at com.google.gson.Gson.fromJson(Gson.java:1319) ~[gson-2.10.jar%2372!/:?]
	at com.google.gson.Gson.fromJson(Gson.java:1290) ~[gson-2.10.jar%2372!/:?]
	at com.google.gson.internal.bind.TreeTypeAdapter$GsonContextImpl.deserialize(TreeTypeAdapter.java:179) ~[gson-2.10.jar%2372!/:?]
	at net.minecraft.util.GsonHelper.m_13808_(GsonHelper.java:463) ~[server-1.20.1-20230612.114412-srg.jar%23701!/:?]
	at net.minecraft.util.GsonHelper.m_13836_(GsonHelper.java:471) ~[server-1.20.1-20230612.114412-srg.jar%23701!/:?]
	at net.minecraft.world.level.storage.loot.LootPool$Serializer.deserialize(LootPool.java:192) ~[server-1.20.1-20230612.114412-srg.jar%23701!/:?]
	at net.minecraft.world.level.storage.loot.LootPool$Serializer.deserialize(LootPool.java:189) ~[server-1.20.1-20230612.114412-srg.jar%23701!/:?]
	at com.google.gson.internal.bind.TreeTypeAdapter.read(TreeTypeAdapter.java:76) ~[gson-2.10.jar%2372!/:?]
	at com.google.gson.internal.bind.TypeAdapterRuntimeTypeWrapper.read(TypeAdapterRuntimeTypeWrapper.java:40) ~[gson-2.10.jar%2372!/:?]
	at com.google.gson.internal.bind.ArrayTypeAdapter.read(ArrayTypeAdapter.java:72) ~[gson-2.10.jar%2372!/:?]
	at com.google.gson.Gson.fromJson(Gson.java:1214) ~[gson-2.10.jar%2372!/:?]
	at com.google.gson.Gson.fromJson(Gson.java:1319) ~[gson-2.10.jar%2372!/:?]
	at com.google.gson.Gson.fromJson(Gson.java:1290) ~[gson-2.10.jar%2372!/:?]
	at com.google.gson.internal.bind.TreeTypeAdapter$GsonContextImpl.deserialize(TreeTypeAdapter.java:179) ~[gson-2.10.jar%2372!/:?]
	at net.minecraft.util.GsonHelper.m_13808_(GsonHelper.java:463) ~[server-1.20.1-20230612.114412-srg.jar%23701!/:?]
	at net.minecraft.util.GsonHelper.m_13845_(GsonHelper.java:481) ~[server-1.20.1-20230612.114412-srg.jar%23701!/:?]
	at net.minecraft.world.level.storage.loot.LootTable$Serializer.deserialize(LootTable.java:294) ~[server-1.20.1-20230612.114412-srg.jar%23701!/:?]
	at net.minecraft.world.level.storage.loot.LootTable$Serializer.deserialize(LootTable.java:291) ~[server-1.20.1-20230612.114412-srg.jar%23701!/:?]
	at com.google.gson.internal.bind.TreeTypeAdapter.read(TreeTypeAdapter.java:76) ~[gson-2.10.jar%2372!/:?]
	at com.google.gson.Gson.fromJson(Gson.java:1214) ~[gson-2.10.jar%2372!/:?]
	at com.google.gson.Gson.fromJson(Gson.java:1319) ~[gson-2.10.jar%2372!/:?]
	at com.google.gson.Gson.fromJson(Gson.java:1261) ~[gson-2.10.jar%2372!/:?]
	at net.minecraftforge.common.ForgeHooks.loadLootTable(ForgeHooks.java:872) ~[forge-1.20.1-47.4.10-universal.jar%23706!/:?]
	at net.minecraftforge.common.ForgeHooks.lambda$getLootTableDeserializer$3(ForgeHooks.java:849) ~[forge-1.20.1-47.4.10-universal.jar%23706!/:?]
	at net.minecraft.world.level.storage.loot.LootDataType.deserialize(LootDataType.java:45) ~[server-1.20.1-20230612.114412-srg.jar%23701!/:?]
	at net.minecraft.world.level.storage.loot.LootDataManager.lambda$scheduleElementParse$4(LootDataManager.java:56) ~[server-1.20.1-20230612.114412-srg.jar%23701!/:?]
	at java.util.HashMap.forEach(HashMap.java:1421) ~[?:?]
	at net.minecraft.world.level.storage.loot.LootDataManager.m_278660_(LootDataManager.java:55) ~[server-1.20.1-20230612.114412-srg.jar%23701!/:?]
	at java.util.concurrent.CompletableFuture$AsyncRun.run(CompletableFuture.java:1804) ~[?:?]
	at java.util.concurrent.CompletableFuture$AsyncRun.exec(CompletableFuture.java:1796) ~[?:?]
	at java.util.concurrent.ForkJoinTask.doExec(ForkJoinTask.java:373) ~[?:?]
	at java.util.concurrent.ForkJoinPool$WorkQueue.topLevelExec(ForkJoinPool.java:1182) ~[?:?]
	at java.util.concurrent.ForkJoinPool.scan(ForkJoinPool.java:1655) ~[?:?]
	at java.util.concurrent.ForkJoinPool.runWorker(ForkJoinPool.java:1622) ~[?:?]
	at java.util.concurrent.ForkJoinWorkerThread.run(ForkJoinWorkerThread.java:165) ~[?:?]
[06Aug2026 20:27:29.105] [Worker-Main-1/ERROR] [net.minecraftforge.common.ForgeHooks/]: Couldn't parse element loot_tables:hauntedharvest:blocks/redstone_jack_o_lantern
com.google.gson.JsonSyntaxException: Expected name to be an item, was unknown string 'hauntedharvest:redstone_jack_o_lantern'
	at net.minecraft.util.GsonHelper.m_13866_(GsonHelper.java:145) ~[server-1.20.1-20230612.114412-srg.jar%23701!/:?]
	at java.util.Optional.orElseThrow(Optional.java:403) ~[?:?]
	at net.minecraft.util.GsonHelper.m_13874_(GsonHelper.java:145) ~[server-1.20.1-20230612.114412-srg.jar%23701!/:?]
	at net.minecraft.util.GsonHelper.m_13909_(GsonHelper.java:153) ~[server-1.20.1-20230612.114412-srg.jar%23701!/:?]
	at net.minecraft.world.level.storage.loot.entries.LootItem$Serializer.m_7267_(LootItem.java:55) ~[server-1.20.1-20230612.114412-srg.jar%23701!/:?]
	at net.minecraft.world.level.storage.loot.entries.LootItem$Serializer.m_7267_(LootItem.java:40) ~[server-1.20.1-20230612.114412-srg.jar%23701!/:?]
	at net.minecraft.world.level.storage.loot.entries.LootPoolSingletonContainer$Serializer.m_5921_(LootPoolSingletonContainer.java:151) ~[server-1.20.1-20230612.114412-srg.jar%23701!/:?]
	at net.minecraft.world.level.storage.loot.entries.LootPoolSingletonContainer$Serializer.m_5921_(LootPoolSingletonContainer.java:129) ~[server-1.20.1-20230612.114412-srg.jar%23701!/:?]
	at net.minecraft.world.level.storage.loot.entries.LootPoolEntryContainer$Serializer.m_7561_(LootPoolEntryContainer.java:86) ~[server-1.20.1-20230612.114412-srg.jar%23701!/:?]
	at net.minecraft.world.level.storage.loot.entries.LootPoolEntryContainer$Serializer.m_7561_(LootPoolEntryContainer.java:74) ~[server-1.20.1-20230612.114412-srg.jar%23701!/:?]
	at net.minecraft.world.level.storage.loot.GsonAdapterFactory$JsonAdapter.deserialize(GsonAdapterFactory.java:102) ~[server-1.20.1-20230612.114412-srg.jar%23701!/:?]
	at com.google.gson.internal.bind.TreeTypeAdapter.read(TreeTypeAdapter.java:76) ~[gson-2.10.jar%2372!/:?]
	at com.google.gson.internal.bind.TypeAdapterRuntimeTypeWrapper.read(TypeAdapterRuntimeTypeWrapper.java:40) ~[gson-2.10.jar%2372!/:?]
	at com.google.gson.internal.bind.ArrayTypeAdapter.read(ArrayTypeAdapter.java:72) ~[gson-2.10.jar%2372!/:?]
	at com.google.gson.Gson.fromJson(Gson.java:1214) ~[gson-2.10.jar%2372!/:?]
	at com.google.gson.Gson.fromJson(Gson.java:1319) ~[gson-2.10.jar%2372!/:?]
	at com.google.gson.Gson.fromJson(Gson.java:1290) ~[gson-2.10.jar%2372!/:?]
	at com.google.gson.internal.bind.TreeTypeAdapter$GsonContextImpl.deserialize(TreeTypeAdapter.java:179) ~[gson-2.10.jar%2372!/:?]
	at net.minecraft.util.GsonHelper.m_13808_(GsonHelper.java:463) ~[server-1.20.1-20230612.114412-srg.jar%23701!/:?]
	at net.minecraft.util.GsonHelper.m_13836_(GsonHelper.java:471) ~[server-1.20.1-20230612.114412-srg.jar%23701!/:?]
	at net.minecraft.world.level.storage.loot.LootPool$Serializer.deserialize(LootPool.java:192) ~[server-1.20.1-20230612.114412-srg.jar%23701!/:?]
	at net.minecraft.world.level.storage.loot.LootPool$Serializer.deserialize(LootPool.java:189) ~[server-1.20.1-20230612.114412-srg.jar%23701!/:?]
	at com.google.gson.internal.bind.TreeTypeAdapter.read(TreeTypeAdapter.java:76) ~[gson-2.10.jar%2372!/:?]
	at com.google.gson.internal.bind.TypeAdapterRuntimeTypeWrapper.read(TypeAdapterRuntimeTypeWrapper.java:40) ~[gson-2.10.jar%2372!/:?]
	at com.google.gson.internal.bind.ArrayTypeAdapter.read(ArrayTypeAdapter.java:72) ~[gson-2.10.jar%2372!/:?]
	at com.google.gson.Gson.fromJson(Gson.java:1214) ~[gson-2.10.jar%2372!/:?]
	at com.google.gson.Gson.fromJson(Gson.java:1319) ~[gson-2.10.jar%2372!/:?]
	at com.google.gson.Gson.fromJson(Gson.java:1290) ~[gson-2.10.jar%2372!/:?]
	at com.google.gson.internal.bind.TreeTypeAdapter$GsonContextImpl.deserialize(TreeTypeAdapter.java:179) ~[gson-2.10.jar%2372!/:?]
	at net.minecraft.util.GsonHelper.m_13808_(GsonHelper.java:463) ~[server-1.20.1-20230612.114412-srg.jar%23701!/:?]
	at net.minecraft.util.GsonHelper.m_13845_(GsonHelper.java:481) ~[server-1.20.1-20230612.114412-srg.jar%23701!/:?]
	at net.minecraft.world.level.storage.loot.LootTable$Serializer.deserialize(LootTable.java:294) ~[server-1.20.1-20230612.114412-srg.jar%23701!/:?]
	at net.minecraft.world.level.storage.loot.LootTable$Serializer.deserialize(LootTable.java:291) ~[server-1.20.1-20230612.114412-srg.jar%23701!/:?]
	at com.google.gson.internal.bind.TreeTypeAdapter.read(TreeTypeAdapter.java:76) ~[gson-2.10.jar%2372!/:?]
	at com.google.gson.Gson.fromJson(Gson.java:1214) ~[gson-2.10.jar%2372!/:?]
	at com.google.gson.Gson.fromJson(Gson.java:1319) ~[gson-2.10.jar%2372!/:?]
	at com.google.gson.Gson.fromJson(Gson.java:1261) ~[gson-2.10.jar%2372!/:?]
	at net.minecraftforge.common.ForgeHooks.loadLootTable(ForgeHooks.java:872) ~[forge-1.20.1-47.4.10-universal.jar%23706!/:?]
	at net.minecraftforge.common.ForgeHooks.lambda$getLootTableDeserializer$3(ForgeHooks.java:849) ~[forge-1.20.1-47.4.10-universal.jar%23706!/:?]
	at net.minecraft.world.level.storage.loot.LootDataType.deserialize(LootDataType.java:45) ~[server-1.20.1-20230612.114412-srg.jar%23701!/:?]
	at net.minecraft.world.level.storage.loot.LootDataManager.lambda$scheduleElementParse$4(LootDataManager.java:56) ~[server-1.20.1-20230612.114412-srg.jar%23701!/:?]
	at java.util.HashMap.forEach(HashMap.java:1421) ~[?:?]
	at net.minecraft.world.level.storage.loot.LootDataManager.m_278660_(LootDataManager.java:55) ~[server-1.20.1-20230612.114412-srg.jar%23701!/:?]
	at java.util.concurrent.CompletableFuture$AsyncRun.run(CompletableFuture.java:1804) ~[?:?]
	at java.util.concurrent.CompletableFuture$AsyncRun.exec(CompletableFuture.java:1796) ~[?:?]
	at java.util.concurrent.ForkJoinTask.doExec(ForkJoinTask.java:373) ~[?:?]
	at java.util.concurrent.ForkJoinPool$WorkQueue.topLevelExec(ForkJoinPool.java:1182) ~[?:?]
	at java.util.concurrent.ForkJoinPool.scan(ForkJoinPool.java:1655) ~[?:?]
	at java.util.concurrent.ForkJoinPool.runWorker(ForkJoinPool.java:1622) ~[?:?]
	at java.util.concurrent.ForkJoinWorkerThread.run(ForkJoinWorkerThread.java:165) ~[?:?]
[06Aug2026 20:27:29.222] [Worker-Main-1/ERROR] [net.minecraftforge.common.ForgeHooks/]: Couldn't parse element loot_tables:outer_end:blocks/stripped_azure_post
com.google.gson.JsonSyntaxException: Expected name to be an item, was unknown string 'outer_end:stripped_azure_post'
	at net.minecraft.util.GsonHelper.m_13866_(GsonHelper.java:145) ~[server-1.20.1-20230612.114412-srg.jar%23701!/:?]
	at java.util.Optional.orElseThrow(Optional.java:403) ~[?:?]
	at net.minecraft.util.GsonHelper.m_13874_(GsonHelper.java:145) ~[server-1.20.1-20230612.114412-srg.jar%23701!/:?]
	at net.minecraft.util.GsonHelper.m_13909_(GsonHelper.java:153) ~[server-1.20.1-20230612.114412-srg.jar%23701!/:?]
	at net.minecraft.world.level.storage.loot.entries.LootItem$Serializer.m_7267_(LootItem.java:55) ~[server-1.20.1-20230612.114412-srg.jar%23701!/:?]
	at net.minecraft.world.level.storage.loot.entries.LootItem$Serializer.m_7267_(LootItem.java:40) ~[server-1.20.1-20230612.114412-srg.jar%23701!/:?]
	at net.minecraft.world.level.storage.loot.entries.LootPoolSingletonContainer$Serializer.m_5921_(LootPoolSingletonContainer.java:151) ~[server-1.20.1-20230612.114412-srg.jar%23701!/:?]
	at net.minecraft.world.level.storage.loot.entries.LootPoolSingletonContainer$Serializer.m_5921_(LootPoolSingletonContainer.java:129) ~[server-1.20.1-20230612.114412-srg.jar%23701!/:?]
	at net.minecraft.world.level.storage.loot.entries.LootPoolEntryContainer$Serializer.m_7561_(LootPoolEntryContainer.java:86) ~[server-1.20.1-20230612.114412-srg.jar%23701!/:?]
	at net.minecraft.world.level.storage.loot.entries.LootPoolEntryContainer$Serializer.m_7561_(LootPoolEntryContainer.java:74) ~[server-1.20.1-20230612.114412-srg.jar%23701!/:?]
	at net.minecraft.world.level.storage.loot.GsonAdapterFactory$JsonAdapter.deserialize(GsonAdapterFactory.java:102) ~[server-1.20.1-20230612.114412-srg.jar%23701!/:?]
	at com.google.gson.internal.bind.TreeTypeAdapter.read(TreeTypeAdapter.java:76) ~[gson-2.10.jar%2372!/:?]
	at com.google.gson.internal.bind.TypeAdapterRuntimeTypeWrapper.read(TypeAdapterRuntimeTypeWrapper.java:40) ~[gson-2.10.jar%2372!/:?]
	at com.google.gson.internal.bind.ArrayTypeAdapter.read(ArrayTypeAdapter.java:72) ~[gson-2.10.jar%2372!/:?]
	at com.google.gson.Gson.fromJson(Gson.java:1214) ~[gson-2.10.jar%2372!/:?]
	at com.google.gson.Gson.fromJson(Gson.java:1319) ~[gson-2.10.jar%2372!/:?]
	at com.google.gson.Gson.fromJson(Gson.java:1290) ~[gson-2.10.jar%2372!/:?]
	at com.google.gson.internal.bind.TreeTypeAdapter$GsonContextImpl.deserialize(TreeTypeAdapter.java:179) ~[gson-2.10.jar%2372!/:?]
	at net.minecraft.util.GsonHelper.m_13808_(GsonHelper.java:463) ~[server-1.20.1-20230612.114412-srg.jar%23701!/:?]
	at net.minecraft.util.GsonHelper.m_13836_(GsonHelper.java:471) ~[server-1.20.1-20230612.114412-srg.jar%23701!/:?]
	at net.minecraft.world.level.storage.loot.LootPool$Serializer.deserialize(LootPool.java:192) ~[server-1.20.1-20230612.114412-srg.jar%23701!/:?]
	at net.minecraft.world.level.storage.loot.LootPool$Serializer.deserialize(LootPool.java:189) ~[server-1.20.1-20230612.114412-srg.jar%23701!/:?]
	at com.google.gson.internal.bind.TreeTypeAdapter.read(TreeTypeAdapter.java:76) ~[gson-2.10.jar%2372!/:?]
	at com.google.gson.internal.bind.TypeAdapterRuntimeTypeWrapper.read(TypeAdapterRuntimeTypeWrapper.java:40) ~[gson-2.10.jar%2372!/:?]
	at com.google.gson.internal.bind.ArrayTypeAdapter.read(ArrayTypeAdapter.java:72) ~[gson-2.10.jar%2372!/:?]
	at com.google.gson.Gson.fromJson(Gson.java:1214) ~[gson-2.10.jar%2372!/:?]
	at com.google.gson.Gson.fromJson(Gson.java:1319) ~[gson-2.10.jar%2372!/:?]
	at com.google.gson.Gson.fromJson(Gson.java:1290) ~[gson-2.10.jar%2372!/:?]
	at com.google.gson.internal.bind.TreeTypeAdapter$GsonContextImpl.deserialize(TreeTypeAdapter.java:179) ~[gson-2.10.jar%2372!/:?]
	at net.minecraft.util.GsonHelper.m_13808_(GsonHelper.java:463) ~[server-1.20.1-20230612.114412-srg.jar%23701!/:?]
	at net.minecraft.util.GsonHelper.m_13845_(GsonHelper.java:481) ~[server-1.20.1-20230612.114412-srg.jar%23701!/:?]
	at net.minecraft.world.level.storage.loot.LootTable$Serializer.deserialize(LootTable.java:294) ~[server-1.20.1-20230612.114412-srg.jar%23701!/:?]
	at net.minecraft.world.level.storage.loot.LootTable$Serializer.deserialize(LootTable.java:291) ~[server-1.20.1-20230612.114412-srg.jar%23701!/:?]
	at com.google.gson.internal.bind.TreeTypeAdapter.read(TreeTypeAdapter.java:76) ~[gson-2.10.jar%2372!/:?]
	at com.google.gson.Gson.fromJson(Gson.java:1214) ~[gson-2.10.jar%2372!/:?]
	at com.google.gson.Gson.fromJson(Gson.java:1319) ~[gson-2.10.jar%2372!/:?]
	at com.google.gson.Gson.fromJson(Gson.java:1261) ~[gson-2.10.jar%2372!/:?]
	at net.minecraftforge.common.ForgeHooks.loadLootTable(ForgeHooks.java:872) ~[forge-1.20.1-47.4.10-universal.jar%23706!/:?]
	at net.minecraftforge.common.ForgeHooks.lambda$getLootTableDeserializer$3(ForgeHooks.java:849) ~[forge-1.20.1-47.4.10-universal.jar%23706!/:?]
	at net.minecraft.world.level.storage.loot.LootDataType.deserialize(LootDataType.java:45) ~[server-1.20.1-20230612.114412-srg.jar%23701!/:?]
	at net.minecraft.world.level.storage.loot.LootDataManager.lambda$scheduleElementParse$4(LootDataManager.java:56) ~[server-1.20.1-20230612.114412-srg.jar%23701!/:?]
	at java.util.HashMap.forEach(HashMap.java:1421) ~[?:?]
	at net.minecraft.world.level.storage.loot.LootDataManager.m_278660_(LootDataManager.java:55) ~[server-1.20.1-20230612.114412-srg.jar%23701!/:?]
	at java.util.concurrent.CompletableFuture$AsyncRun.run(CompletableFuture.java:1804) ~[?:?]
	at java.util.concurrent.CompletableFuture$AsyncRun.exec(CompletableFuture.java:1796) ~[?:?]
	at java.util.concurrent.ForkJoinTask.doExec(ForkJoinTask.java:373) ~[?:?]
	at java.util.concurrent.ForkJoinPool$WorkQueue.topLevelExec(ForkJoinPool.java:1182) ~[?:?]
	at java.util.concurrent.ForkJoinPool.scan(ForkJoinPool.java:1655) ~[?:?]
	at java.util.concurrent.ForkJoinPool.runWorker(ForkJoinPool.java:1622) ~[?:?]
	at java.util.concurrent.ForkJoinWorkerThread.run(ForkJoinWorkerThread.java:165) ~[?:?]
[06Aug2026 20:27:29.437] [Worker-Main-1/ERROR] [net.minecraftforge.common.ForgeHooks/]: Couldn't parse element loot_tables:theabyss:entities/slime_spider
com.google.gson.JsonSyntaxException: Expected name to be an item, was unknown string 'theabyss:slime_stage_1'
	at net.minecraft.util.GsonHelper.m_13866_(GsonHelper.java:145) ~[server-1.20.1-20230612.114412-srg.jar%23701!/:?]
	at java.util.Optional.orElseThrow(Optional.java:403) ~[?:?]
	at net.minecraft.util.GsonHelper.m_13874_(GsonHelper.java:145) ~[server-1.20.1-20230612.114412-srg.jar%23701!/:?]
	at net.minecraft.util.GsonHelper.m_13909_(GsonHelper.java:153) ~[server-1.20.1-20230612.114412-srg.jar%23701!/:?]
	at net.minecraft.world.level.storage.loot.entries.LootItem$Serializer.m_7267_(LootItem.java:55) ~[server-1.20.1-20230612.114412-srg.jar%23701!/:?]
	at net.minecraft.world.level.storage.loot.entries.LootItem$Serializer.m_7267_(LootItem.java:40) ~[server-1.20.1-20230612.114412-srg.jar%23701!/:?]
	at net.minecraft.world.level.storage.loot.entries.LootPoolSingletonContainer$Serializer.m_5921_(LootPoolSingletonContainer.java:151) ~[server-1.20.1-20230612.114412-srg.jar%23701!/:?]
	at net.minecraft.world.level.storage.loot.entries.LootPoolSingletonContainer$Serializer.m_5921_(LootPoolSingletonContainer.java:129) ~[server-1.20.1-20230612.114412-srg.jar%23701!/:?]
	at net.minecraft.world.level.storage.loot.entries.LootPoolEntryContainer$Serializer.m_7561_(LootPoolEntryContainer.java:86) ~[server-1.20.1-20230612.114412-srg.jar%23701!/:?]
	at net.minecraft.world.level.storage.loot.entries.LootPoolEntryContainer$Serializer.m_7561_(LootPoolEntryContainer.java:74) ~[server-1.20.1-20230612.114412-srg.jar%23701!/:?]
	at net.minecraft.world.level.storage.loot.GsonAdapterFactory$JsonAdapter.deserialize(GsonAdapterFactory.java:102) ~[server-1.20.1-20230612.114412-srg.jar%23701!/:?]
	at com.google.gson.internal.bind.TreeTypeAdapter.read(TreeTypeAdapter.java:76) ~[gson-2.10.jar%2372!/:?]
	at com.google.gson.internal.bind.TypeAdapterRuntimeTypeWrapper.read(TypeAdapterRuntimeTypeWrapper.java:40) ~[gson-2.10.jar%2372!/:?]
	at com.google.gson.internal.bind.ArrayTypeAdapter.read(ArrayTypeAdapter.java:72) ~[gson-2.10.jar%2372!/:?]
	at com.google.gson.Gson.fromJson(Gson.java:1214) ~[gson-2.10.jar%2372!/:?]
	at com.google.gson.Gson.fromJson(Gson.java:1319) ~[gson-2.10.jar%2372!/:?]
	at com.google.gson.Gson.fromJson(Gson.java:1290) ~[gson-2.10.jar%2372!/:?]
	at com.google.gson.internal.bind.TreeTypeAdapter$GsonContextImpl.deserialize(TreeTypeAdapter.java:179) ~[gson-2.10.jar%2372!/:?]
	at net.minecraft.util.GsonHelper.m_13808_(GsonHelper.java:463) ~[server-1.20.1-20230612.114412-srg.jar%23701!/:?]
	at net.minecraft.util.GsonHelper.m_13836_(GsonHelper.java:471) ~[server-1.20.1-20230612.114412-srg.jar%23701!/:?]
	at net.minecraft.world.level.storage.loot.LootPool$Serializer.deserialize(LootPool.java:192) ~[server-1.20.1-20230612.114412-srg.jar%23701!/:?]
	at net.minecraft.world.level.storage.loot.LootPool$Serializer.deserialize(LootPool.java:189) ~[server-1.20.1-20230612.114412-srg.jar%23701!/:?]
	at com.google.gson.internal.bind.TreeTypeAdapter.read(TreeTypeAdapter.java:76) ~[gson-2.10.jar%2372!/:?]
	at com.google.gson.internal.bind.TypeAdapterRuntimeTypeWrapper.read(TypeAdapterRuntimeTypeWrapper.java:40) ~[gson-2.10.jar%2372!/:?]
	at com.google.gson.internal.bind.ArrayTypeAdapter.read(ArrayTypeAdapter.java:72) ~[gson-2.10.jar%2372!/:?]
	at com.google.gson.Gson.fromJson(Gson.java:1214) ~[gson-2.10.jar%2372!/:?]
	at com.google.gson.Gson.fromJson(Gson.java:1319) ~[gson-2.10.jar%2372!/:?]
	at com.google.gson.Gson.fromJson(Gson.java:1290) ~[gson-2.10.jar%2372!/:?]
	at com.google.gson.internal.bind.TreeTypeAdapter$GsonContextImpl.deserialize(TreeTypeAdapter.java:179) ~[gson-2.10.jar%2372!/:?]
	at net.minecraft.util.GsonHelper.m_13808_(GsonHelper.java:463) ~[server-1.20.1-20230612.114412-srg.jar%23701!/:?]
	at net.minecraft.util.GsonHelper.m_13845_(GsonHelper.java:481) ~[server-1.20.1-20230612.114412-srg.jar%23701!/:?]
	at net.minecraft.world.level.storage.loot.LootTable$Serializer.deserialize(LootTable.java:294) ~[server-1.20.1-20230612.114412-srg.jar%23701!/:?]
	at net.minecraft.world.level.storage.loot.LootTable$Serializer.deserialize(LootTable.java:291) ~[server-1.20.1-20230612.114412-srg.jar%23701!/:?]
	at com.google.gson.internal.bind.TreeTypeAdapter.read(TreeTypeAdapter.java:76) ~[gson-2.10.jar%2372!/:?]
	at com.google.gson.Gson.fromJson(Gson.java:1214) ~[gson-2.10.jar%2372!/:?]
	at com.google.gson.Gson.fromJson(Gson.java:1319) ~[gson-2.10.jar%2372!/:?]
	at com.google.gson.Gson.fromJson(Gson.java:1261) ~[gson-2.10.jar%2372!/:?]
	at net.minecraftforge.common.ForgeHooks.loadLootTable(ForgeHooks.java:872) ~[forge-1.20.1-47.4.10-universal.jar%23706!/:?]
	at net.minecraftforge.common.ForgeHooks.lambda$getLootTableDeserializer$3(ForgeHooks.java:849) ~[forge-1.20.1-47.4.10-universal.jar%23706!/:?]
	at net.minecraft.world.level.storage.loot.LootDataType.deserialize(LootDataType.java:45) ~[server-1.20.1-20230612.114412-srg.jar%23701!/:?]
	at net.minecraft.world.level.storage.loot.LootDataManager.lambda$scheduleElementParse$4(LootDataManager.java:56) ~[server-1.20.1-20230612.114412-srg.jar%23701!/:?]
	at java.util.HashMap.forEach(HashMap.java:1421) ~[?:?]
	at net.minecraft.world.level.storage.loot.LootDataManager.m_278660_(LootDataManager.java:55) ~[server-1.20.1-20230612.114412-srg.jar%23701!/:?]
	at java.util.concurrent.CompletableFuture$AsyncRun.run(CompletableFuture.java:1804) ~[?:?]
	at java.util.concurrent.CompletableFuture$AsyncRun.exec(CompletableFuture.java:1796) ~[?:?]
	at java.util.concurrent.ForkJoinTask.doExec(ForkJoinTask.java:373) ~[?:?]
	at java.util.concurrent.ForkJoinPool$WorkQueue.topLevelExec(ForkJoinPool.java:1182) ~[?:?]
	at java.util.concurrent.ForkJoinPool.scan(ForkJoinPool.java:1655) ~[?:?]
	at java.util.concurrent.ForkJoinPool.runWorker(ForkJoinPool.java:1622) ~[?:?]
	at java.util.concurrent.ForkJoinWorkerThread.run(ForkJoinWorkerThread.java:165) ~[?:?]
[06Aug2026 20:27:29.466] [Worker-Main-1/ERROR] [net.minecraftforge.common.ForgeHooks/]: Couldn't parse element loot_tables:outer_end:blocks/azure_vertical_planks
com.google.gson.JsonSyntaxException: Expected name to be an item, was unknown string 'outer_end:azure_vertical_planks'
	at net.minecraft.util.GsonHelper.m_13866_(GsonHelper.java:145) ~[server-1.20.1-20230612.114412-srg.jar%23701!/:?]
	at java.util.Optional.orElseThrow(Optional.java:403) ~[?:?]
	at net.minecraft.util.GsonHelper.m_13874_(GsonHelper.java:145) ~[server-1.20.1-20230612.114412-srg.jar%23701!/:?]
	at net.minecraft.util.GsonHelper.m_13909_(GsonHelper.java:153) ~[server-1.20.1-20230612.114412-srg.jar%23701!/:?]
	at net.minecraft.world.level.storage.loot.entries.LootItem$Serializer.m_7267_(LootItem.java:55) ~[server-1.20.1-20230612.114412-srg.jar%23701!/:?]
	at net.minecraft.world.level.storage.loot.entries.LootItem$Serializer.m_7267_(LootItem.java:40) ~[server-1.20.1-20230612.114412-srg.jar%23701!/:?]
	at net.minecraft.world.level.storage.loot.entries.LootPoolSingletonContainer$Serializer.m_5921_(LootPoolSingletonContainer.java:151) ~[server-1.20.1-20230612.114412-srg.jar%23701!/:?]
	at net.minecraft.world.level.storage.loot.entries.LootPoolSingletonContainer$Serializer.m_5921_(LootPoolSingletonContainer.java:129) ~[server-1.20.1-20230612.114412-srg.jar%23701!/:?]
	at net.minecraft.world.level.storage.loot.entries.LootPoolEntryContainer$Serializer.m_7561_(LootPoolEntryContainer.java:86) ~[server-1.20.1-20230612.114412-srg.jar%23701!/:?]
	at net.minecraft.world.level.storage.loot.entries.LootPoolEntryContainer$Serializer.m_7561_(LootPoolEntryContainer.java:74) ~[server-1.20.1-20230612.114412-srg.jar%23701!/:?]
	at net.minecraft.world.level.storage.loot.GsonAdapterFactory$JsonAdapter.deserialize(GsonAdapterFactory.java:102) ~[server-1.20.1-20230612.114412-srg.jar%23701!/:?]
	at com.google.gson.internal.bind.TreeTypeAdapter.read(TreeTypeAdapter.java:76) ~[gson-2.10.jar%2372!/:?]
	at com.google.gson.internal.bind.TypeAdapterRuntimeTypeWrapper.read(TypeAdapterRuntimeTypeWrapper.java:40) ~[gson-2.10.jar%2372!/:?]
	at com.google.gson.internal.bind.ArrayTypeAdapter.read(ArrayTypeAdapter.java:72) ~[gson-2.10.jar%2372!/:?]
	at com.google.gson.Gson.fromJson(Gson.java:1214) ~[gson-2.10.jar%2372!/:?]
	at com.google.gson.Gson.fromJson(Gson.java:1319) ~[gson-2.10.jar%2372!/:?]
	at com.google.gson.Gson.fromJson(Gson.java:1290) ~[gson-2.10.jar%2372!/:?]
	at com.google.gson.internal.bind.TreeTypeAdapter$GsonContextImpl.deserialize(TreeTypeAdapter.java:179) ~[gson-2.10.jar%2372!/:?]
	at net.minecraft.util.GsonHelper.m_13808_(GsonHelper.java:463) ~[server-1.20.1-20230612.114412-srg.jar%23701!/:?]
	at net.minecraft.util.GsonHelper.m_13836_(GsonHelper.java:471) ~[server-1.20.1-20230612.114412-srg.jar%23701!/:?]
	at net.minecraft.world.level.storage.loot.LootPool$Serializer.deserialize(LootPool.java:192) ~[server-1.20.1-20230612.114412-srg.jar%23701!/:?]
	at net.minecraft.world.level.storage.loot.LootPool$Serializer.deserialize(LootPool.java:189) ~[server-1.20.1-20230612.114412-srg.jar%23701!/:?]
	at com.google.gson.internal.bind.TreeTypeAdapter.read(TreeTypeAdapter.java:76) ~[gson-2.10.jar%2372!/:?]
	at com.google.gson.internal.bind.TypeAdapterRuntimeTypeWrapper.read(TypeAdapterRuntimeTypeWrapper.java:40) ~[gson-2.10.jar%2372!/:?]
	at com.google.gson.internal.bind.ArrayTypeAdapter.read(ArrayTypeAdapter.java:72) ~[gson-2.10.jar%2372!/:?]
	at com.google.gson.Gson.fromJson(Gson.java:1214) ~[gson-2.10.jar%2372!/:?]
	at com.google.gson.Gson.fromJson(Gson.java:1319) ~[gson-2.10.jar%2372!/:?]
	at com.google.gson.Gson.fromJson(Gson.java:1290) ~[gson-2.10.jar%2372!/:?]
	at com.google.gson.internal.bind.TreeTypeAdapter$GsonContextImpl.deserialize(TreeTypeAdapter.java:179) ~[gson-2.10.jar%2372!/:?]
	at net.minecraft.util.GsonHelper.m_13808_(GsonHelper.java:463) ~[server-1.20.1-20230612.114412-srg.jar%23701!/:?]
	at net.minecraft.util.GsonHelper.m_13845_(GsonHelper.java:481) ~[server-1.20.1-20230612.114412-srg.jar%23701!/:?]
	at net.minecraft.world.level.storage.loot.LootTable$Serializer.deserialize(LootTable.java:294) ~[server-1.20.1-20230612.114412-srg.jar%23701!/:?]
	at net.minecraft.world.level.storage.loot.LootTable$Serializer.deserialize(LootTable.java:291) ~[server-1.20.1-20230612.114412-srg.jar%23701!/:?]
	at com.google.gson.internal.bind.TreeTypeAdapter.read(TreeTypeAdapter.java:76) ~[gson-2.10.jar%2372!/:?]
	at com.google.gson.Gson.fromJson(Gson.java:1214) ~[gson-2.10.jar%2372!/:?]
	at com.google.gson.Gson.fromJson(Gson.java:1319) ~[gson-2.10.jar%2372!/:?]
	at com.google.gson.Gson.fromJson(Gson.java:1261) ~[gson-2.10.jar%2372!/:?]
	at net.minecraftforge.common.ForgeHooks.loadLootTable(ForgeHooks.java:872) ~[forge-1.20.1-47.4.10-universal.jar%23706!/:?]
	at net.minecraftforge.common.ForgeHooks.lambda$getLootTableDeserializer$3(ForgeHooks.java:849) ~[forge-1.20.1-47.4.10-universal.jar%23706!/:?]
	at net.minecraft.world.level.storage.loot.LootDataType.deserialize(LootDataType.java:45) ~[server-1.20.1-20230612.114412-srg.jar%23701!/:?]
	at net.minecraft.world.level.storage.loot.LootDataManager.lambda$scheduleElementParse$4(LootDataManager.java:56) ~[server-1.20.1-20230612.114412-srg.jar%23701!/:?]
	at java.util.HashMap.forEach(HashMap.java:1421) ~[?:?]
	at net.minecraft.world.level.storage.loot.LootDataManager.m_278660_(LootDataManager.java:55) ~[server-1.20.1-20230612.114412-srg.jar%23701!/:?]
	at java.util.concurrent.CompletableFuture$AsyncRun.run(CompletableFuture.java:1804) ~[?:?]
	at java.util.concurrent.CompletableFuture$AsyncRun.exec(CompletableFuture.java:1796) ~[?:?]
	at java.util.concurrent.ForkJoinTask.doExec(ForkJoinTask.java:373) ~[?:?]
	at java.util.concurrent.ForkJoinPool$WorkQueue.topLevelExec(ForkJoinPool.java:1182) ~[?:?]
	at java.util.concurrent.ForkJoinPool.scan(ForkJoinPool.java:1655) ~[?:?]
	at java.util.concurrent.ForkJoinPool.runWorker(ForkJoinPool.java:1622) ~[?:?]
	at java.util.concurrent.ForkJoinWorkerThread.run(ForkJoinWorkerThread.java:165) ~[?:?]
[06Aug2026 20:27:29.531] [Worker-Main-1/WARN] [org.berezka.berezka_api.resources.BuiltInResourcePack/]: [Berezka API] called getResource with namespace berezka_api but file (farm.json) doesn't exist. (most of the time you can ignore this
[06Aug2026 20:27:29.544] [Worker-Main-1/ERROR] [net.minecraftforge.common.ForgeHooks/]: Couldn't parse element loot_tables:nfm:blocks/beige_modern_kitchen_counter
com.google.gson.JsonSyntaxException: Expected name to be an item, was unknown string 'nfm:beige_modern_kitchen_counter'
	at net.minecraft.util.GsonHelper.m_13866_(GsonHelper.java:145) ~[server-1.20.1-20230612.114412-srg.jar%23701!/:?]
	at java.util.Optional.orElseThrow(Optional.java:403) ~[?:?]
	at net.minecraft.util.GsonHelper.m_13874_(GsonHelper.java:145) ~[server-1.20.1-20230612.114412-srg.jar%23701!/:?]
	at net.minecraft.util.GsonHelper.m_13909_(GsonHelper.java:153) ~[server-1.20.1-20230612.114412-srg.jar%23701!/:?]
	at net.minecraft.world.level.storage.loot.entries.LootItem$Serializer.m_7267_(LootItem.java:55) ~[server-1.20.1-20230612.114412-srg.jar%23701!/:?]
	at net.minecraft.world.level.storage.loot.entries.LootItem$Serializer.m_7267_(LootItem.java:40) ~[server-1.20.1-20230612.114412-srg.jar%23701!/:?]
	at net.minecraft.world.level.storage.loot.entries.LootPoolSingletonContainer$Serializer.m_5921_(LootPoolSingletonContainer.java:151) ~[server-1.20.1-20230612.114412-srg.jar%23701!/:?]
	at net.minecraft.world.level.storage.loot.entries.LootPoolSingletonContainer$Serializer.m_5921_(LootPoolSingletonContainer.java:129) ~[server-1.20.1-20230612.114412-srg.jar%23701!/:?]
	at net.minecraft.world.level.storage.loot.entries.LootPoolEntryContainer$Serializer.m_7561_(LootPoolEntryContainer.java:86) ~[server-1.20.1-20230612.114412-srg.jar%23701!/:?]
	at net.minecraft.world.level.storage.loot.entries.LootPoolEntryContainer$Serializer.m_7561_(LootPoolEntryContainer.java:74) ~[server-1.20.1-20230612.114412-srg.jar%23701!/:?]
	at net.minecraft.world.level.storage.loot.GsonAdapterFactory$JsonAdapter.deserialize(GsonAdapterFactory.java:102) ~[server-1.20.1-20230612.114412-srg.jar%23701!/:?]
	at com.google.gson.internal.bind.TreeTypeAdapter.read(TreeTypeAdapter.java:76) ~[gson-2.10.jar%2372!/:?]
	at com.google.gson.internal.bind.TypeAdapterRuntimeTypeWrapper.read(TypeAdapterRuntimeTypeWrapper.java:40) ~[gson-2.10.jar%2372!/:?]
	at com.google.gson.internal.bind.ArrayTypeAdapter.read(ArrayTypeAdapter.java:72) ~[gson-2.10.jar%2372!/:?]
	at com.google.gson.Gson.fromJson(Gson.java:1214) ~[gson-2.10.jar%2372!/:?]
	at com.google.gson.Gson.fromJson(Gson.java:1319) ~[gson-2.10.jar%2372!/:?]
	at com.google.gson.Gson.fromJson(Gson.java:1290) ~[gson-2.10.jar%2372!/:?]
	at com.google.gson.internal.bind.TreeTypeAdapter$GsonContextImpl.deserialize(TreeTypeAdapter.java:179) ~[gson-2.10.jar%2372!/:?]
	at net.minecraft.util.GsonHelper.m_13808_(GsonHelper.java:463) ~[server-1.20.1-20230612.114412-srg.jar%23701!/:?]
	at net.minecraft.util.GsonHelper.m_13836_(GsonHelper.java:471) ~[server-1.20.1-20230612.114412-srg.jar%23701!/:?]
	at net.minecraft.world.level.storage.loot.LootPool$Serializer.deserialize(LootPool.java:192) ~[server-1.20.1-20230612.114412-srg.jar%23701!/:?]
	at net.minecraft.world.level.storage.loot.LootPool$Serializer.deserialize(LootPool.java:189) ~[server-1.20.1-20230612.114412-srg.jar%23701!/:?]
	at com.google.gson.internal.bind.TreeTypeAdapter.read(TreeTypeAdapter.java:76) ~[gson-2.10.jar%2372!/:?]
	at com.google.gson.internal.bind.TypeAdapterRuntimeTypeWrapper.read(TypeAdapterRuntimeTypeWrapper.java:40) ~[gson-2.10.jar%2372!/:?]
	at com.google.gson.internal.bind.ArrayTypeAdapter.read(ArrayTypeAdapter.java:72) ~[gson-2.10.jar%2372!/:?]
	at com.google.gson.Gson.fromJson(Gson.java:1214) ~[gson-2.10.jar%2372!/:?]
	at com.google.gson.Gson.fromJson(Gson.java:1319) ~[gson-2.10.jar%2372!/:?]
	at com.google.gson.Gson.fromJson(Gson.java:1290) ~[gson-2.10.jar%2372!/:?]
	at com.google.gson.internal.bind.TreeTypeAdapter$GsonContextImpl.deserialize(TreeTypeAdapter.java:179) ~[gson-2.10.jar%2372!/:?]
	at net.minecraft.util.GsonHelper.m_13808_(GsonHelper.java:463) ~[server-1.20.1-20230612.114412-srg.jar%23701!/:?]
	at net.minecraft.util.GsonHelper.m_13845_(GsonHelper.java:481) ~[server-1.20.1-20230612.114412-srg.jar%23701!/:?]
	at net.minecraft.world.level.storage.loot.LootTable$Serializer.deserialize(LootTable.java:294) ~[server-1.20.1-20230612.114412-srg.jar%23701!/:?]
	at net.minecraft.world.level.storage.loot.LootTable$Serializer.deserialize(LootTable.java:291) ~[server-1.20.1-20230612.114412-srg.jar%23701!/:?]
	at com.google.gson.internal.bind.TreeTypeAdapter.read(TreeTypeAdapter.java:76) ~[gson-2.10.jar%2372!/:?]
	at com.google.gson.Gson.fromJson(Gson.java:1214) ~[gson-2.10.jar%2372!/:?]
	at com.google.gson.Gson.fromJson(Gson.java:1319) ~[gson-2.10.jar%2372!/:?]
	at com.google.gson.Gson.fromJson(Gson.java:1261) ~[gson-2.10.jar%2372!/:?]
	at net.minecraftforge.common.ForgeHooks.loadLootTable(ForgeHooks.java:872) ~[forge-1.20.1-47.4.10-universal.jar%23706!/:?]
	at net.minecraftforge.common.ForgeHooks.lambda$getLootTableDeserializer$3(ForgeHooks.java:849) ~[forge-1.20.1-47.4.10-universal.jar%23706!/:?]
	at net.minecraft.world.level.storage.loot.LootDataType.deserialize(LootDataType.java:45) ~[server-1.20.1-20230612.114412-srg.jar%23701!/:?]
	at net.minecraft.world.level.storage.loot.LootDataManager.lambda$scheduleElementParse$4(LootDataManager.java:56) ~[server-1.20.1-20230612.114412-srg.jar%23701!/:?]
	at java.util.HashMap.forEach(HashMap.java:1421) ~[?:?]
	at net.minecraft.world.level.storage.loot.LootDataManager.m_278660_(LootDataManager.java:55) ~[server-1.20.1-20230612.114412-srg.jar%23701!/:?]
	at java.util.concurrent.CompletableFuture$AsyncRun.run(CompletableFuture.java:1804) ~[?:?]
	at java.util.concurrent.CompletableFuture$AsyncRun.exec(CompletableFuture.java:1796) ~[?:?]
	at java.util.concurrent.ForkJoinTask.doExec(ForkJoinTask.java:373) ~[?:?]
	at java.util.concurrent.ForkJoinPool$WorkQueue.topLevelExec(ForkJoinPool.java:1182) ~[?:?]
	at java.util.concurrent.ForkJoinPool.scan(ForkJoinPool.java:1655) ~[?:?]
	at java.util.concurrent.ForkJoinPool.runWorker(ForkJoinPool.java:1622) ~[?:?]
	at java.util.concurrent.ForkJoinWorkerThread.run(ForkJoinWorkerThread.java:165) ~[?:?]
[06Aug2026 20:27:29.551] [Worker-Main-1/ERROR] [net.minecraftforge.common.ForgeHooks/]: Couldn't parse element loot_tables:outer_end:blocks/himmel_vertical_slab
java.lang.IllegalArgumentException: Can't find block outer_end:himmel_vertical_slab
	at net.minecraft.world.level.storage.loot.predicates.LootItemBlockStatePropertyCondition$Serializer.m_81802_(LootItemBlockStatePropertyCondition.java:79) ~[server-1.20.1-20230612.114412-srg.jar%23701!/:?]
	at java.util.Optional.orElseThrow(Optional.java:403) ~[?:?]
	at net.minecraft.world.level.storage.loot.predicates.LootItemBlockStatePropertyCondition$Serializer.m_7561_(LootItemBlockStatePropertyCondition.java:79) ~[server-1.20.1-20230612.114412-srg.jar%23701!/:?]
	at net.minecraft.world.level.storage.loot.predicates.LootItemBlockStatePropertyCondition$Serializer.m_7561_(LootItemBlockStatePropertyCondition.java:68) ~[server-1.20.1-20230612.114412-srg.jar%23701!/:?]
	at net.minecraft.world.level.storage.loot.GsonAdapterFactory$JsonAdapter.deserialize(GsonAdapterFactory.java:102) ~[server-1.20.1-20230612.114412-srg.jar%23701!/:?]
	at com.google.gson.internal.bind.TreeTypeAdapter.read(TreeTypeAdapter.java:76) ~[gson-2.10.jar%2372!/:?]
	at com.google.gson.internal.bind.TypeAdapterRuntimeTypeWrapper.read(TypeAdapterRuntimeTypeWrapper.java:40) ~[gson-2.10.jar%2372!/:?]
	at com.google.gson.internal.bind.ArrayTypeAdapter.read(ArrayTypeAdapter.java:72) ~[gson-2.10.jar%2372!/:?]
	at com.google.gson.Gson.fromJson(Gson.java:1214) ~[gson-2.10.jar%2372!/:?]
	at com.google.gson.Gson.fromJson(Gson.java:1319) ~[gson-2.10.jar%2372!/:?]
	at com.google.gson.Gson.fromJson(Gson.java:1290) ~[gson-2.10.jar%2372!/:?]
	at com.google.gson.internal.bind.TreeTypeAdapter$GsonContextImpl.deserialize(TreeTypeAdapter.java:179) ~[gson-2.10.jar%2372!/:?]
	at net.minecraft.util.GsonHelper.m_13808_(GsonHelper.java:463) ~[server-1.20.1-20230612.114412-srg.jar%23701!/:?]
	at net.minecraft.util.GsonHelper.m_13845_(GsonHelper.java:481) ~[server-1.20.1-20230612.114412-srg.jar%23701!/:?]
	at net.minecraft.world.level.storage.loot.functions.LootItemConditionalFunction$Serializer.m_7561_(LootItemConditionalFunction.java:98) ~[server-1.20.1-20230612.114412-srg.jar%23701!/:?]
	at net.minecraft.world.level.storage.loot.functions.LootItemConditionalFunction$Serializer.m_7561_(LootItemConditionalFunction.java:88) ~[server-1.20.1-20230612.114412-srg.jar%23701!/:?]
	at net.minecraft.world.level.storage.loot.GsonAdapterFactory$JsonAdapter.deserialize(GsonAdapterFactory.java:102) ~[server-1.20.1-20230612.114412-srg.jar%23701!/:?]
	at com.google.gson.internal.bind.TreeTypeAdapter.read(TreeTypeAdapter.java:76) ~[gson-2.10.jar%2372!/:?]
	at com.google.gson.internal.bind.TypeAdapterRuntimeTypeWrapper.read(TypeAdapterRuntimeTypeWrapper.java:40) ~[gson-2.10.jar%2372!/:?]
	at com.google.gson.internal.bind.ArrayTypeAdapter.read(ArrayTypeAdapter.java:72) ~[gson-2.10.jar%2372!/:?]
	at com.google.gson.Gson.fromJson(Gson.java:1214) ~[gson-2.10.jar%2372!/:?]
	at com.google.gson.Gson.fromJson(Gson.java:1319) ~[gson-2.10.jar%2372!/:?]
	at com.google.gson.Gson.fromJson(Gson.java:1290) ~[gson-2.10.jar%2372!/:?]
	at com.google.gson.internal.bind.TreeTypeAdapter$GsonContextImpl.deserialize(TreeTypeAdapter.java:179) ~[gson-2.10.jar%2372!/:?]
	at net.minecraft.util.GsonHelper.m_13808_(GsonHelper.java:463) ~[server-1.20.1-20230612.114412-srg.jar%23701!/:?]
	at net.minecraft.util.GsonHelper.m_13845_(GsonHelper.java:481) ~[server-1.20.1-20230612.114412-srg.jar%23701!/:?]
	at net.minecraft.world.level.storage.loot.entries.LootPoolSingletonContainer$Serializer.m_5921_(LootPoolSingletonContainer.java:149) ~[server-1.20.1-20230612.114412-srg.jar%23701!/:?]
	at net.minecraft.world.level.storage.loot.entries.LootPoolSingletonContainer$Serializer.m_5921_(LootPoolSingletonContainer.java:129) ~[server-1.20.1-20230612.114412-srg.jar%23701!/:?]
	at net.minecraft.world.level.storage.loot.entries.LootPoolEntryContainer$Serializer.m_7561_(LootPoolEntryContainer.java:86) ~[server-1.20.1-20230612.114412-srg.jar%23701!/:?]
	at net.minecraft.world.level.storage.loot.entries.LootPoolEntryContainer$Serializer.m_7561_(LootPoolEntryContainer.java:74) ~[server-1.20.1-20230612.114412-srg.jar%23701!/:?]
	at net.minecraft.world.level.storage.loot.GsonAdapterFactory$JsonAdapter.deserialize(GsonAdapterFactory.java:102) ~[server-1.20.1-20230612.114412-srg.jar%23701!/:?]
	at com.google.gson.internal.bind.TreeTypeAdapter.read(TreeTypeAdapter.java:76) ~[gson-2.10.jar%2372!/:?]
	at com.google.gson.internal.bind.TypeAdapterRuntimeTypeWrapper.read(TypeAdapterRuntimeTypeWrapper.java:40) ~[gson-2.10.jar%2372!/:?]
	at com.google.gson.internal.bind.ArrayTypeAdapter.read(ArrayTypeAdapter.java:72) ~[gson-2.10.jar%2372!/:?]
	at com.google.gson.Gson.fromJson(Gson.java:1214) ~[gson-2.10.jar%2372!/:?]
	at com.google.gson.Gson.fromJson(Gson.java:1319) ~[gson-2.10.jar%2372!/:?]
	at com.google.gson.Gson.fromJson(Gson.java:1290) ~[gson-2.10.jar%2372!/:?]
	at com.google.gson.internal.bind.TreeTypeAdapter$GsonContextImpl.deserialize(TreeTypeAdapter.java:179) ~[gson-2.10.jar%2372!/:?]
	at net.minecraft.util.GsonHelper.m_13808_(GsonHelper.java:463) ~[server-1.20.1-20230612.114412-srg.jar%23701!/:?]
	at net.minecraft.util.GsonHelper.m_13836_(GsonHelper.java:471) ~[server-1.20.1-20230612.114412-srg.jar%23701!/:?]
	at net.minecraft.world.level.storage.loot.LootPool$Serializer.deserialize(LootPool.java:192) ~[server-1.20.1-20230612.114412-srg.jar%23701!/:?]
	at net.minecraft.world.level.storage.loot.LootPool$Serializer.deserialize(LootPool.java:189) ~[server-1.20.1-20230612.114412-srg.jar%23701!/:?]
	at com.google.gson.internal.bind.TreeTypeAdapter.read(TreeTypeAdapter.java:76) ~[gson-2.10.jar%2372!/:?]
	at com.google.gson.internal.bind.TypeAdapterRuntimeTypeWrapper.read(TypeAdapterRuntimeTypeWrapper.java:40) ~[gson-2.10.jar%2372!/:?]
	at com.google.gson.internal.bind.ArrayTypeAdapter.read(ArrayTypeAdapter.java:72) ~[gson-2.10.jar%2372!/:?]
	at com.google.gson.Gson.fromJson(Gson.java:1214) ~[gson-2.10.jar%2372!/:?]
	at com.google.gson.Gson.fromJson(Gson.java:1319) ~[gson-2.10.jar%2372!/:?]
	at com.google.gson.Gson.fromJson(Gson.java:1290) ~[gson-2.10.jar%2372!/:?]
	at com.google.gson.internal.bind.TreeTypeAdapter$GsonContextImpl.deserialize(TreeTypeAdapter.java:179) ~[gson-2.10.jar%2372!/:?]
	at net.minecraft.util.GsonHelper.m_13808_(GsonHelper.java:463) ~[server-1.20.1-20230612.114412-srg.jar%23701!/:?]
	at net.minecraft.util.GsonHelper.m_13845_(GsonHelper.java:481) ~[server-1.20.1-20230612.114412-srg.jar%23701!/:?]
	at net.minecraft.world.level.storage.loot.LootTable$Serializer.deserialize(LootTable.java:294) ~[server-1.20.1-20230612.114412-srg.jar%23701!/:?]
	at net.minecraft.world.level.storage.loot.LootTable$Serializer.deserialize(LootTable.java:291) ~[server-1.20.1-20230612.114412-srg.jar%23701!/:?]
	at com.google.gson.internal.bind.TreeTypeAdapter.read(TreeTypeAdapter.java:76) ~[gson-2.10.jar%2372!/:?]
	at com.google.gson.Gson.fromJson(Gson.java:1214) ~[gson-2.10.jar%2372!/:?]
	at com.google.gson.Gson.fromJson(Gson.java:1319) ~[gson-2.10.jar%2372!/:?]
	at com.google.gson.Gson.fromJson(Gson.java:1261) ~[gson-2.10.jar%2372!/:?]
	at net.minecraftforge.common.ForgeHooks.loadLootTable(ForgeHooks.java:872) ~[forge-1.20.1-47.4.10-universal.jar%23706!/:?]
	at net.minecraftforge.common.ForgeHooks.lambda$getLootTableDeserializer$3(ForgeHooks.java:849) ~[forge-1.20.1-47.4.10-universal.jar%23706!/:?]
	at net.minecraft.world.level.storage.loot.LootDataType.deserialize(LootDataType.java:45) ~[server-1.20.1-20230612.114412-srg.jar%23701!/:?]
	at net.minecraft.world.level.storage.loot.LootDataManager.lambda$scheduleElementParse$4(LootDataManager.java:56) ~[server-1.20.1-20230612.114412-srg.jar%23701!/:?]
	at java.util.HashMap.forEach(HashMap.java:1421) ~[?:?]
	at net.minecraft.world.level.storage.loot.LootDataManager.m_278660_(LootDataManager.java:55) ~[server-1.20.1-20230612.114412-srg.jar%23701!/:?]
	at java.util.concurrent.CompletableFuture$AsyncRun.run(CompletableFuture.java:1804) ~[?:?]
	at java.util.concurrent.CompletableFuture$AsyncRun.exec(CompletableFuture.java:1796) ~[?:?]
	at java.util.concurrent.ForkJoinTask.doExec(ForkJoinTask.java:373) ~[?:?]
	at java.util.concurrent.ForkJoinPool$WorkQueue.topLevelExec(ForkJoinPool.java:1182) ~[?:?]
	at java.util.concurrent.ForkJoinPool.scan(ForkJoinPool.java:1655) ~[?:?]
	at java.util.concurrent.ForkJoinPool.runWorker(ForkJoinPool.java:1622) ~[?:?]
	at java.util.concurrent.ForkJoinWorkerThread.run(ForkJoinWorkerThread.java:165) ~[?:?]
[06Aug2026 20:27:29.624] [Worker-Main-1/ERROR] [net.minecraftforge.common.ForgeHooks/]: Couldn't parse element loot_tables:nfm:blocks/beige_modern_table
com.google.gson.JsonSyntaxException: Expected name to be an item, was unknown string 'nfm:beige_modern_table'
	at net.minecraft.util.GsonHelper.m_13866_(GsonHelper.java:145) ~[server-1.20.1-20230612.114412-srg.jar%23701!/:?]
	at java.util.Optional.orElseThrow(Optional.java:403) ~[?:?]
	at net.minecraft.util.GsonHelper.m_13874_(GsonHelper.java:145) ~[server-1.20.1-20230612.114412-srg.jar%23701!/:?]
	at net.minecraft.util.GsonHelper.m_13909_(GsonHelper.java:153) ~[server-1.20.1-20230612.114412-srg.jar%23701!/:?]
	at net.minecraft.world.level.storage.loot.entries.LootItem$Serializer.m_7267_(LootItem.java:55) ~[server-1.20.1-20230612.114412-srg.jar%23701!/:?]
	at net.minecraft.world.level.storage.loot.entries.LootItem$Serializer.m_7267_(LootItem.java:40) ~[server-1.20.1-20230612.114412-srg.jar%23701!/:?]
	at net.minecraft.world.level.storage.loot.entries.LootPoolSingletonContainer$Serializer.m_5921_(LootPoolSingletonContainer.java:151) ~[server-1.20.1-20230612.114412-srg.jar%23701!/:?]
	at net.minecraft.world.level.storage.loot.entries.LootPoolSingletonContainer$Serializer.m_5921_(LootPoolSingletonContainer.java:129) ~[server-1.20.1-20230612.114412-srg.jar%23701!/:?]
	at net.minecraft.world.level.storage.loot.entries.LootPoolEntryContainer$Serializer.m_7561_(LootPoolEntryContainer.java:86) ~[server-1.20.1-20230612.114412-srg.jar%23701!/:?]
	at net.minecraft.world.level.storage.loot.entries.LootPoolEntryContainer$Serializer.m_7561_(LootPoolEntryContainer.java:74) ~[server-1.20.1-20230612.114412-srg.jar%23701!/:?]
	at net.minecraft.world.level.storage.loot.GsonAdapterFactory$JsonAdapter.deserialize(GsonAdapterFactory.java:102) ~[server-1.20.1-20230612.114412-srg.jar%23701!/:?]
	at com.google.gson.internal.bind.TreeTypeAdapter.read(TreeTypeAdapter.java:76) ~[gson-2.10.jar%2372!/:?]
	at com.google.gson.internal.bind.TypeAdapterRuntimeTypeWrapper.read(TypeAdapterRuntimeTypeWrapper.java:40) ~[gson-2.10.jar%2372!/:?]
	at com.google.gson.internal.bind.ArrayTypeAdapter.read(ArrayTypeAdapter.java:72) ~[gson-2.10.jar%2372!/:?]
	at com.google.gson.Gson.fromJson(Gson.java:1214) ~[gson-2.10.jar%2372!/:?]
	at com.google.gson.Gson.fromJson(Gson.java:1319) ~[gson-2.10.jar%2372!/:?]
	at com.google.gson.Gson.fromJson(Gson.java:1290) ~[gson-2.10.jar%2372!/:?]
	at com.google.gson.internal.bind.TreeTypeAdapter$GsonContextImpl.deserialize(TreeTypeAdapter.java:179) ~[gson-2.10.jar%2372!/:?]
	at net.minecraft.util.GsonHelper.m_13808_(GsonHelper.java:463) ~[server-1.20.1-20230612.114412-srg.jar%23701!/:?]
	at net.minecraft.util.GsonHelper.m_13836_(GsonHelper.java:471) ~[server-1.20.1-20230612.114412-srg.jar%23701!/:?]
	at net.minecraft.world.level.storage.loot.LootPool$Serializer.deserialize(LootPool.java:192) ~[server-1.20.1-20230612.114412-srg.jar%23701!/:?]
	at net.minecraft.world.level.storage.loot.LootPool$Serializer.deserialize(LootPool.java:189) ~[server-1.20.1-20230612.114412-srg.jar%23701!/:?]
	at com.google.gson.internal.bind.TreeTypeAdapter.read(TreeTypeAdapter.java:76) ~[gson-2.10.jar%2372!/:?]
	at com.google.gson.internal.bind.TypeAdapterRuntimeTypeWrapper.read(TypeAdapterRuntimeTypeWrapper.java:40) ~[gson-2.10.jar%2372!/:?]
	at com.google.gson.internal.bind.ArrayTypeAdapter.read(ArrayTypeAdapter.java:72) ~[gson-2.10.jar%2372!/:?]
	at com.google.gson.Gson.fromJson(Gson.java:1214) ~[gson-2.10.jar%2372!/:?]
	at com.google.gson.Gson.fromJson(Gson.java:1319) ~[gson-2.10.jar%2372!/:?]
	at com.google.gson.Gson.fromJson(Gson.java:1290) ~[gson-2.10.jar%2372!/:?]
	at com.google.gson.internal.bind.TreeTypeAdapter$GsonContextImpl.deserialize(TreeTypeAdapter.java:179) ~[gson-2.10.jar%2372!/:?]
	at net.minecraft.util.GsonHelper.m_13808_(GsonHelper.java:463) ~[server-1.20.1-20230612.114412-srg.jar%23701!/:?]
	at net.minecraft.util.GsonHelper.m_13845_(GsonHelper.java:481) ~[server-1.20.1-20230612.114412-srg.jar%23701!/:?]
	at net.minecraft.world.level.storage.loot.LootTable$Serializer.deserialize(LootTable.java:294) ~[server-1.20.1-20230612.114412-srg.jar%23701!/:?]
	at net.minecraft.world.level.storage.loot.LootTable$Serializer.deserialize(LootTable.java:291) ~[server-1.20.1-20230612.114412-srg.jar%23701!/:?]
	at com.google.gson.internal.bind.TreeTypeAdapter.read(TreeTypeAdapter.java:76) ~[gson-2.10.jar%2372!/:?]
	at com.google.gson.Gson.fromJson(Gson.java:1214) ~[gson-2.10.jar%2372!/:?]
	at com.google.gson.Gson.fromJson(Gson.java:1319) ~[gson-2.10.jar%2372!/:?]
	at com.google.gson.Gson.fromJson(Gson.java:1261) ~[gson-2.10.jar%2372!/:?]
	at net.minecraftforge.common.ForgeHooks.loadLootTable(ForgeHooks.java:872) ~[forge-1.20.1-47.4.10-universal.jar%23706!/:?]
	at net.minecraftforge.common.ForgeHooks.lambda$getLootTableDeserializer$3(ForgeHooks.java:849) ~[forge-1.20.1-47.4.10-universal.jar%23706!/:?]
	at net.minecraft.world.level.storage.loot.LootDataType.deserialize(LootDataType.java:45) ~[server-1.20.1-20230612.114412-srg.jar%23701!/:?]
	at net.minecraft.world.level.storage.loot.LootDataManager.lambda$scheduleElementParse$4(LootDataManager.java:56) ~[server-1.20.1-20230612.114412-srg.jar%23701!/:?]
	at java.util.HashMap.forEach(HashMap.java:1421) ~[?:?]
	at net.minecraft.world.level.storage.loot.LootDataManager.m_278660_(LootDataManager.java:55) ~[server-1.20.1-20230612.114412-srg.jar%23701!/:?]
	at java.util.concurrent.CompletableFuture$AsyncRun.run(CompletableFuture.java:1804) ~[?:?]
	at java.util.concurrent.CompletableFuture$AsyncRun.exec(CompletableFuture.java:1796) ~[?:?]
	at java.util.concurrent.ForkJoinTask.doExec(ForkJoinTask.java:373) ~[?:?]
	at java.util.concurrent.ForkJoinPool$WorkQueue.topLevelExec(ForkJoinPool.java:1182) ~[?:?]
	at java.util.concurrent.ForkJoinPool.scan(ForkJoinPool.java:1655) ~[?:?]
	at java.util.concurrent.ForkJoinPool.runWorker(ForkJoinPool.java:1622) ~[?:?]
	at java.util.concurrent.ForkJoinWorkerThread.run(ForkJoinWorkerThread.java:165) ~[?:?]
[06Aug2026 20:27:29.654] [Worker-Main-1/WARN] [org.berezka.berezka_api.resources.BuiltInResourcePack/]: [Berezka API] called getResource with namespace berezka_api but file (gas_station.json) doesn't exist. (most of the time you can ignore this
[06Aug2026 20:27:29.669] [Worker-Main-1/ERROR] [net.minecraftforge.common.ForgeHooks/]: Couldn't parse element loot_tables:beyond_earth:blocks/glacio_tree_leaves
com.google.gson.JsonSyntaxException: Unknown type 'minecraft:alternative'
	at net.minecraft.world.level.storage.loot.GsonAdapterFactory$JsonAdapter.deserialize(GsonAdapterFactory.java:99) ~[server-1.20.1-20230612.114412-srg.jar%23701!/:?]
	at com.google.gson.internal.bind.TreeTypeAdapter.read(TreeTypeAdapter.java:76) ~[gson-2.10.jar%2372!/:?]
	at com.google.gson.internal.bind.TypeAdapterRuntimeTypeWrapper.read(TypeAdapterRuntimeTypeWrapper.java:40) ~[gson-2.10.jar%2372!/:?]
	at com.google.gson.internal.bind.ArrayTypeAdapter.read(ArrayTypeAdapter.java:72) ~[gson-2.10.jar%2372!/:?]
	at com.google.gson.Gson.fromJson(Gson.java:1214) ~[gson-2.10.jar%2372!/:?]
	at com.google.gson.Gson.fromJson(Gson.java:1319) ~[gson-2.10.jar%2372!/:?]
	at com.google.gson.Gson.fromJson(Gson.java:1290) ~[gson-2.10.jar%2372!/:?]
	at com.google.gson.internal.bind.TreeTypeAdapter$GsonContextImpl.deserialize(TreeTypeAdapter.java:179) ~[gson-2.10.jar%2372!/:?]
	at net.minecraft.util.GsonHelper.m_13808_(GsonHelper.java:463) ~[server-1.20.1-20230612.114412-srg.jar%23701!/:?]
	at net.minecraft.util.GsonHelper.m_13845_(GsonHelper.java:481) ~[server-1.20.1-20230612.114412-srg.jar%23701!/:?]
	at net.minecraft.world.level.storage.loot.entries.LootPoolEntryContainer$Serializer.m_7561_(LootPoolEntryContainer.java:85) ~[server-1.20.1-20230612.114412-srg.jar%23701!/:?]
	at net.minecraft.world.level.storage.loot.entries.LootPoolEntryContainer$Serializer.m_7561_(LootPoolEntryContainer.java:74) ~[server-1.20.1-20230612.114412-srg.jar%23701!/:?]
	at net.minecraft.world.level.storage.loot.GsonAdapterFactory$JsonAdapter.deserialize(GsonAdapterFactory.java:102) ~[server-1.20.1-20230612.114412-srg.jar%23701!/:?]
	at com.google.gson.internal.bind.TreeTypeAdapter.read(TreeTypeAdapter.java:76) ~[gson-2.10.jar%2372!/:?]
	at com.google.gson.internal.bind.TypeAdapterRuntimeTypeWrapper.read(TypeAdapterRuntimeTypeWrapper.java:40) ~[gson-2.10.jar%2372!/:?]
	at com.google.gson.internal.bind.ArrayTypeAdapter.read(ArrayTypeAdapter.java:72) ~[gson-2.10.jar%2372!/:?]
	at com.google.gson.Gson.fromJson(Gson.java:1214) ~[gson-2.10.jar%2372!/:?]
	at com.google.gson.Gson.fromJson(Gson.java:1319) ~[gson-2.10.jar%2372!/:?]
	at com.google.gson.Gson.fromJson(Gson.java:1290) ~[gson-2.10.jar%2372!/:?]
	at com.google.gson.internal.bind.TreeTypeAdapter$GsonContextImpl.deserialize(TreeTypeAdapter.java:179) ~[gson-2.10.jar%2372!/:?]
	at net.minecraft.util.GsonHelper.m_13808_(GsonHelper.java:463) ~[server-1.20.1-20230612.114412-srg.jar%23701!/:?]
	at net.minecraft.util.GsonHelper.m_13836_(GsonHelper.java:471) ~[server-1.20.1-20230612.114412-srg.jar%23701!/:?]
	at net.minecraft.world.level.storage.loot.entries.CompositeEntryBase$1.m_5921_(CompositeEntryBase.java:61) ~[server-1.20.1-20230612.114412-srg.jar%23701!/:?]
	at net.minecraft.world.level.storage.loot.entries.CompositeEntryBase$1.m_5921_(CompositeEntryBase.java:53) ~[server-1.20.1-20230612.114412-srg.jar%23701!/:?]
	at net.minecraft.world.level.storage.loot.entries.LootPoolEntryContainer$Serializer.m_7561_(LootPoolEntryContainer.java:86) ~[server-1.20.1-20230612.114412-srg.jar%23701!/:?]
	at net.minecraft.world.level.storage.loot.entries.LootPoolEntryContainer$Serializer.m_7561_(LootPoolEntryContainer.java:74) ~[server-1.20.1-20230612.114412-srg.jar%23701!/:?]
	at net.minecraft.world.level.storage.loot.GsonAdapterFactory$JsonAdapter.deserialize(GsonAdapterFactory.java:102) ~[server-1.20.1-20230612.114412-srg.jar%23701!/:?]
	at com.google.gson.internal.bind.TreeTypeAdapter.read(TreeTypeAdapter.java:76) ~[gson-2.10.jar%2372!/:?]
	at com.google.gson.internal.bind.TypeAdapterRuntimeTypeWrapper.read(TypeAdapterRuntimeTypeWrapper.java:40) ~[gson-2.10.jar%2372!/:?]
	at com.google.gson.internal.bind.ArrayTypeAdapter.read(ArrayTypeAdapter.java:72) ~[gson-2.10.jar%2372!/:?]
	at com.google.gson.Gson.fromJson(Gson.java:1214) ~[gson-2.10.jar%2372!/:?]
	at com.google.gson.Gson.fromJson(Gson.java:1319) ~[gson-2.10.jar%2372!/:?]
	at com.google.gson.Gson.fromJson(Gson.java:1290) ~[gson-2.10.jar%2372!/:?]
	at com.google.gson.internal.bind.TreeTypeAdapter$GsonContextImpl.deserialize(TreeTypeAdapter.java:179) ~[gson-2.10.jar%2372!/:?]
	at net.minecraft.util.GsonHelper.m_13808_(GsonHelper.java:463) ~[server-1.20.1-20230612.114412-srg.jar%23701!/:?]
	at net.minecraft.util.GsonHelper.m_13836_(GsonHelper.java:471) ~[server-1.20.1-20230612.114412-srg.jar%23701!/:?]
	at net.minecraft.world.level.storage.loot.LootPool$Serializer.deserialize(LootPool.java:192) ~[server-1.20.1-20230612.114412-srg.jar%23701!/:?]
	at net.minecraft.world.level.storage.loot.LootPool$Serializer.deserialize(LootPool.java:189) ~[server-1.20.1-20230612.114412-srg.jar%23701!/:?]
	at com.google.gson.internal.bind.TreeTypeAdapter.read(TreeTypeAdapter.java:76) ~[gson-2.10.jar%2372!/:?]
	at com.google.gson.internal.bind.TypeAdapterRuntimeTypeWrapper.read(TypeAdapterRuntimeTypeWrapper.java:40) ~[gson-2.10.jar%2372!/:?]
	at com.google.gson.internal.bind.ArrayTypeAdapter.read(ArrayTypeAdapter.java:72) ~[gson-2.10.jar%2372!/:?]
	at com.google.gson.Gson.fromJson(Gson.java:1214) ~[gson-2.10.jar%2372!/:?]
	at com.google.gson.Gson.fromJson(Gson.java:1319) ~[gson-2.10.jar%2372!/:?]
	at com.google.gson.Gson.fromJson(Gson.java:1290) ~[gson-2.10.jar%2372!/:?]
	at com.google.gson.internal.bind.TreeTypeAdapter$GsonContextImpl.deserialize(TreeTypeAdapter.java:179) ~[gson-2.10.jar%2372!/:?]
	at net.minecraft.util.GsonHelper.m_13808_(GsonHelper.java:463) ~[server-1.20.1-20230612.114412-srg.jar%23701!/:?]
	at net.minecraft.util.GsonHelper.m_13845_(GsonHelper.java:481) ~[server-1.20.1-20230612.114412-srg.jar%23701!/:?]
	at net.minecraft.world.level.storage.loot.LootTable$Serializer.deserialize(LootTable.java:294) ~[server-1.20.1-20230612.114412-srg.jar%23701!/:?]
	at net.minecraft.world.level.storage.loot.LootTable$Serializer.deserialize(LootTable.java:291) ~[server-1.20.1-20230612.114412-srg.jar%23701!/:?]
	at com.google.gson.internal.bind.TreeTypeAdapter.read(TreeTypeAdapter.java:76) ~[gson-2.10.jar%2372!/:?]
	at com.google.gson.Gson.fromJson(Gson.java:1214) ~[gson-2.10.jar%2372!/:?]
	at com.google.gson.Gson.fromJson(Gson.java:1319) ~[gson-2.10.jar%2372!/:?]
	at com.google.gson.Gson.fromJson(Gson.java:1261) ~[gson-2.10.jar%2372!/:?]
	at net.minecraftforge.common.ForgeHooks.loadLootTable(ForgeHooks.java:872) ~[forge-1.20.1-47.4.10-universal.jar%23706!/:?]
	at net.minecraftforge.common.ForgeHooks.lambda$getLootTableDeserializer$3(ForgeHooks.java:849) ~[forge-1.20.1-47.4.10-universal.jar%23706!/:?]
	at net.minecraft.world.level.storage.loot.LootDataType.deserialize(LootDataType.java:45) ~[server-1.20.1-20230612.114412-srg.jar%23701!/:?]
	at net.minecraft.world.level.storage.loot.LootDataManager.lambda$scheduleElementParse$4(LootDataManager.java:56) ~[server-1.20.1-20230612.114412-srg.jar%23701!/:?]
	at java.util.HashMap.forEach(HashMap.java:1421) ~[?:?]
	at net.minecraft.world.level.storage.loot.LootDataManager.m_278660_(LootDataManager.java:55) ~[server-1.20.1-20230612.114412-srg.jar%23701!/:?]
	at java.util.concurrent.CompletableFuture$AsyncRun.run(CompletableFuture.java:1804) ~[?:?]
	at java.util.concurrent.CompletableFuture$AsyncRun.exec(CompletableFuture.java:1796) ~[?:?]
	at java.util.concurrent.ForkJoinTask.doExec(ForkJoinTask.java:373) ~[?:?]
	at java.util.concurrent.ForkJoinPool$WorkQueue.topLevelExec(ForkJoinPool.java:1182) ~[?:?]
	at java.util.concurrent.ForkJoinPool.scan(ForkJoinPool.java:1655) ~[?:?]
	at java.util.concurrent.ForkJoinPool.runWorker(ForkJoinPool.java:1622) ~[?:?]
	at java.util.concurrent.ForkJoinWorkerThread.run(ForkJoinWorkerThread.java:165) ~[?:?]
[06Aug2026 20:27:29.710] [Worker-Main-1/WARN] [org.berezka.berezka_api.resources.BuiltInResourcePack/]: [Berezka API] called getResource with namespace berezka_api but file (nether_village.json) doesn't exist. (most of the time you can ignore this
[06Aug2026 20:27:29.755] [Worker-Main-1/ERROR] [net.minecraftforge.common.ForgeHooks/]: Couldn't parse element loot_tables:nfm:blocks/beige_lamp
com.google.gson.JsonSyntaxException: Expected name to be an item, was unknown string 'nfm:beige_lamp'
	at net.minecraft.util.GsonHelper.m_13866_(GsonHelper.java:145) ~[server-1.20.1-20230612.114412-srg.jar%23701!/:?]
	at java.util.Optional.orElseThrow(Optional.java:403) ~[?:?]
	at net.minecraft.util.GsonHelper.m_13874_(GsonHelper.java:145) ~[server-1.20.1-20230612.114412-srg.jar%23701!/:?]
	at net.minecraft.util.GsonHelper.m_13909_(GsonHelper.java:153) ~[server-1.20.1-20230612.114412-srg.jar%23701!/:?]
	at net.minecraft.world.level.storage.loot.entries.LootItem$Serializer.m_7267_(LootItem.java:55) ~[server-1.20.1-20230612.114412-srg.jar%23701!/:?]
	at net.minecraft.world.level.storage.loot.entries.LootItem$Serializer.m_7267_(LootItem.java:40) ~[server-1.20.1-20230612.114412-srg.jar%23701!/:?]
	at net.minecraft.world.level.storage.loot.entries.LootPoolSingletonContainer$Serializer.m_5921_(LootPoolSingletonContainer.java:151) ~[server-1.20.1-20230612.114412-srg.jar%23701!/:?]
	at net.minecraft.world.level.storage.loot.entries.LootPoolSingletonContainer$Serializer.m_5921_(LootPoolSingletonContainer.java:129) ~[server-1.20.1-20230612.114412-srg.jar%23701!/:?]
	at net.minecraft.world.level.storage.loot.entries.LootPoolEntryContainer$Serializer.m_7561_(LootPoolEntryContainer.java:86) ~[server-1.20.1-20230612.114412-srg.jar%23701!/:?]
	at net.minecraft.world.level.storage.loot.entries.LootPoolEntryContainer$Serializer.m_7561_(LootPoolEntryContainer.java:74) ~[server-1.20.1-20230612.114412-srg.jar%23701!/:?]
	at net.minecraft.world.level.storage.loot.GsonAdapterFactory$JsonAdapter.deserialize(GsonAdapterFactory.java:102) ~[server-1.20.1-20230612.114412-srg.jar%23701!/:?]
	at com.google.gson.internal.bind.TreeTypeAdapter.read(TreeTypeAdapter.java:76) ~[gson-2.10.jar%2372!/:?]
	at com.google.gson.internal.bind.TypeAdapterRuntimeTypeWrapper.read(TypeAdapterRuntimeTypeWrapper.java:40) ~[gson-2.10.jar%2372!/:?]
	at com.google.gson.internal.bind.ArrayTypeAdapter.read(ArrayTypeAdapter.java:72) ~[gson-2.10.jar%2372!/:?]
	at com.google.gson.Gson.fromJson(Gson.java:1214) ~[gson-2.10.jar%2372!/:?]
	at com.google.gson.Gson.fromJson(Gson.java:1319) ~[gson-2.10.jar%2372!/:?]
	at com.google.gson.Gson.fromJson(Gson.java:1290) ~[gson-2.10.jar%2372!/:?]
	at com.google.gson.internal.bind.TreeTypeAdapter$GsonContextImpl.deserialize(TreeTypeAdapter.java:179) ~[gson-2.10.jar%2372!/:?]
	at net.minecraft.util.GsonHelper.m_13808_(GsonHelper.java:463) ~[server-1.20.1-20230612.114412-srg.jar%23701!/:?]
	at net.minecraft.util.GsonHelper.m_13836_(GsonHelper.java:471) ~[server-1.20.1-20230612.114412-srg.jar%23701!/:?]
	at net.minecraft.world.level.storage.loot.LootPool$Serializer.deserialize(LootPool.java:192) ~[server-1.20.1-20230612.114412-srg.jar%23701!/:?]
	at net.minecraft.world.level.storage.loot.LootPool$Serializer.deserialize(LootPool.java:189) ~[server-1.20.1-20230612.114412-srg.jar%23701!/:?]
	at com.google.gson.internal.bind.TreeTypeAdapter.read(TreeTypeAdapter.java:76) ~[gson-2.10.jar%2372!/:?]
	at com.google.gson.internal.bind.TypeAdapterRuntimeTypeWrapper.read(TypeAdapterRuntimeTypeWrapper.java:40) ~[gson-2.10.jar%2372!/:?]
	at com.google.gson.internal.bind.ArrayTypeAdapter.read(ArrayTypeAdapter.java:72) ~[gson-2.10.jar%2372!/:?]
	at com.google.gson.Gson.fromJson(Gson.java:1214) ~[gson-2.10.jar%2372!/:?]
	at com.google.gson.Gson.fromJson(Gson.java:1319) ~[gson-2.10.jar%2372!/:?]
	at com.google.gson.Gson.fromJson(Gson.java:1290) ~[gson-2.10.jar%2372!/:?]
	at com.google.gson.internal.bind.TreeTypeAdapter$GsonContextImpl.deserialize(TreeTypeAdapter.java:179) ~[gson-2.10.jar%2372!/:?]
	at net.minecraft.util.GsonHelper.m_13808_(GsonHelper.java:463) ~[server-1.20.1-20230612.114412-srg.jar%23701!/:?]
	at net.minecraft.util.GsonHelper.m_13845_(GsonHelper.java:481) ~[server-1.20.1-20230612.114412-srg.jar%23701!/:?]
	at net.minecraft.world.level.storage.loot.LootTable$Serializer.deserialize(LootTable.java:294) ~[server-1.20.1-20230612.114412-srg.jar%23701!/:?]
	at net.minecraft.world.level.storage.loot.LootTable$Serializer.deserialize(LootTable.java:291) ~[server-1.20.1-20230612.114412-srg.jar%23701!/:?]
	at com.google.gson.internal.bind.TreeTypeAdapter.read(TreeTypeAdapter.java:76) ~[gson-2.10.jar%2372!/:?]
	at com.google.gson.Gson.fromJson(Gson.java:1214) ~[gson-2.10.jar%2372!/:?]
	at com.google.gson.Gson.fromJson(Gson.java:1319) ~[gson-2.10.jar%2372!/:?]
	at com.google.gson.Gson.fromJson(Gson.java:1261) ~[gson-2.10.jar%2372!/:?]
	at net.minecraftforge.common.ForgeHooks.loadLootTable(ForgeHooks.java:872) ~[forge-1.20.1-47.4.10-universal.jar%23706!/:?]
	at net.minecraftforge.common.ForgeHooks.lambda$getLootTableDeserializer$3(ForgeHooks.java:849) ~[forge-1.20.1-47.4.10-universal.jar%23706!/:?]
	at net.minecraft.world.level.storage.loot.LootDataType.deserialize(LootDataType.java:45) ~[server-1.20.1-20230612.114412-srg.jar%23701!/:?]
	at net.minecraft.world.level.storage.loot.LootDataManager.lambda$scheduleElementParse$4(LootDataManager.java:56) ~[server-1.20.1-20230612.114412-srg.jar%23701!/:?]
	at java.util.HashMap.forEach(HashMap.java:1421) ~[?:?]
	at net.minecraft.world.level.storage.loot.LootDataManager.m_278660_(LootDataManager.java:55) ~[server-1.20.1-20230612.114412-srg.jar%23701!/:?]
	at java.util.concurrent.CompletableFuture$AsyncRun.run(CompletableFuture.java:1804) ~[?:?]
	at java.util.concurrent.CompletableFuture$AsyncRun.exec(CompletableFuture.java:1796) ~[?:?]
	at java.util.concurrent.ForkJoinTask.doExec(ForkJoinTask.java:373) ~[?:?]
	at java.util.concurrent.ForkJoinPool$WorkQueue.topLevelExec(ForkJoinPool.java:1182) ~[?:?]
	at java.util.concurrent.ForkJoinPool.scan(ForkJoinPool.java:1655) ~[?:?]
	at java.util.concurrent.ForkJoinPool.runWorker(ForkJoinPool.java:1622) ~[?:?]
	at java.util.concurrent.ForkJoinWorkerThread.run(ForkJoinWorkerThread.java:165) ~[?:?]
[06Aug2026 20:27:29.818] [Worker-Main-1/INFO] [Spartan Weaponry/]: Adding Iron Weapons to the Village Weaponsmith Loot Table!
[06Aug2026 20:27:29.865] [Worker-Main-1/ERROR] [net.minecraftforge.common.ForgeHooks/]: Couldn't parse element loot_tables:hauntedharvest:blocks/ender_jack_o_lantern
com.google.gson.JsonSyntaxException: Expected name to be an item, was unknown string 'hauntedharvest:ender_jack_o_lantern'
	at net.minecraft.util.GsonHelper.m_13866_(GsonHelper.java:145) ~[server-1.20.1-20230612.114412-srg.jar%23701!/:?]
	at java.util.Optional.orElseThrow(Optional.java:403) ~[?:?]
	at net.minecraft.util.GsonHelper.m_13874_(GsonHelper.java:145) ~[server-1.20.1-20230612.114412-srg.jar%23701!/:?]
	at net.minecraft.util.GsonHelper.m_13909_(GsonHelper.java:153) ~[server-1.20.1-20230612.114412-srg.jar%23701!/:?]
	at net.minecraft.world.level.storage.loot.entries.LootItem$Serializer.m_7267_(LootItem.java:55) ~[server-1.20.1-20230612.114412-srg.jar%23701!/:?]
	at net.minecraft.world.level.storage.loot.entries.LootItem$Serializer.m_7267_(LootItem.java:40) ~[server-1.20.1-20230612.114412-srg.jar%23701!/:?]
	at net.minecraft.world.level.storage.loot.entries.LootPoolSingletonContainer$Serializer.m_5921_(LootPoolSingletonContainer.java:151) ~[server-1.20.1-20230612.114412-srg.jar%23701!/:?]
	at net.minecraft.world.level.storage.loot.entries.LootPoolSingletonContainer$Serializer.m_5921_(LootPoolSingletonContainer.java:129) ~[server-1.20.1-20230612.114412-srg.jar%23701!/:?]
	at net.minecraft.world.level.storage.loot.entries.LootPoolEntryContainer$Serializer.m_7561_(LootPoolEntryContainer.java:86) ~[server-1.20.1-20230612.114412-srg.jar%23701!/:?]
	at net.minecraft.world.level.storage.loot.entries.LootPoolEntryContainer$Serializer.m_7561_(LootPoolEntryContainer.java:74) ~[server-1.20.1-20230612.114412-srg.jar%23701!/:?]
	at net.minecraft.world.level.storage.loot.GsonAdapterFactory$JsonAdapter.deserialize(GsonAdapterFactory.java:102) ~[server-1.20.1-20230612.114412-srg.jar%23701!/:?]
	at com.google.gson.internal.bind.TreeTypeAdapter.read(TreeTypeAdapter.java:76) ~[gson-2.10.jar%2372!/:?]
	at com.google.gson.internal.bind.TypeAdapterRuntimeTypeWrapper.read(TypeAdapterRuntimeTypeWrapper.java:40) ~[gson-2.10.jar%2372!/:?]
	at com.google.gson.internal.bind.ArrayTypeAdapter.read(ArrayTypeAdapter.java:72) ~[gson-2.10.jar%2372!/:?]
	at com.google.gson.Gson.fromJson(Gson.java:1214) ~[gson-2.10.jar%2372!/:?]
	at com.google.gson.Gson.fromJson(Gson.java:1319) ~[gson-2.10.jar%2372!/:?]
	at com.google.gson.Gson.fromJson(Gson.java:1290) ~[gson-2.10.jar%2372!/:?]
	at com.google.gson.internal.bind.TreeTypeAdapter$GsonContextImpl.deserialize(TreeTypeAdapter.java:179) ~[gson-2.10.jar%2372!/:?]
	at net.minecraft.util.GsonHelper.m_13808_(GsonHelper.java:463) ~[server-1.20.1-20230612.114412-srg.jar%23701!/:?]
	at net.minecraft.util.GsonHelper.m_13836_(GsonHelper.java:471) ~[server-1.20.1-20230612.114412-srg.jar%23701!/:?]
	at net.minecraft.world.level.storage.loot.LootPool$Serializer.deserialize(LootPool.java:192) ~[server-1.20.1-20230612.114412-srg.jar%23701!/:?]
	at net.minecraft.world.level.storage.loot.LootPool$Serializer.deserialize(LootPool.java:189) ~[server-1.20.1-20230612.114412-srg.jar%23701!/:?]
	at com.google.gson.internal.bind.TreeTypeAdapter.read(TreeTypeAdapter.java:76) ~[gson-2.10.jar%2372!/:?]
	at com.google.gson.internal.bind.TypeAdapterRuntimeTypeWrapper.read(TypeAdapterRuntimeTypeWrapper.java:40) ~[gson-2.10.jar%2372!/:?]
	at com.google.gson.internal.bind.ArrayTypeAdapter.read(ArrayTypeAdapter.java:72) ~[gson-2.10.jar%2372!/:?]
	at com.google.gson.Gson.fromJson(Gson.java:1214) ~[gson-2.10.jar%2372!/:?]
	at com.google.gson.Gson.fromJson(Gson.java:1319) ~[gson-2.10.jar%2372!/:?]
	at com.google.gson.Gson.fromJson(Gson.java:1290) ~[gson-2.10.jar%2372!/:?]
	at com.google.gson.internal.bind.TreeTypeAdapter$GsonContextImpl.deserialize(TreeTypeAdapter.java:179) ~[gson-2.10.jar%2372!/:?]
	at net.minecraft.util.GsonHelper.m_13808_(GsonHelper.java:463) ~[server-1.20.1-20230612.114412-srg.jar%23701!/:?]
	at net.minecraft.util.GsonHelper.m_13845_(GsonHelper.java:481) ~[server-1.20.1-20230612.114412-srg.jar%23701!/:?]
	at net.minecraft.world.level.storage.loot.LootTable$Serializer.deserialize(LootTable.java:294) ~[server-1.20.1-20230612.114412-srg.jar%23701!/:?]
	at net.minecraft.world.level.storage.loot.LootTable$Serializer.deserialize(LootTable.java:291) ~[server-1.20.1-20230612.114412-srg.jar%23701!/:?]
	at com.google.gson.internal.bind.TreeTypeAdapter.read(TreeTypeAdapter.java:76) ~[gson-2.10.jar%2372!/:?]
	at com.google.gson.Gson.fromJson(Gson.java:1214) ~[gson-2.10.jar%2372!/:?]
	at com.google.gson.Gson.fromJson(Gson.java:1319) ~[gson-2.10.jar%2372!/:?]
	at com.google.gson.Gson.fromJson(Gson.java:1261) ~[gson-2.10.jar%2372!/:?]
	at net.minecraftforge.common.ForgeHooks.loadLootTable(ForgeHooks.java:872) ~[forge-1.20.1-47.4.10-universal.jar%23706!/:?]
	at net.minecraftforge.common.ForgeHooks.lambda$getLootTableDeserializer$3(ForgeHooks.java:849) ~[forge-1.20.1-47.4.10-universal.jar%23706!/:?]
	at net.minecraft.world.level.storage.loot.LootDataType.deserialize(LootDataType.java:45) ~[server-1.20.1-20230612.114412-srg.jar%23701!/:?]
	at net.minecraft.world.level.storage.loot.LootDataManager.lambda$scheduleElementParse$4(LootDataManager.java:56) ~[server-1.20.1-20230612.114412-srg.jar%23701!/:?]
	at java.util.HashMap.forEach(HashMap.java:1421) ~[?:?]
	at net.minecraft.world.level.storage.loot.LootDataManager.m_278660_(LootDataManager.java:55) ~[server-1.20.1-20230612.114412-srg.jar%23701!/:?]
	at java.util.concurrent.CompletableFuture$AsyncRun.run(CompletableFuture.java:1804) ~[?:?]
	at java.util.concurrent.CompletableFuture$AsyncRun.exec(CompletableFuture.java:1796) ~[?:?]
	at java.util.concurrent.ForkJoinTask.doExec(ForkJoinTask.java:373) ~[?:?]
	at java.util.concurrent.ForkJoinPool$WorkQueue.topLevelExec(ForkJoinPool.java:1182) ~[?:?]
	at java.util.concurrent.ForkJoinPool.scan(ForkJoinPool.java:1655) ~[?:?]
	at java.util.concurrent.ForkJoinPool.runWorker(ForkJoinPool.java:1622) ~[?:?]
	at java.util.concurrent.ForkJoinWorkerThread.run(ForkJoinWorkerThread.java:165) ~[?:?]
[06Aug2026 20:27:29.897] [Worker-Main-1/WARN] [org.berezka.berezka_api.resources.BuiltInResourcePack/]: [Berezka API] called getResource with namespace berezka_api but file (simple_chest.json) doesn't exist. (most of the time you can ignore this
[06Aug2026 20:27:29.901] [Worker-Main-1/WARN] [org.berezka.berezka_api.resources.BuiltInResourcePack/]: [Berezka API] called getResource with namespace berezka_api but file (car.json) doesn't exist. (most of the time you can ignore this
[06Aug2026 20:27:29.903] [Worker-Main-1/WARN] [org.berezka.berezka_api.resources.BuiltInResourcePack/]: [Berezka API] called getResource with namespace berezka_api but file (treasure.json) doesn't exist. (most of the time you can ignore this
[06Aug2026 20:27:29.939] [Worker-Main-1/ERROR] [net.minecraftforge.common.ForgeHooks/]: Couldn't parse element loot_tables:nfm:blocks/beige_modern_kitchen_sink
com.google.gson.JsonSyntaxException: Expected name to be an item, was unknown string 'nfm:beige_modern_kitchen_sink'
	at net.minecraft.util.GsonHelper.m_13866_(GsonHelper.java:145) ~[server-1.20.1-20230612.114412-srg.jar%23701!/:?]
	at java.util.Optional.orElseThrow(Optional.java:403) ~[?:?]
	at net.minecraft.util.GsonHelper.m_13874_(GsonHelper.java:145) ~[server-1.20.1-20230612.114412-srg.jar%23701!/:?]
	at net.minecraft.util.GsonHelper.m_13909_(GsonHelper.java:153) ~[server-1.20.1-20230612.114412-srg.jar%23701!/:?]
	at net.minecraft.world.level.storage.loot.entries.LootItem$Serializer.m_7267_(LootItem.java:55) ~[server-1.20.1-20230612.114412-srg.jar%23701!/:?]
	at net.minecraft.world.level.storage.loot.entries.LootItem$Serializer.m_7267_(LootItem.java:40) ~[server-1.20.1-20230612.114412-srg.jar%23701!/:?]
	at net.minecraft.world.level.storage.loot.entries.LootPoolSingletonContainer$Serializer.m_5921_(LootPoolSingletonContainer.java:151) ~[server-1.20.1-20230612.114412-srg.jar%23701!/:?]
	at net.minecraft.world.level.storage.loot.entries.LootPoolSingletonContainer$Serializer.m_5921_(LootPoolSingletonContainer.java:129) ~[server-1.20.1-20230612.114412-srg.jar%23701!/:?]
	at net.minecraft.world.level.storage.loot.entries.LootPoolEntryContainer$Serializer.m_7561_(LootPoolEntryContainer.java:86) ~[server-1.20.1-20230612.114412-srg.jar%23701!/:?]
	at net.minecraft.world.level.storage.loot.entries.LootPoolEntryContainer$Serializer.m_7561_(LootPoolEntryContainer.java:74) ~[server-1.20.1-20230612.114412-srg.jar%23701!/:?]
	at net.minecraft.world.level.storage.loot.GsonAdapterFactory$JsonAdapter.deserialize(GsonAdapterFactory.java:102) ~[server-1.20.1-20230612.114412-srg.jar%23701!/:?]
	at com.google.gson.internal.bind.TreeTypeAdapter.read(TreeTypeAdapter.java:76) ~[gson-2.10.jar%2372!/:?]
	at com.google.gson.internal.bind.TypeAdapterRuntimeTypeWrapper.read(TypeAdapterRuntimeTypeWrapper.java:40) ~[gson-2.10.jar%2372!/:?]
	at com.google.gson.internal.bind.ArrayTypeAdapter.read(ArrayTypeAdapter.java:72) ~[gson-2.10.jar%2372!/:?]
	at com.google.gson.Gson.fromJson(Gson.java:1214) ~[gson-2.10.jar%2372!/:?]
	at com.google.gson.Gson.fromJson(Gson.java:1319) ~[gson-2.10.jar%2372!/:?]
	at com.google.gson.Gson.fromJson(Gson.java:1290) ~[gson-2.10.jar%2372!/:?]
	at com.google.gson.internal.bind.TreeTypeAdapter$GsonContextImpl.deserialize(TreeTypeAdapter.java:179) ~[gson-2.10.jar%2372!/:?]
	at net.minecraft.util.GsonHelper.m_13808_(GsonHelper.java:463) ~[server-1.20.1-20230612.114412-srg.jar%23701!/:?]
	at net.minecraft.util.GsonHelper.m_13836_(GsonHelper.java:471) ~[server-1.20.1-20230612.114412-srg.jar%23701!/:?]
	at net.minecraft.world.level.storage.loot.LootPool$Serializer.deserialize(LootPool.java:192) ~[server-1.20.1-20230612.114412-srg.jar%23701!/:?]
	at net.minecraft.world.level.storage.loot.LootPool$Serializer.deserialize(LootPool.java:189) ~[server-1.20.1-20230612.114412-srg.jar%23701!/:?]
	at com.google.gson.internal.bind.TreeTypeAdapter.read(TreeTypeAdapter.java:76) ~[gson-2.10.jar%2372!/:?]
	at com.google.gson.internal.bind.TypeAdapterRuntimeTypeWrapper.read(TypeAdapterRuntimeTypeWrapper.java:40) ~[gson-2.10.jar%2372!/:?]
	at com.google.gson.internal.bind.ArrayTypeAdapter.read(ArrayTypeAdapter.java:72) ~[gson-2.10.jar%2372!/:?]
	at com.google.gson.Gson.fromJson(Gson.java:1214) ~[gson-2.10.jar%2372!/:?]
	at com.google.gson.Gson.fromJson(Gson.java:1319) ~[gson-2.10.jar%2372!/:?]
	at com.google.gson.Gson.fromJson(Gson.java:1290) ~[gson-2.10.jar%2372!/:?]
	at com.google.gson.internal.bind.TreeTypeAdapter$GsonContextImpl.deserialize(TreeTypeAdapter.java:179) ~[gson-2.10.jar%2372!/:?]
	at net.minecraft.util.GsonHelper.m_13808_(GsonHelper.java:463) ~[server-1.20.1-20230612.114412-srg.jar%23701!/:?]
	at net.minecraft.util.GsonHelper.m_13845_(GsonHelper.java:481) ~[server-1.20.1-20230612.114412-srg.jar%23701!/:?]
	at net.minecraft.world.level.storage.loot.LootTable$Serializer.deserialize(LootTable.java:294) ~[server-1.20.1-20230612.114412-srg.jar%23701!/:?]
	at net.minecraft.world.level.storage.loot.LootTable$Serializer.deserialize(LootTable.java:291) ~[server-1.20.1-20230612.114412-srg.jar%23701!/:?]
	at com.google.gson.internal.bind.TreeTypeAdapter.read(TreeTypeAdapter.java:76) ~[gson-2.10.jar%2372!/:?]
	at com.google.gson.Gson.fromJson(Gson.java:1214) ~[gson-2.10.jar%2372!/:?]
	at com.google.gson.Gson.fromJson(Gson.java:1319) ~[gson-2.10.jar%2372!/:?]
	at com.google.gson.Gson.fromJson(Gson.java:1261) ~[gson-2.10.jar%2372!/:?]
	at net.minecraftforge.common.ForgeHooks.loadLootTable(ForgeHooks.java:872) ~[forge-1.20.1-47.4.10-universal.jar%23706!/:?]
	at net.minecraftforge.common.ForgeHooks.lambda$getLootTableDeserializer$3(ForgeHooks.java:849) ~[forge-1.20.1-47.4.10-universal.jar%23706!/:?]
	at net.minecraft.world.level.storage.loot.LootDataType.deserialize(LootDataType.java:45) ~[server-1.20.1-20230612.114412-srg.jar%23701!/:?]
	at net.minecraft.world.level.storage.loot.LootDataManager.lambda$scheduleElementParse$4(LootDataManager.java:56) ~[server-1.20.1-20230612.114412-srg.jar%23701!/:?]
	at java.util.HashMap.forEach(HashMap.java:1421) ~[?:?]
	at net.minecraft.world.level.storage.loot.LootDataManager.m_278660_(LootDataManager.java:55) ~[server-1.20.1-20230612.114412-srg.jar%23701!/:?]
	at java.util.concurrent.CompletableFuture$AsyncRun.run(CompletableFuture.java:1804) ~[?:?]
	at java.util.concurrent.CompletableFuture$AsyncRun.exec(CompletableFuture.java:1796) ~[?:?]
	at java.util.concurrent.ForkJoinTask.doExec(ForkJoinTask.java:373) ~[?:?]
	at java.util.concurrent.ForkJoinPool$WorkQueue.topLevelExec(ForkJoinPool.java:1182) ~[?:?]
	at java.util.concurrent.ForkJoinPool.scan(ForkJoinPool.java:1655) ~[?:?]
	at java.util.concurrent.ForkJoinPool.runWorker(ForkJoinPool.java:1622) ~[?:?]
	at java.util.concurrent.ForkJoinWorkerThread.run(ForkJoinWorkerThread.java:165) ~[?:?]
[06Aug2026 20:27:42.729] [Worker-Main-1/INFO] [Mantle/]: Loaded 22 loot table injectors injecting into 20 tables in 49.1016 ms
[06Aug2026 20:27:42.792] [main/INFO] [com.teamabnormals.blueprint.core.Blueprint/]: Loot Modification Manager has loaded 42 modifier groups
[06Aug2026 20:27:43.203] [main/WARN] [net.minecraft.world.level.storage.loot.LootDataManager/]: Found loot table element validation problem in {loot_tables:delightful_slaughter:inject/horse_meat}.pools[0].entries[0].functions[1]: Parameters [<parameter minecraft:tool>] are not provided in this context
[06Aug2026 20:27:43.205] [main/WARN] [net.minecraft.world.level.storage.loot.LootDataManager/]: Found loot table element validation problem in {loot_tables:minecraft:entities/llama}.pools[1].entries[0]->{delightful_slaughter:inject/horse_meat}.pools[0].entries[0].functions[1]: Parameters [<parameter minecraft:tool>] are not provided in this context
[06Aug2026 20:27:43.207] [main/WARN] [net.minecraft.world.level.storage.loot.LootDataManager/]: Found loot table element validation problem in {loot_tables:delightful_slaughter:inject/turtle_meat}.pools[0].entries[0].functions[1]: Parameters [<parameter minecraft:tool>] are not provided in this context
[06Aug2026 20:27:43.210] [main/WARN] [net.minecraft.world.level.storage.loot.LootDataManager/]: Found loot table element validation problem in {loot_tables:minecraft:chests/pillager_outpost}.pools[8].entries[0].functions[2]: Parameters [<parameter minecraft:tool>] are not provided in this context
[06Aug2026 20:27:43.212] [main/WARN] [net.minecraft.world.level.storage.loot.LootDataManager/]: Found loot table element validation problem in {loot_tables:arphex:entities/long_legs}.pools[0].entries[0].functions[1]: Parameters [<parameter minecraft:tool>] are not provided in this context
[06Aug2026 20:27:43.213] [main/WARN] [net.minecraft.world.level.storage.loot.LootDataManager/]: Found loot table element validation problem in {loot_tables:minecraft:entities/mule}.pools[1].entries[0]->{delightful_slaughter:inject/horse_meat}.pools[0].entries[0].functions[1]: Parameters [<parameter minecraft:tool>] are not provided in this context
[06Aug2026 20:27:43.214] [main/WARN] [net.minecraft.world.level.storage.loot.LootDataManager/]: Found loot table element validation problem in {loot_tables:minecraft:entities/horse}.pools[1].entries[0]->{delightful_slaughter:inject/horse_meat}.pools[0].entries[0].functions[1]: Parameters [<parameter minecraft:tool>] are not provided in this context
[06Aug2026 20:27:43.216] [main/WARN] [net.minecraft.world.level.storage.loot.LootDataManager/]: Found loot table element validation problem in {loot_tables:arphex:entities/ant_arsonist}.pools[0].entries[0].functions[1]: Parameters [<parameter minecraft:tool>] are not provided in this context
[06Aug2026 20:27:43.217] [main/WARN] [net.minecraft.world.level.storage.loot.LootDataManager/]: Found loot table element validation problem in {loot_tables:minecraft:entities/turtle}.pools[2].entries[0]->{delightful_slaughter:inject/turtle_meat}.pools[0].entries[1].functions[1]: Parameters [<parameter minecraft:tool>] are not provided in this context
[06Aug2026 20:27:43.218] [main/WARN] [net.minecraft.world.level.storage.loot.LootDataManager/]: Found loot table element validation problem in {loot_tables:delightful_slaughter:inject/panda_ham}.pools[0].entries[0].functions[1]: Parameters [<parameter minecraft:tool>] are not provided in this context
[06Aug2026 20:27:43.219] [main/WARN] [net.minecraft.world.level.storage.loot.LootDataManager/]: Found loot table element validation problem in {loot_tables:minecraft:entities/panda}.pools[1].entries[0]->{delightful_slaughter:inject/panda_ham}.pools[0].entries[0].functions[1]: Parameters [<parameter minecraft:tool>] are not provided in this context
[06Aug2026 20:27:43.220] [main/WARN] [net.minecraft.world.level.storage.loot.LootDataManager/]: Found loot table element validation problem in {loot_tables:beyond:entities/time_drake}.pools[0].entries[0].functions[1]: Parameters [<parameter minecraft:tool>] are not provided in this context
[06Aug2026 20:27:43.222] [main/WARN] [net.minecraft.world.level.storage.loot.LootDataManager/]: Found loot table element validation problem in {loot_tables:minecraft:entities/trader_llama}.pools[1].entries[0]->{delightful_slaughter:inject/horse_meat}.pools[0].entries[1].functions[1]: Parameters [<parameter minecraft:tool>] are not provided in this context
[06Aug2026 20:27:43.223] [main/WARN] [net.minecraft.world.level.storage.loot.LootDataManager/]: Found loot table element validation problem in {loot_tables:minecraft:entities/donkey}.pools[2].entries[0]->{delightful_slaughter:inject/horse_meat}.pools[0].entries[0].functions[1]: Parameters [<parameter minecraft:tool>] are not provided in this context
[06Aug2026 20:27:43.225] [main/WARN] [net.minecraft.world.level.storage.loot.LootDataManager/]: Found loot table element validation problem in {loot_tables:minecraft:entities/phantom}.pools[1].entries[0]->{delightful_slaughter:inject/scavenging_phantom_viscera}.pools[0].entries[0].functions[1]: Parameters [<parameter minecraft:tool>] are not provided in this context
[06Aug2026 20:27:43.226] [main/WARN] [net.minecraft.world.level.storage.loot.LootDataManager/]: Found loot table element validation problem in {loot_tables:delightful_slaughter:inject/horse_meat}.pools[0].entries[1].functions[1]: Parameters [<parameter minecraft:tool>] are not provided in this context
[06Aug2026 20:27:43.227] [main/WARN] [net.minecraft.world.level.storage.loot.LootDataManager/]: Found loot table element validation problem in {loot_tables:minecraft:entities/mule}.pools[1].entries[0]->{delightful_slaughter:inject/horse_meat}.pools[0].entries[1].functions[1]: Parameters [<parameter minecraft:tool>] are not provided in this context
[06Aug2026 20:27:43.228] [main/WARN] [net.minecraft.world.level.storage.loot.LootDataManager/]: Found loot table element validation problem in {loot_tables:delightful_slaughter:inject/scavenging_phantom_viscera}.pools[0].entries[0].functions[1]: Parameters [<parameter minecraft:tool>] are not provided in this context
[06Aug2026 20:27:43.233] [main/WARN] [net.minecraft.world.level.storage.loot.LootDataManager/]: Found loot table element validation problem in {loot_tables:delightful_slaughter:inject/turtle_meat}.pools[0].entries[1].functions[1]: Parameters [<parameter minecraft:tool>] are not provided in this context
[06Aug2026 20:27:43.235] [main/WARN] [net.minecraft.world.level.storage.loot.LootDataManager/]: Found loot table element validation problem in {loot_tables:minecraft:entities/llama}.pools[1].entries[0]->{delightful_slaughter:inject/horse_meat}.pools[0].entries[1].functions[1]: Parameters [<parameter minecraft:tool>] are not provided in this context
[06Aug2026 20:27:43.236] [main/WARN] [net.minecraft.world.level.storage.loot.LootDataManager/]: Found loot table element validation problem in {loot_tables:minecraft:entities/turtle}.pools[2].entries[0]->{delightful_slaughter:inject/turtle_meat}.pools[0].entries[0].functions[1]: Parameters [<parameter minecraft:tool>] are not provided in this context
[06Aug2026 20:27:43.237] [main/WARN] [net.minecraft.world.level.storage.loot.LootDataManager/]: Found loot table element validation problem in {loot_tables:arphex:entities/millipede_marauder}.pools[0].entries[0].functions[1]: Parameters [<parameter minecraft:tool>] are not provided in this context
[06Aug2026 20:27:43.238] [main/WARN] [net.minecraft.world.level.storage.loot.LootDataManager/]: Found loot table element validation problem in {loot_tables:arphex:entities/silverfish_spectre}.pools[0].entries[0].functions[1]: Parameters [<parameter minecraft:tool>] are not provided in this context
[06Aug2026 20:27:43.240] [main/WARN] [net.minecraft.world.level.storage.loot.LootDataManager/]: Found loot table element validation problem in {loot_tables:minecraft:entities/horse}.pools[1].entries[0]->{delightful_slaughter:inject/horse_meat}.pools[0].entries[1].functions[1]: Parameters [<parameter minecraft:tool>] are not provided in this context
[06Aug2026 20:27:43.241] [main/WARN] [net.minecraft.world.level.storage.loot.LootDataManager/]: Found loot table element validation problem in {loot_tables:minecraft:entities/trader_llama}.pools[1].entries[0]->{delightful_slaughter:inject/horse_meat}.pools[0].entries[0].functions[1]: Parameters [<parameter minecraft:tool>] are not provided in this context
[06Aug2026 20:27:43.243] [main/WARN] [net.minecraft.world.level.storage.loot.LootDataManager/]: Found loot table element validation problem in {loot_tables:delightful_slaughter:inject/panda_ham}.pools[0].entries[1].functions[1]: Parameters [<parameter minecraft:tool>] are not provided in this context
[06Aug2026 20:27:43.244] [main/WARN] [net.minecraft.world.level.storage.loot.LootDataManager/]: Found loot table element validation problem in {loot_tables:minecraft:entities/donkey}.pools[2].entries[0]->{delightful_slaughter:inject/horse_meat}.pools[0].entries[1].functions[1]: Parameters [<parameter minecraft:tool>] are not provided in this context
[06Aug2026 20:27:43.249] [main/WARN] [net.minecraft.world.level.storage.loot.LootDataManager/]: Found loot table element validation problem in {loot_tables:minecraft:entities/panda}.pools[1].entries[0]->{delightful_slaughter:inject/panda_ham}.pools[0].entries[1].functions[1]: Parameters [<parameter minecraft:tool>] are not provided in this context
[06Aug2026 20:27:43.314] [main/INFO] [Cucumber Library/]: Registered 0 recipes in 4 ms
[06Aug2026 20:27:44.048] [main/ERROR] [net.minecraft.world.item.crafting.RecipeManager/]: Parsing error loading recipe theabyss:mortar_and_pestle/frost_powder: com.google.gson.JsonSyntaxException: Invalid or unsupported recipe type 'theabyss:mortar_and_pestle'
[06Aug2026 20:27:44.069] [main/ERROR] [net.minecraft.world.item.crafting.RecipeManager/]: Parsing error loading recipe shadowlands:compat/flamer_crushing: com.google.gson.JsonSyntaxException: Unknown item 'shadowlands_flamer'
[06Aug2026 20:27:44.073] [main/ERROR] [net.minecraft.world.item.crafting.RecipeManager/]: Parsing error loading recipe dixtas_armory:adamantite_throwing_knife_smithing: com.google.gson.JsonSyntaxException: Unknown item 'enlightened_end:adamantite_smithing_template'
[06Aug2026 20:27:44.128] [main/ERROR] [net.minecraft.world.item.crafting.RecipeManager/]: Parsing error loading recipe dixtas_armory:adamantite_glaive_smithing: com.google.gson.JsonSyntaxException: Unknown item 'enlightened_end:adamantite_smithing_template'
[06Aug2026 20:27:44.135] [main/ERROR] [net.minecraft.world.item.crafting.RecipeManager/]: Parsing error loading recipe ror:acid/acid_sapphire_processing: com.google.gson.JsonSyntaxException: Missing item, expected to find a string
[06Aug2026 20:27:44.136] [main/ERROR] [net.minecraft.world.item.crafting.RecipeManager/]: Parsing error loading recipe nfm:beige_modern_sofa: com.google.gson.JsonSyntaxException: Unknown item 'yogmod:beige_wool'
[06Aug2026 20:27:44.213] [main/INFO] [net.minecraft.world.item.crafting.RecipeManager/]: Skipping loading recipe outer_end:violite/tiles/vertical_slab_stonecutting as it's serializer returned null
[06Aug2026 20:27:44.439] [main/ERROR] [net.minecraft.world.item.crafting.RecipeManager/]: Parsing error loading recipe dixtas_armory:netherite_stiletto: com.google.gson.JsonSyntaxException: Invalid or unsupported recipe type 'minecraft:smithing'
[06Aug2026 20:27:44.481] [main/ERROR] [net.minecraft.world.item.crafting.RecipeManager/]: Parsing error loading recipe theabyss:arcane_crafting/ring_of_ender_chest_mirrored: com.google.gson.JsonSyntaxException: Invalid or unsupported recipe type 'theabyss:arcane_crafting'
[06Aug2026 20:27:44.516] [main/ERROR] [net.minecraft.world.item.crafting.RecipeManager/]: Parsing error loading recipe nfm:beige_cup: com.google.gson.JsonSyntaxException: Unknown item 'yogmod:beige_stained_glass_pane'
[06Aug2026 20:27:44.574] [main/ERROR] [net.minecraft.world.item.crafting.RecipeManager/]: Parsing error loading recipe nfm:beige_modern_desk: com.google.gson.JsonSyntaxException: Unknown item 'yogmod:beige_concrete'
[06Aug2026 20:27:44.618] [main/ERROR] [net.minecraft.world.item.crafting.RecipeManager/]: Parsing error loading recipe beyond_earth:smeltery/melting/metal/calorite/ore_singular: com.google.gson.JsonSyntaxException: Unable to parse fluid as registry minecraft:fluid does not contain ID beyond_earth:molten_calorite
[06Aug2026 20:27:44.642] [main/ERROR] [net.minecraft.world.item.crafting.RecipeManager/]: Parsing error loading recipe farmersdelight:cutting/azure_door: com.google.gson.JsonSyntaxException: Unknown ingredient type: farmersdelight:tool
[06Aug2026 20:27:44.649] [main/ERROR] [net.minecraft.world.item.crafting.RecipeManager/]: Parsing error loading recipe theabyss:arcane_crafting/ring_of_flight_mirrored: com.google.gson.JsonSyntaxException: Invalid or unsupported recipe type 'theabyss:arcane_crafting'
[06Aug2026 20:27:44.671] [main/ERROR] [net.minecraft.world.item.crafting.RecipeManager/]: Parsing error loading recipe theabyss:arcane_crafting/ring_of_invisibility: com.google.gson.JsonSyntaxException: Invalid or unsupported recipe type 'theabyss:arcane_crafting'
[06Aug2026 20:27:44.709] [main/ERROR] [net.minecraft.world.item.crafting.RecipeManager/]: Parsing error loading recipe outer_end:azure_beehive: com.google.gson.JsonSyntaxException: Unknown item 'outer_end:azure_beehive'
[06Aug2026 20:27:44.742] [main/ERROR] [net.minecraft.world.item.crafting.RecipeManager/]: Parsing error loading recipe theabyss:arcane_crafting/ring_of_teleport_mirrored: com.google.gson.JsonSyntaxException: Invalid or unsupported recipe type 'theabyss:arcane_crafting'
[06Aug2026 20:27:44.760] [main/ERROR] [net.minecraft.world.item.crafting.RecipeManager/]: Parsing error loading recipe theabyss:arcane_crafting/ring_of_blackstrike: com.google.gson.JsonSyntaxException: Invalid or unsupported recipe type 'theabyss:arcane_crafting'
[06Aug2026 20:27:44.765] [main/ERROR] [net.minecraft.world.item.crafting.RecipeManager/]: Parsing error loading recipe shadowlands:acid/acid_osmium_processing: com.google.gson.JsonSyntaxException: Missing item, expected to find a string
[06Aug2026 20:27:44.771] [main/ERROR] [net.minecraft.world.item.crafting.RecipeManager/]: Parsing error loading recipe beyond_earth:smeltery/melting/metal/ostrum/block: com.google.gson.JsonSyntaxException: Unable to parse fluid as registry minecraft:fluid does not contain ID beyond_earth:molten_ostrum
[06Aug2026 20:27:44.818] [main/ERROR] [net.minecraft.world.item.crafting.RecipeManager/]: Parsing error loading recipe theabyss:arcane_crafting/ring_of_telekinetic_mirrored: com.google.gson.JsonSyntaxException: Invalid or unsupported recipe type 'theabyss:arcane_crafting'
[06Aug2026 20:27:44.832] [main/ERROR] [net.minecraft.world.item.crafting.RecipeManager/]: Parsing error loading recipe theabyss:somnium_infusing/lurker_juice: com.google.gson.JsonSyntaxException: Invalid or unsupported recipe type 'theabyss:somnium_infusing'
[06Aug2026 20:27:44.890] [main/ERROR] [net.minecraft.world.item.crafting.RecipeManager/]: Parsing error loading recipe dixtas_armory:netherite_javelin: com.google.gson.JsonSyntaxException: Invalid or unsupported recipe type 'minecraft:smithing'
[06Aug2026 20:27:44.908] [main/ERROR] [net.minecraft.world.item.crafting.RecipeManager/]: Parsing error loading recipe beyond_earth:smeltery/melting/metal/ostrum/compresseds: com.google.gson.JsonSyntaxException: Unable to parse fluid as registry minecraft:fluid does not contain ID beyond_earth:molten_ostrum
[06Aug2026 20:27:44.928] [main/ERROR] [net.minecraft.world.item.crafting.RecipeManager/]: Parsing error loading recipe theabyss:arcane_crafting/ring_of_thunder_mirrored: com.google.gson.JsonSyntaxException: Invalid or unsupported recipe type 'theabyss:arcane_crafting'
[06Aug2026 20:27:44.952] [main/ERROR] [net.minecraft.world.item.crafting.RecipeManager/]: Parsing error loading recipe theabyss:arcane_crafting/ring_of_fangs: com.google.gson.JsonSyntaxException: Invalid or unsupported recipe type 'theabyss:arcane_crafting'
[06Aug2026 20:27:44.964] [main/ERROR] [net.minecraft.world.item.crafting.RecipeManager/]: Parsing error loading recipe beyond_earth:smeltery/melting/metal/desh/ore_singular: com.google.gson.JsonSyntaxException: Unable to parse fluid as registry minecraft:fluid does not contain ID beyond_earth:molten_desh
[06Aug2026 20:27:45.004] [main/ERROR] [net.minecraft.world.item.crafting.RecipeManager/]: Parsing error loading recipe dixtas_armory:netherite_battle_axe: com.google.gson.JsonSyntaxException: Invalid or unsupported recipe type 'minecraft:smithing'
[06Aug2026 20:27:45.019] [main/ERROR] [net.minecraft.world.item.crafting.RecipeManager/]: Parsing error loading recipe dixtas_armory:adamantite_stiletto_smithing: com.google.gson.JsonSyntaxException: Unknown item 'enlightened_end:adamantite_smithing_template'
[06Aug2026 20:27:45.081] [main/ERROR] [net.minecraft.world.item.crafting.RecipeManager/]: Parsing error loading recipe shieldexex:adamantite_tower_shield: com.google.gson.JsonSyntaxException: Invalid or unsupported recipe type 'minecraft:smithing'
[06Aug2026 20:27:45.123] [main/ERROR] [net.minecraft.world.item.crafting.RecipeManager/]: Parsing error loading recipe theabyss:arcane_crafting/ring_of_firestorm: com.google.gson.JsonSyntaxException: Invalid or unsupported recipe type 'theabyss:arcane_crafting'
[06Aug2026 20:27:45.155] [main/ERROR] [net.minecraft.world.item.crafting.RecipeManager/]: Parsing error loading recipe nfm:beige_inflatable_castle: com.google.gson.JsonSyntaxException: Unknown item 'yogmod:beige_wool'
[06Aug2026 20:27:45.171] [main/INFO] [net.minecraft.world.item.crafting.RecipeManager/]: Skipping loading recipe deep_aether:stratus_redux_recipe as it's serializer returned null
[06Aug2026 20:27:45.199] [main/ERROR] [net.minecraft.world.item.crafting.RecipeManager/]: Parsing error loading recipe outer_end:azure_trapped_chest: com.google.gson.JsonSyntaxException: Unknown item 'outer_end:azure_chest'
[06Aug2026 20:27:45.303] [main/ERROR] [net.minecraft.world.item.crafting.RecipeManager/]: Parsing error loading recipe useless_sword:dragonbreathdiamondswordcraft2: com.google.gson.JsonSyntaxException: Unknown item 'useless_sword:dragonbreathdiamondsword'
[06Aug2026 20:27:45.307] [main/ERROR] [net.minecraft.world.item.crafting.RecipeManager/]: Parsing error loading recipe shieldexex:netherite_tower_shield: com.google.gson.JsonSyntaxException: Invalid or unsupported recipe type 'minecraft:smithing'
[06Aug2026 20:27:45.309] [main/INFO] [net.minecraft.world.item.crafting.RecipeManager/]: Skipping loading recipe outer_end:violite/bricks/vertical_slab as it's serializer returned null
[06Aug2026 20:27:45.348] [main/ERROR] [net.minecraft.world.item.crafting.RecipeManager/]: Parsing error loading recipe dixtas_armory:electrum_battle_axe_smithing: com.google.gson.JsonSyntaxException: Unknown item 'oreganized:electrum_upgrade_smithing_template'
[06Aug2026 20:27:45.354] [main/ERROR] [net.minecraft.world.item.crafting.RecipeManager/]: Parsing error loading recipe theabyss:arcane_crafting/ring_of_eagle: com.google.gson.JsonSyntaxException: Invalid or unsupported recipe type 'theabyss:arcane_crafting'
[06Aug2026 20:27:45.363] [main/INFO] [net.minecraft.world.item.crafting.RecipeManager/]: Skipping loading recipe outer_end:azure_bookshelf as it's serializer returned null
[06Aug2026 20:27:45.425] [main/ERROR] [net.minecraft.world.item.crafting.RecipeManager/]: Parsing error loading recipe theabyss:arcane_crafting/ring_of_nature: com.google.gson.JsonSyntaxException: Invalid or unsupported recipe type 'theabyss:arcane_crafting'
[06Aug2026 20:27:45.436] [main/INFO] [net.minecraft.world.item.crafting.RecipeManager/]: Skipping loading recipe caverns_and_chasms:ender_brazier as it's serializer returned null
[06Aug2026 20:27:45.440] [main/ERROR] [net.minecraft.world.item.crafting.RecipeManager/]: Parsing error loading recipe nfm:beige_curtain: com.google.gson.JsonSyntaxException: Unknown item 'yogmod:beige_wool'
[06Aug2026 20:27:45.522] [main/INFO] [Spartan Weaponry/]: Empty result tag:"forge:nuggets/nickel" Skipping...
[06Aug2026 20:27:45.524] [main/INFO] [net.minecraft.world.item.crafting.RecipeManager/]: Skipping loading recipe spartanweaponry:nickel_nugget_from_smelting_nickel_weapons as it's serializer returned null
[06Aug2026 20:27:45.526] [main/INFO] [Spartan Weaponry/]: Empty result tag:"forge:nuggets/electrum" Skipping...
[06Aug2026 20:27:45.528] [main/INFO] [net.minecraft.world.item.crafting.RecipeManager/]: Skipping loading recipe spartanweaponry:electrum_nugget_from_smelting_electrum_weapons as it's serializer returned null
[06Aug2026 20:27:45.545] [main/ERROR] [net.minecraft.world.item.crafting.RecipeManager/]: Parsing error loading recipe dixtas_armory:netherite_zweihander: com.google.gson.JsonSyntaxException: Invalid or unsupported recipe type 'minecraft:smithing'
[06Aug2026 20:27:45.596] [main/INFO] [net.minecraft.world.item.crafting.RecipeManager/]: Skipping loading recipe outer_end:azure_vertical_to_slab as it's serializer returned null
[06Aug2026 20:27:45.666] [main/INFO] [net.minecraft.world.item.crafting.RecipeManager/]: Skipping loading recipe minecraft:chest as it's serializer returned null
[06Aug2026 20:27:45.681] [main/ERROR] [net.minecraft.world.item.crafting.RecipeManager/]: Parsing error loading recipe dixtas_armory:electrum_shortsword_smithing: com.google.gson.JsonSyntaxException: Unknown item 'oreganized:electrum_upgrade_smithing_template'
[06Aug2026 20:27:45.684] [main/ERROR] [net.minecraft.world.item.crafting.RecipeManager/]: Parsing error loading recipe nfm:beige_digital_clock: com.google.gson.JsonSyntaxException: Unknown item 'yogmod:beige_dye'
[06Aug2026 20:27:45.689] [main/ERROR] [net.minecraft.world.item.crafting.RecipeManager/]: Parsing error loading recipe beyond_earth:flag: com.google.gson.JsonSyntaxException: Unknown item 'minecraft:iron_plate'
[06Aug2026 20:27:45.700] [main/ERROR] [net.minecraft.world.item.crafting.RecipeManager/]: Parsing error loading recipe theabyss:arcane_crafting/ring_of_electro: com.google.gson.JsonSyntaxException: Invalid or unsupported recipe type 'theabyss:arcane_crafting'
[06Aug2026 20:27:45.704] [main/ERROR] [net.minecraft.world.item.crafting.RecipeManager/]: Parsing error loading recipe beyond_earth:glacio_planks: com.google.gson.JsonSyntaxException: Unknown item 'beyond_earth:glacio_wood_logs'
[06Aug2026 20:27:45.742] [main/ERROR] [net.minecraft.world.item.crafting.RecipeManager/]: Parsing error loading recipe beyond_earth:smeltery/melting/metal/desh/compresseds: com.google.gson.JsonSyntaxException: Unable to parse fluid as registry minecraft:fluid does not contain ID beyond_earth:molten_desh
[06Aug2026 20:27:45.790] [main/ERROR] [net.minecraft.world.item.crafting.RecipeManager/]: Parsing error loading recipe beyond_earth:netherite_space_boots: com.google.gson.JsonSyntaxException: Missing field template
[06Aug2026 20:27:45.796] [main/ERROR] [net.minecraft.world.item.crafting.RecipeManager/]: Parsing error loading recipe theabyss:arcane_crafting/ring_of_fangs_mirrored: com.google.gson.JsonSyntaxException: Invalid or unsupported recipe type 'theabyss:arcane_crafting'
[06Aug2026 20:27:45.803] [main/INFO] [Spartan Weaponry/]: Empty result tag:"forge:nuggets/platinum" Skipping...
[06Aug2026 20:27:45.805] [main/INFO] [net.minecraft.world.item.crafting.RecipeManager/]: Skipping loading recipe spartanweaponry:platinum_nugget_from_blasting_platinum_weapons as it's serializer returned null
[06Aug2026 20:27:45.832] [main/ERROR] [net.minecraft.world.item.crafting.RecipeManager/]: Parsing error loading recipe shadowlands:acid/acid_cinnabar_processing: com.google.gson.JsonSyntaxException: Missing item, expected to find a string
[06Aug2026 20:27:45.836] [main/ERROR] [net.minecraft.world.item.crafting.RecipeManager/]: Parsing error loading recipe shieldexex:electrum_shield: com.google.gson.JsonSyntaxException: Invalid or unsupported recipe type 'minecraft:smithing'
[06Aug2026 20:27:45.893] [main/ERROR] [net.minecraft.world.item.crafting.RecipeManager/]: Parsing error loading recipe theabyss:arcane_crafting/ring_of_electro_mirrored: com.google.gson.JsonSyntaxException: Invalid or unsupported recipe type 'theabyss:arcane_crafting'
[06Aug2026 20:27:45.927] [main/ERROR] [net.minecraft.world.item.crafting.RecipeManager/]: Parsing error loading recipe theabyss:mortar_and_pestle/ender_powder: com.google.gson.JsonSyntaxException: Invalid or unsupported recipe type 'theabyss:mortar_and_pestle'
[06Aug2026 20:27:45.932] [main/ERROR] [net.minecraft.world.item.crafting.RecipeManager/]: Parsing error loading recipe ror:acid/acid_lead_processing: com.google.gson.JsonSyntaxException: Missing item, expected to find a string
[06Aug2026 20:27:45.937] [main/ERROR] [net.minecraft.world.item.crafting.RecipeManager/]: Parsing error loading recipe dixtas_armory:adamantite_twinblade_smithing: com.google.gson.JsonSyntaxException: Unknown item 'enlightened_end:adamantite_smithing_template'
[06Aug2026 20:27:45.943] [main/ERROR] [net.minecraft.world.item.crafting.RecipeManager/]: Parsing error loading recipe theabyss:somnium_infusing/immortal_substance_alt: com.google.gson.JsonSyntaxException: Invalid or unsupported recipe type 'theabyss:somnium_infusing'
[06Aug2026 20:27:45.969] [main/ERROR] [net.minecraft.world.item.crafting.RecipeManager/]: Parsing error loading recipe dixtas_armory:electrum_dagger_smithing: com.google.gson.JsonSyntaxException: Unknown item 'oreganized:electrum_upgrade_smithing_template'
[06Aug2026 20:27:46.025] [main/ERROR] [net.minecraft.world.item.crafting.RecipeManager/]: Parsing error loading recipe theabyss:arcane_crafting/ring_of_speed: com.google.gson.JsonSyntaxException: Invalid or unsupported recipe type 'theabyss:arcane_crafting'
[06Aug2026 20:27:46.084] [main/ERROR] [net.minecraft.world.item.crafting.RecipeManager/]: Parsing error loading recipe theabyss:arcane_crafting/ring_of_curse: com.google.gson.JsonSyntaxException: Invalid or unsupported recipe type 'theabyss:arcane_crafting'
[06Aug2026 20:27:46.121] [main/INFO] [net.minecraft.world.item.crafting.RecipeManager/]: Skipping loading recipe outer_end:himmel_vertical_to_slab as it's serializer returned null
[06Aug2026 20:27:46.199] [main/ERROR] [net.minecraft.world.item.crafting.RecipeManager/]: Parsing error loading recipe dixtas_armory:netherite_twinblade: com.google.gson.JsonSyntaxException: Invalid or unsupported recipe type 'minecraft:smithing'
[06Aug2026 20:27:46.203] [main/ERROR] [net.minecraft.world.item.crafting.RecipeManager/]: Parsing error loading recipe dixtas_armory:netherite_greatsword: com.google.gson.JsonSyntaxException: Invalid or unsupported recipe type 'minecraft:smithing'
[06Aug2026 20:27:46.219] [main/ERROR] [net.minecraft.world.item.crafting.RecipeManager/]: Parsing error loading recipe theabyss:arcane_crafting/ring_of_pocket_box_mirrored: com.google.gson.JsonSyntaxException: Invalid or unsupported recipe type 'theabyss:arcane_crafting'
[06Aug2026 20:27:46.238] [main/INFO] [net.minecraft.world.item.crafting.RecipeManager/]: Skipping loading recipe twilightforest:jeed/regeneration as it's serializer returned null
[06Aug2026 20:27:46.252] [main/ERROR] [net.minecraft.world.item.crafting.RecipeManager/]: Parsing error loading recipe theabyss:mortar_and_pestle/abyss_powder: com.google.gson.JsonSyntaxException: Invalid or unsupported recipe type 'theabyss:mortar_and_pestle'
[06Aug2026 20:27:46.293] [main/ERROR] [net.minecraft.world.item.crafting.RecipeManager/]: Parsing error loading recipe nfm:beige_lamp: com.google.gson.JsonSyntaxException: Unknown item 'yogmod:beige_wool'
[06Aug2026 20:27:46.298] [main/INFO] [net.minecraft.world.item.crafting.RecipeManager/]: Skipping loading recipe twilightforest:jeed/fire_resistance as it's serializer returned null
[06Aug2026 20:27:46.300] [main/ERROR] [net.minecraft.world.item.crafting.RecipeManager/]: Parsing error loading recipe nfm:beige_wall_cabinet: com.google.gson.JsonSyntaxException: Unknown item 'yogmod:beige_concrete'
[06Aug2026 20:27:46.311] [main/ERROR] [net.minecraft.world.item.crafting.RecipeManager/]: Parsing error loading recipe nfm:beige_modern_chair: com.google.gson.JsonSyntaxException: Unknown item 'yogmod:beige_concrete'
[06Aug2026 20:27:46.314] [main/ERROR] [net.minecraft.world.item.crafting.RecipeManager/]: Parsing error loading recipe beyond_earth:smeltery/melting/metal/calorite/raw: com.google.gson.JsonSyntaxException: Unable to parse fluid as registry minecraft:fluid does not contain ID beyond_earth:molten_calorite
[06Aug2026 20:27:46.325] [main/ERROR] [net.minecraft.world.item.crafting.RecipeManager/]: Parsing error loading recipe fallout_wastelands_:cannedbeefcraft: com.google.gson.JsonSyntaxException: Unknown item 'fallout_wastelands_:brahim_meat'
[06Aug2026 20:27:46.341] [main/INFO] [net.minecraft.world.item.crafting.RecipeManager/]: Skipping loading recipe minecraft:ladder as it's serializer returned null
[06Aug2026 20:27:46.349] [main/ERROR] [net.minecraft.world.item.crafting.RecipeManager/]: Parsing error loading recipe beyond_earth:smeltery/melting/metal/calorite/ingot: com.google.gson.JsonSyntaxException: Unable to parse fluid as registry minecraft:fluid does not contain ID beyond_earth:molten_calorite
[06Aug2026 20:27:46.370] [main/INFO] [net.minecraft.world.item.crafting.RecipeManager/]: Skipping loading recipe supplementaries:inspirations/blackboard_clear as it's serializer returned null
[06Aug2026 20:27:46.567] [main/INFO] [net.minecraft.world.item.crafting.RecipeManager/]: Skipping loading recipe minecraft:trapped_chest as it's serializer returned null
[06Aug2026 20:27:46.578] [main/ERROR] [net.minecraft.world.item.crafting.RecipeManager/]: Parsing error loading recipe theabyss:arcane_crafting/ring_of_speed_mirrored: com.google.gson.JsonSyntaxException: Invalid or unsupported recipe type 'theabyss:arcane_crafting'
[06Aug2026 20:27:46.631] [main/ERROR] [net.minecraft.world.item.crafting.RecipeManager/]: Parsing error loading recipe dixtas_armory:electrum_glaive_smithing: com.google.gson.JsonSyntaxException: Unknown item 'oreganized:electrum_upgrade_smithing_template'
[06Aug2026 20:27:46.653] [main/ERROR] [net.minecraft.world.item.crafting.RecipeManager/]: Parsing error loading recipe theabyss:somnium_infusing/immortal_substance: com.google.gson.JsonSyntaxException: Invalid or unsupported recipe type 'theabyss:somnium_infusing'
[06Aug2026 20:27:46.681] [main/ERROR] [net.minecraft.world.item.crafting.RecipeManager/]: Parsing error loading recipe dixtas_armory:electrum_spear_smithing: com.google.gson.JsonSyntaxException: Unknown item 'oreganized:electrum_upgrade_smithing_template'
[06Aug2026 20:27:46.683] [main/INFO] [net.minecraft.world.item.crafting.RecipeManager/]: Skipping loading recipe outer_end:himmel_vertical_slab_stonecutting as it's serializer returned null
[06Aug2026 20:27:46.685] [main/ERROR] [net.minecraft.world.item.crafting.RecipeManager/]: Parsing error loading recipe dixtas_armory:electrum_rapier_smithing: com.google.gson.JsonSyntaxException: Unknown item 'oreganized:electrum_upgrade_smithing_template'
[06Aug2026 20:27:46.688] [main/INFO] [net.minecraft.world.item.crafting.RecipeManager/]: Skipping loading recipe outer_end:violite/tiles/vertical_slab as it's serializer returned null
[06Aug2026 20:27:46.690] [main/ERROR] [net.minecraft.world.item.crafting.RecipeManager/]: Parsing error loading recipe beyond_earth:smeltery/melting/metal/desh/raw_block: com.google.gson.JsonSyntaxException: Unable to parse fluid as registry minecraft:fluid does not contain ID beyond_earth:molten_desh
[06Aug2026 20:27:46.694] [main/ERROR] [net.minecraft.world.item.crafting.RecipeManager/]: Parsing error loading recipe beyond_earth:rusted_iron_pillar_block: com.google.gson.JsonSyntaxException: Unknown item 'beyond_earth:rusted_iron_pillar_block'
[06Aug2026 20:27:46.724] [main/ERROR] [net.minecraft.world.item.crafting.RecipeManager/]: Parsing error loading recipe theabyss:arcane_crafting/ring_of_slide_mirrored: com.google.gson.JsonSyntaxException: Invalid or unsupported recipe type 'theabyss:arcane_crafting'
[06Aug2026 20:27:46.771] [main/ERROR] [net.minecraft.world.item.crafting.RecipeManager/]: Parsing error loading recipe dixtas_armory:netherite_pike: com.google.gson.JsonSyntaxException: Invalid or unsupported recipe type 'minecraft:smithing'
[06Aug2026 20:27:46.788] [main/ERROR] [net.minecraft.world.item.crafting.RecipeManager/]: Parsing error loading recipe dixtas_armory:electrum_halberd_smithing: com.google.gson.JsonSyntaxException: Unknown item 'oreganized:electrum_upgrade_smithing_template'
[06Aug2026 20:27:46.792] [main/ERROR] [net.minecraft.world.item.crafting.RecipeManager/]: Parsing error loading recipe dixtas_armory:electrum_twinblade_smithing: com.google.gson.JsonSyntaxException: Unknown item 'oreganized:electrum_upgrade_smithing_template'
[06Aug2026 20:27:46.854] [main/ERROR] [net.minecraft.world.item.crafting.RecipeManager/]: Parsing error loading recipe nfm:beige_modern_kitchen_counter: com.google.gson.JsonSyntaxException: Unknown item 'yogmod:beige_concrete'
[06Aug2026 20:27:46.878] [main/ERROR] [net.minecraft.world.item.crafting.RecipeManager/]: Parsing error loading recipe farmers_delight_christmas_editon:gingerbread_cookie_recipe: com.google.gson.JsonSyntaxException: Unknown item 'create_confectionery:gingerdough'
[06Aug2026 20:27:46.881] [main/ERROR] [net.minecraft.world.item.crafting.RecipeManager/]: Parsing error loading recipe beyond_earth:smeltery/melting/metal/desh/plates: com.google.gson.JsonSyntaxException: Unable to parse fluid as registry minecraft:fluid does not contain ID beyond_earth:molten_desh
[06Aug2026 20:27:46.984] [main/ERROR] [net.minecraft.world.item.crafting.RecipeManager/]: Parsing error loading recipe nfm:beige_modern_kitchen_drawer: com.google.gson.JsonSyntaxException: Unknown item 'yogmod:beige_concrete'
[06Aug2026 20:27:47.031] [main/ERROR] [net.minecraft.world.item.crafting.RecipeManager/]: Parsing error loading recipe theabyss:arcane_crafting/ring_of_thunder: com.google.gson.JsonSyntaxException: Invalid or unsupported recipe type 'theabyss:arcane_crafting'
[06Aug2026 20:27:47.040] [main/INFO] [net.minecraft.world.item.crafting.RecipeManager/]: Skipping loading recipe twilightforest:uncrafting_table as it's serializer returned null
[06Aug2026 20:27:47.070] [main/ERROR] [net.minecraft.world.item.crafting.RecipeManager/]: Parsing error loading recipe theabyss:arcane_crafting/ring_of_flight: com.google.gson.JsonSyntaxException: Invalid or unsupported recipe type 'theabyss:arcane_crafting'
[06Aug2026 20:27:47.095] [main/ERROR] [net.minecraft.world.item.crafting.RecipeManager/]: Parsing error loading recipe dixtas_armory:netherite_battle_axe_two_handed_smithing: com.google.gson.JsonSyntaxException: Unknown item 'dixtas_armory:diamond_battle_axe_two_handed'
[06Aug2026 20:27:47.135] [main/ERROR] [net.minecraft.world.item.crafting.RecipeManager/]: Parsing error loading recipe farmers_delight_christmas_editon:create_confectionary_support_crushed_candy_cane: com.google.gson.JsonSyntaxException: Unknown item 'create_confectionery:candy_cane'
[06Aug2026 20:27:47.160] [main/ERROR] [net.minecraft.world.item.crafting.RecipeManager/]: Parsing error loading recipe theabyss:mortar_and_pestle/tenebris_powder: com.google.gson.JsonSyntaxException: Invalid or unsupported recipe type 'theabyss:mortar_and_pestle'
[06Aug2026 20:27:47.193] [main/ERROR] [net.minecraft.world.item.crafting.RecipeManager/]: Parsing error loading recipe theabyss:arcane_crafting/ring_of_eagle_mirrored: com.google.gson.JsonSyntaxException: Invalid or unsupported recipe type 'theabyss:arcane_crafting'
[06Aug2026 20:27:47.197] [main/ERROR] [net.minecraft.world.item.crafting.RecipeManager/]: Parsing error loading recipe ror:acid/acid_osmium_processing: com.google.gson.JsonSyntaxException: Missing item, expected to find a string
[06Aug2026 20:27:47.247] [main/ERROR] [net.minecraft.world.item.crafting.RecipeManager/]: Parsing error loading recipe theabyss:arcane_crafting/ring_of_ocean_mirrored: com.google.gson.JsonSyntaxException: Invalid or unsupported recipe type 'theabyss:arcane_crafting'
[06Aug2026 20:27:47.252] [main/INFO] [net.minecraft.world.item.crafting.RecipeManager/]: Skipping loading recipe outer_end:azure_vertical_planks as it's serializer returned null
[06Aug2026 20:27:47.254] [main/INFO] [net.minecraft.world.item.crafting.RecipeManager/]: Skipping loading recipe twilightforest:jeed/blindness as it's serializer returned null
[06Aug2026 20:27:47.288] [main/ERROR] [net.minecraft.world.item.crafting.RecipeManager/]: Parsing error loading recipe beyond_earth:oxygen_bubble_distributing/from_water: com.google.gson.JsonSyntaxException: Missing hydrogen, expected to find a Int
[06Aug2026 20:27:47.392] [main/INFO] [net.minecraft.world.item.crafting.RecipeManager/]: Skipping loading recipe outer_end:violite/vertical_slab as it's serializer returned null
[06Aug2026 20:27:47.399] [main/INFO] [Spartan Weaponry/]: Empty result tag:"forge:nuggets/electrum" Skipping...
[06Aug2026 20:27:47.401] [main/INFO] [net.minecraft.world.item.crafting.RecipeManager/]: Skipping loading recipe spartanweaponry:electrum_nugget_from_blasting_electrum_weapons as it's serializer returned null
[06Aug2026 20:27:47.405] [main/INFO] [net.minecraft.world.item.crafting.RecipeManager/]: Skipping loading recipe outer_end:violite/bricks/vertical_slab_violite_stonecutting as it's serializer returned null
[06Aug2026 20:27:47.410] [main/INFO] [Spartan Weaponry/]: Empty result tag:"forge:nuggets/platinum" Skipping...
[06Aug2026 20:27:47.411] [main/INFO] [net.minecraft.world.item.crafting.RecipeManager/]: Skipping loading recipe spartanweaponry:platinum_nugget_from_smelting_platinum_weapons as it's serializer returned null
[06Aug2026 20:27:47.433] [main/ERROR] [net.minecraft.world.item.crafting.RecipeManager/]: Parsing error loading recipe theabyss:mortar_and_pestle/aurel_powder: com.google.gson.JsonSyntaxException: Invalid or unsupported recipe type 'theabyss:mortar_and_pestle'
[06Aug2026 20:27:47.448] [main/INFO] [net.minecraft.world.item.crafting.RecipeManager/]: Skipping loading recipe outer_end:azure_ladder as it's serializer returned null
[06Aug2026 20:27:47.469] [main/ERROR] [net.minecraft.world.item.crafting.RecipeManager/]: Parsing error loading recipe beyond_earth:smeltery/melting/metal/calorite/nugget: com.google.gson.JsonSyntaxException: Unable to parse fluid as registry minecraft:fluid does not contain ID beyond_earth:molten_calorite
[06Aug2026 20:27:47.479] [main/ERROR] [net.minecraft.world.item.crafting.RecipeManager/]: Parsing error loading recipe beyond_earth:smeltery/melting/metal/ostrum/ingot: com.google.gson.JsonSyntaxException: Unable to parse fluid as registry minecraft:fluid does not contain ID beyond_earth:molten_ostrum
[06Aug2026 20:27:47.793] [main/ERROR] [net.minecraft.world.item.crafting.RecipeManager/]: Parsing error loading recipe theabyss:ring_of_ghosts_repair: com.google.gson.JsonSyntaxException: Invalid or unsupported recipe type 'minecraft:smithing'
[06Aug2026 20:27:47.795] [main/ERROR] [net.minecraft.world.item.crafting.RecipeManager/]: Parsing error loading recipe theabyss:arcane_crafting/ring_of_time_mirrored: com.google.gson.JsonSyntaxException: Invalid or unsupported recipe type 'theabyss:arcane_crafting'
[06Aug2026 20:27:47.820] [main/INFO] [net.minecraft.world.item.crafting.RecipeManager/]: Skipping loading recipe outer_end:violite/vertical_slab_stonecutting as it's serializer returned null
[06Aug2026 20:27:47.829] [main/ERROR] [net.minecraft.world.item.crafting.RecipeManager/]: Parsing error loading recipe nfm:beige_modern_kitchen_sink: com.google.gson.JsonSyntaxException: Unknown item 'yogmod:beige_concrete'
[06Aug2026 20:27:47.858] [main/ERROR] [net.minecraft.world.item.crafting.RecipeManager/]: Parsing error loading recipe farmersdelight:cutting/azure_pith: com.google.gson.JsonSyntaxException: Unknown ingredient type: farmersdelight:tool
[06Aug2026 20:27:47.864] [main/ERROR] [net.minecraft.world.item.crafting.RecipeManager/]: Parsing error loading recipe shadowlands:acid/acid_sapphire_processing: com.google.gson.JsonSyntaxException: Missing item, expected to find a string
[06Aug2026 20:27:47.942] [main/ERROR] [net.minecraft.world.item.crafting.RecipeManager/]: Parsing error loading recipe dixtas_armory:electrum_greatsword_smithing: com.google.gson.JsonSyntaxException: Unknown item 'oreganized:electrum_upgrade_smithing_template'
[06Aug2026 20:27:48.033] [main/INFO] [net.minecraft.world.item.crafting.RecipeManager/]: Skipping loading recipe twilightforest:jeed/resistance as it's serializer returned null
[06Aug2026 20:27:48.040] [main/ERROR] [net.minecraft.world.item.crafting.RecipeManager/]: Parsing error loading recipe beyond_earth:smeltery/melting/metal/calorite/raw_block: com.google.gson.JsonSyntaxException: Unable to parse fluid as registry minecraft:fluid does not contain ID beyond_earth:molten_calorite
[06Aug2026 20:27:48.051] [main/INFO] [net.minecraft.world.item.crafting.RecipeManager/]: Skipping loading recipe minecraft:beehive as it's serializer returned null
[06Aug2026 20:27:48.067] [main/ERROR] [net.minecraft.world.item.crafting.RecipeManager/]: Parsing error loading recipe farmers_delight_christmas_editon:ruby_coin_recipe: com.google.gson.JsonSyntaxException: Unknown item 'create_confectionery:bar_of_ruby_chocolate'
[06Aug2026 20:27:48.069] [main/ERROR] [net.minecraft.world.item.crafting.RecipeManager/]: Parsing error loading recipe theabyss:arcane_crafting/ring_of_ocean: com.google.gson.JsonSyntaxException: Invalid or unsupported recipe type 'theabyss:arcane_crafting'
[06Aug2026 20:27:48.096] [main/ERROR] [net.minecraft.world.item.crafting.RecipeManager/]: Parsing error loading recipe theabyss:arcane_crafting/ring_of_teleport: com.google.gson.JsonSyntaxException: Invalid or unsupported recipe type 'theabyss:arcane_crafting'
[06Aug2026 20:27:48.143] [main/INFO] [net.minecraft.world.item.crafting.RecipeManager/]: Skipping loading recipe outer_end:violite/mossy_bricks/vertical_slab as it's serializer returned null
[06Aug2026 20:27:48.147] [main/ERROR] [net.minecraft.world.item.crafting.RecipeManager/]: Parsing error loading recipe theabyss:arcane_crafting/ring_of_fire_mirrored: com.google.gson.JsonSyntaxException: Invalid or unsupported recipe type 'theabyss:arcane_crafting'
[06Aug2026 20:27:48.199] [main/ERROR] [net.minecraft.world.item.crafting.RecipeManager/]: Parsing error loading recipe theabyss:mortar_and_pestle/fear_powder: com.google.gson.JsonSyntaxException: Invalid or unsupported recipe type 'theabyss:mortar_and_pestle'
[06Aug2026 20:27:48.211] [main/ERROR] [net.minecraft.world.item.crafting.RecipeManager/]: Parsing error loading recipe beyond_earth:smeltery/melting/metal/desh/block: com.google.gson.JsonSyntaxException: Unable to parse fluid as registry minecraft:fluid does not contain ID beyond_earth:molten_desh
[06Aug2026 20:27:48.216] [main/ERROR] [net.minecraft.world.item.crafting.RecipeManager/]: Parsing error loading recipe shadowlands:acid/acid_lead_processing: com.google.gson.JsonSyntaxException: Missing item, expected to find a string
[06Aug2026 20:27:48.219] [main/ERROR] [net.minecraft.world.item.crafting.RecipeManager/]: Parsing error loading recipe dixtas_armory:adamantite_javelin_smithing: com.google.gson.JsonSyntaxException: Unknown item 'enlightened_end:adamantite_smithing_template'
[06Aug2026 20:27:48.234] [main/ERROR] [net.minecraft.world.item.crafting.RecipeManager/]: Parsing error loading recipe farmers_delight_christmas_editon:gingerbread_star_recipe: com.google.gson.JsonSyntaxException: Unknown item 'create_confectionery:gingerdough'
[06Aug2026 20:27:48.303] [main/ERROR] [net.minecraft.world.item.crafting.RecipeManager/]: Parsing error loading recipe theabyss:arcane_crafting/ring_of_freeze_mirrored: com.google.gson.JsonSyntaxException: Invalid or unsupported recipe type 'theabyss:arcane_crafting'
[06Aug2026 20:27:48.362] [main/INFO] [net.minecraft.world.item.crafting.RecipeManager/]: Skipping loading recipe outer_end:himmel_vertical_slab as it's serializer returned null
[06Aug2026 20:27:48.365] [main/ERROR] [net.minecraft.world.item.crafting.RecipeManager/]: Parsing error loading recipe beyond_earth:smeltery/melting/metal/ostrum/ore_singular: com.google.gson.JsonSyntaxException: Unable to parse fluid as registry minecraft:fluid does not contain ID beyond_earth:molten_ostrum
[06Aug2026 20:27:48.368] [main/ERROR] [net.minecraft.world.item.crafting.RecipeManager/]: Parsing error loading recipe nfm:beige_modern_bed: com.google.gson.JsonSyntaxException: Unknown item 'nfm:beige_modern_bed'
[06Aug2026 20:27:48.402] [main/ERROR] [net.minecraft.world.item.crafting.RecipeManager/]: Parsing error loading recipe dixtas_armory:adamantite_rapier_smithing: com.google.gson.JsonSyntaxException: Unknown item 'enlightened_end:adamantite_smithing_template'
[06Aug2026 20:27:48.431] [main/INFO] [net.minecraft.world.item.crafting.RecipeManager/]: Skipping loading recipe outer_end:violite/mossy_bricks/vertical_slab_stonecutting as it's serializer returned null
[06Aug2026 20:27:48.435] [main/ERROR] [net.minecraft.world.item.crafting.RecipeManager/]: Parsing error loading recipe farmers_delight_christmas_editon:dark_chocolate_coin_recipe: com.google.gson.JsonSyntaxException: Unknown item 'create_confectionery:bar_of_black_chocolate'
[06Aug2026 20:27:48.436] [main/ERROR] [net.minecraft.world.item.crafting.RecipeManager/]: Parsing error loading recipe dixtas_armory:netherite_shortsword: com.google.gson.JsonSyntaxException: Invalid or unsupported recipe type 'minecraft:smithing'
[06Aug2026 20:27:48.441] [main/INFO] [Spartan Weaponry/]: Empty result tag:"forge:nuggets/invar" Skipping...
[06Aug2026 20:27:48.442] [main/INFO] [net.minecraft.world.item.crafting.RecipeManager/]: Skipping loading recipe spartanweaponry:invar_nugget_from_smelting_invar_weapons as it's serializer returned null
[06Aug2026 20:27:48.445] [main/INFO] [Spartan Weaponry/]: Empty result tag:"forge:nuggets/constantan" Skipping...
[06Aug2026 20:27:48.446] [main/INFO] [net.minecraft.world.item.crafting.RecipeManager/]: Skipping loading recipe spartanweaponry:constantan_nugget_from_smelting_constantan_weapons as it's serializer returned null
[06Aug2026 20:27:48.451] [main/ERROR] [net.minecraft.world.item.crafting.RecipeManager/]: Parsing error loading recipe beyond_earth:smeltery/melting/metal/ostrum/raw: com.google.gson.JsonSyntaxException: Unable to parse fluid as registry minecraft:fluid does not contain ID beyond_earth:molten_ostrum
[06Aug2026 20:27:48.453] [main/ERROR] [net.minecraft.world.item.crafting.RecipeManager/]: Parsing error loading recipe dixtas_armory:netherite_halberd: com.google.gson.JsonSyntaxException: Invalid or unsupported recipe type 'minecraft:smithing'
[06Aug2026 20:27:48.460] [main/ERROR] [net.minecraft.world.item.crafting.RecipeManager/]: Parsing error loading recipe farmers_delight_christmas_editon:white_chocolate_coin_recipe: com.google.gson.JsonSyntaxException: Unknown item 'create_confectionery:bar_of_white_chocolate'
[06Aug2026 20:27:48.463] [main/INFO] [net.minecraft.world.item.crafting.RecipeManager/]: Skipping loading recipe outer_end:violite/mossy_tiles/vertical_slab_stonecutting as it's serializer returned null
[06Aug2026 20:27:48.504] [main/ERROR] [net.minecraft.world.item.crafting.RecipeManager/]: Parsing error loading recipe beyond_earth:smeltery/melting/metal/desh/ingot: com.google.gson.JsonSyntaxException: Unable to parse fluid as registry minecraft:fluid does not contain ID beyond_earth:molten_desh
[06Aug2026 20:27:48.515] [main/ERROR] [net.minecraft.world.item.crafting.RecipeManager/]: Parsing error loading recipe farmers_delight_christmas_editon:gingerbreadman_recipe: com.google.gson.JsonSyntaxException: Unknown item 'create_confectionery:gingerdough'
[06Aug2026 20:27:48.521] [main/ERROR] [net.minecraft.world.item.crafting.RecipeManager/]: Parsing error loading recipe theabyss:mortar_and_pestle/warped_powder: com.google.gson.JsonSyntaxException: Invalid or unsupported recipe type 'theabyss:mortar_and_pestle'
[06Aug2026 20:27:48.552] [main/INFO] [net.minecraft.world.item.crafting.RecipeManager/]: Skipping loading recipe twilightforest:jeed/hunger as it's serializer returned null
[06Aug2026 20:27:48.554] [main/ERROR] [net.minecraft.world.item.crafting.RecipeManager/]: Parsing error loading recipe theabyss:arcane_crafting/ring_of_firestorm_mirrored: com.google.gson.JsonSyntaxException: Invalid or unsupported recipe type 'theabyss:arcane_crafting'
[06Aug2026 20:27:48.556] [main/ERROR] [net.minecraft.world.item.crafting.RecipeManager/]: Parsing error loading recipe outer_end:azure_chest: com.google.gson.JsonSyntaxException: Unknown item 'outer_end:azure_chest'
[06Aug2026 20:27:48.559] [main/ERROR] [net.minecraft.world.item.crafting.RecipeManager/]: Parsing error loading recipe dixtas_armory:adamantite_dagger_smithing: com.google.gson.JsonSyntaxException: Unknown item 'enlightened_end:adamantite_smithing_template'
[06Aug2026 20:27:48.586] [main/ERROR] [net.minecraft.world.item.crafting.RecipeManager/]: Parsing error loading recipe dixtas_armory:electrum_katana_smithing: com.google.gson.JsonSyntaxException: Unknown item 'oreganized:electrum_upgrade_smithing_template'
[06Aug2026 20:27:48.587] [main/ERROR] [net.minecraft.world.item.crafting.RecipeManager/]: Parsing error loading recipe shadowlands:acid/acid_tin_processing: com.google.gson.JsonSyntaxException: Missing item, expected to find a string
[06Aug2026 20:27:48.594] [main/ERROR] [net.minecraft.world.item.crafting.RecipeManager/]: Parsing error loading recipe beyond_earth:smeltery/melting/metal/desh/raw: com.google.gson.JsonSyntaxException: Unable to parse fluid as registry minecraft:fluid does not contain ID beyond_earth:molten_desh
[06Aug2026 20:27:48.597] [main/ERROR] [net.minecraft.world.item.crafting.RecipeManager/]: Parsing error loading recipe theabyss:arcane_crafting/ring_of_reg: com.google.gson.JsonSyntaxException: Invalid or unsupported recipe type 'theabyss:arcane_crafting'
[06Aug2026 20:27:48.645] [main/ERROR] [net.minecraft.world.item.crafting.RecipeManager/]: Parsing error loading recipe dixtas_armory:netherite_spear_two_handed_smithing: com.google.gson.JsonSyntaxException: Unknown item 'dixtas_armory:diamond_spear_two_handed'
[06Aug2026 20:27:48.648] [main/ERROR] [net.minecraft.world.item.crafting.RecipeManager/]: Parsing error loading recipe theabyss:somnium_infusing/somnium_cooldown_upgrade_alt: com.google.gson.JsonSyntaxException: Invalid or unsupported recipe type 'theabyss:somnium_infusing'
[06Aug2026 20:27:48.694] [main/INFO] [net.minecraft.world.item.crafting.RecipeManager/]: Skipping loading recipe outer_end:azure_vertical_to_planks as it's serializer returned null
[06Aug2026 20:27:48.697] [main/ERROR] [net.minecraft.world.item.crafting.RecipeManager/]: Parsing error loading recipe theabyss:somnium_infusing/somnium_upgrade: com.google.gson.JsonSyntaxException: Invalid or unsupported recipe type 'theabyss:somnium_infusing'
[06Aug2026 20:27:48.700] [main/ERROR] [net.minecraft.world.item.crafting.RecipeManager/]: Parsing error loading recipe theabyss:somnium_infusing/anti_infect_essence: com.google.gson.JsonSyntaxException: Invalid or unsupported recipe type 'theabyss:somnium_infusing'
[06Aug2026 20:27:48.708] [main/ERROR] [net.minecraft.world.item.crafting.RecipeManager/]: Parsing error loading recipe nfm:beige_modern_bedside_cabinet: com.google.gson.JsonSyntaxException: Unknown item 'yogmod:beige_concrete'
[06Aug2026 20:27:48.709] [main/ERROR] [net.minecraft.world.item.crafting.RecipeManager/]: Parsing error loading recipe theabyss:arcane_crafting/ring_of_time: com.google.gson.JsonSyntaxException: Invalid or unsupported recipe type 'theabyss:arcane_crafting'
[06Aug2026 20:27:48.713] [main/ERROR] [net.minecraft.world.item.crafting.RecipeManager/]: Parsing error loading recipe theabyss:mortar_and_pestle/ardor_powder_alternative: com.google.gson.JsonSyntaxException: Invalid or unsupported recipe type 'theabyss:mortar_and_pestle'
[06Aug2026 20:27:48.771] [main/ERROR] [net.minecraft.world.item.crafting.RecipeManager/]: Parsing error loading recipe dixtas_armory:electrum_stiletto_smithing: com.google.gson.JsonSyntaxException: Unknown item 'oreganized:electrum_upgrade_smithing_template'
[06Aug2026 20:27:48.822] [main/INFO] [Spartan Weaponry/]: Empty result tag:"forge:nuggets/invar" Skipping...
[06Aug2026 20:27:48.825] [main/INFO] [net.minecraft.world.item.crafting.RecipeManager/]: Skipping loading recipe spartanweaponry:invar_nugget_from_blasting_invar_weapons as it's serializer returned null
[06Aug2026 20:27:48.832] [main/ERROR] [net.minecraft.world.item.crafting.RecipeManager/]: Parsing error loading recipe shieldexex:adamantite_shield_smithing: com.google.gson.JsonSyntaxException: Unknown item 'enlightened_end:adamantite_smithing_template'
[06Aug2026 20:27:48.840] [main/ERROR] [net.minecraft.world.item.crafting.RecipeManager/]: Parsing error loading recipe dixtas_armory:netherite_chakram: com.google.gson.JsonSyntaxException: Invalid or unsupported recipe type 'minecraft:smithing'
[06Aug2026 20:27:48.841] [main/ERROR] [net.minecraft.world.item.crafting.RecipeManager/]: Parsing error loading recipe dixtas_armory:adamantite_zweihander_smithing: com.google.gson.JsonSyntaxException: Unknown item 'enlightened_end:adamantite_smithing_template'
[06Aug2026 20:27:48.845] [main/ERROR] [net.minecraft.world.item.crafting.RecipeManager/]: Parsing error loading recipe dixtas_armory:netherite_dagger: com.google.gson.JsonSyntaxException: Invalid or unsupported recipe type 'minecraft:smithing'
[06Aug2026 20:27:48.888] [main/ERROR] [net.minecraft.world.item.crafting.RecipeManager/]: Parsing error loading recipe nfm:beige_bar_stool: com.google.gson.JsonSyntaxException: Unknown item 'yogmod:beige_wool'
[06Aug2026 20:27:48.891] [main/ERROR] [net.minecraft.world.item.crafting.RecipeManager/]: Parsing error loading recipe theabyss:arcane_crafting/ring_of_blackstrike_mirrored: com.google.gson.JsonSyntaxException: Invalid or unsupported recipe type 'theabyss:arcane_crafting'
[06Aug2026 20:27:48.917] [main/ERROR] [net.minecraft.world.item.crafting.RecipeManager/]: Parsing error loading recipe theabyss:somnium_infusing/somnium_damage_upragde: com.google.gson.JsonSyntaxException: Invalid or unsupported recipe type 'theabyss:somnium_infusing'
[06Aug2026 20:27:48.920] [main/ERROR] [net.minecraft.world.item.crafting.RecipeManager/]: Parsing error loading recipe beyond_earth:smeltery/melting/metal/ostrum/nugget: com.google.gson.JsonSyntaxException: Unable to parse fluid as registry minecraft:fluid does not contain ID beyond_earth:molten_ostrum
[06Aug2026 20:27:48.928] [main/INFO] [net.minecraft.world.item.crafting.RecipeManager/]: Skipping loading recipe outer_end:violite/tiles/vertical_slab_from_violite_stonecutting as it's serializer returned null
[06Aug2026 20:27:48.931] [main/ERROR] [net.minecraft.world.item.crafting.RecipeManager/]: Parsing error loading recipe dixtas_armory:electrum_shuriken_smithing: com.google.gson.JsonSyntaxException: Unknown item 'oreganized:electrum_upgrade_smithing_template'
[06Aug2026 20:27:48.957] [main/ERROR] [net.minecraft.world.item.crafting.RecipeManager/]: Parsing error loading recipe theabyss:arcane_crafting/ring_of_curse_mirrored: com.google.gson.JsonSyntaxException: Invalid or unsupported recipe type 'theabyss:arcane_crafting'
[06Aug2026 20:27:48.959] [main/ERROR] [net.minecraft.world.item.crafting.RecipeManager/]: Parsing error loading recipe crystalcraft_unlimited_java:withered_steel_recipe: com.google.gson.JsonSyntaxException: Invalid or unsupported recipe type 'minecraft:smithing'
[06Aug2026 20:27:48.961] [main/ERROR] [net.minecraft.world.item.crafting.RecipeManager/]: Parsing error loading recipe dixtas_armory:adamantite_shortsword_smithing: com.google.gson.JsonSyntaxException: Unknown item 'enlightened_end:adamantite_smithing_template'
[06Aug2026 20:27:48.965] [main/INFO] [net.minecraft.world.item.crafting.RecipeManager/]: Skipping loading recipe twilightforest:jeed/poison as it's serializer returned null
[06Aug2026 20:27:48.968] [main/ERROR] [net.minecraft.world.item.crafting.RecipeManager/]: Parsing error loading recipe theabyss:mortar_and_pestle/tenebris_powder_alternative: com.google.gson.JsonSyntaxException: Invalid or unsupported recipe type 'theabyss:mortar_and_pestle'
[06Aug2026 20:27:48.972] [main/INFO] [Spartan Weaponry/]: Empty result tag:"forge:nuggets/aluminum" Skipping...
[06Aug2026 20:27:48.973] [main/INFO] [net.minecraft.world.item.crafting.RecipeManager/]: Skipping loading recipe spartanweaponry:aluminum_nugget_from_blasting_aluminum_weapons as it's serializer returned null
[06Aug2026 20:27:48.980] [main/INFO] [net.minecraft.world.item.crafting.RecipeManager/]: Skipping loading recipe outer_end:stripped_azure_post as it's serializer returned null
[06Aug2026 20:27:48.981] [main/ERROR] [net.minecraft.world.item.crafting.RecipeManager/]: Parsing error loading recipe shieldexex:adamantite_shield: com.google.gson.JsonSyntaxException: Invalid or unsupported recipe type 'minecraft:smithing'
[06Aug2026 20:27:48.995] [main/ERROR] [net.minecraft.world.item.crafting.RecipeManager/]: Parsing error loading recipe more_slabs_variants:recept_57: com.google.gson.JsonSyntaxException: Unknown item 'minecraft:frosted_ice'
[06Aug2026 20:27:49.002] [main/ERROR] [net.minecraft.world.item.crafting.RecipeManager/]: Parsing error loading recipe theabyss:mortar_and_pestle/ardor_powder: com.google.gson.JsonSyntaxException: Invalid or unsupported recipe type 'theabyss:mortar_and_pestle'
[06Aug2026 20:27:49.007] [main/INFO] [net.minecraft.world.item.crafting.RecipeManager/]: Skipping loading recipe outer_end:violite/mossy_bricks/slab_from_vertical_slab as it's serializer returned null
[06Aug2026 20:27:49.010] [main/ERROR] [net.minecraft.world.item.crafting.RecipeManager/]: Parsing error loading recipe nfm:beige_modern_table: com.google.gson.JsonSyntaxException: Unknown item 'yogmod:beige_concrete'
[06Aug2026 20:27:49.013] [main/ERROR] [net.minecraft.world.item.crafting.RecipeManager/]: Parsing error loading recipe nfm:beige_modern_coffee_table: com.google.gson.JsonSyntaxException: Unknown item 'yogmod:beige_concrete'
[06Aug2026 20:27:49.067] [main/ERROR] [net.minecraft.world.item.crafting.RecipeManager/]: Parsing error loading recipe nfm:beige_modern_cabinet: com.google.gson.JsonSyntaxException: Unknown item 'yogmod:beige_concrete'
[06Aug2026 20:27:49.113] [main/INFO] [net.minecraft.world.item.crafting.RecipeManager/]: Skipping loading recipe deep_aether:metal_mixture_recipe as it's serializer returned null
[06Aug2026 20:27:49.150] [main/ERROR] [net.minecraft.world.item.crafting.RecipeManager/]: Parsing error loading recipe shieldexex:electrum_tower_shield: com.google.gson.JsonSyntaxException: Invalid or unsupported recipe type 'minecraft:smithing'
[06Aug2026 20:27:49.172] [main/WARN] [patchouli/]: Book butcher:butchers_guide in recipe butchery:shaped_book_recipe does not exist!
[06Aug2026 20:27:49.176] [main/INFO] [net.minecraft.world.item.crafting.RecipeManager/]: Skipping loading recipe outer_end:violite/slab_from_vertical_slab as it's serializer returned null
[06Aug2026 20:27:49.176] [main/ERROR] [net.minecraft.world.item.crafting.RecipeManager/]: Parsing error loading recipe dixtas_armory:netherite_rapier: com.google.gson.JsonSyntaxException: Invalid or unsupported recipe type 'minecraft:smithing'
[06Aug2026 20:27:49.184] [main/ERROR] [net.minecraft.world.item.crafting.RecipeManager/]: Parsing error loading recipe theabyss:arcane_crafting/ring_of_ender_chest: com.google.gson.JsonSyntaxException: Invalid or unsupported recipe type 'theabyss:arcane_crafting'
[06Aug2026 20:27:49.314] [main/INFO] [net.minecraft.world.item.crafting.RecipeManager/]: Skipping loading recipe outer_end:violite/bricks/vertical_slab_stonecutting as it's serializer returned null
[06Aug2026 20:27:49.345] [main/INFO] [net.minecraft.world.item.crafting.RecipeManager/]: Skipping loading recipe supplementaries:inspirations/flag_clear as it's serializer returned null
[06Aug2026 20:27:49.413] [main/ERROR] [net.minecraft.world.item.crafting.RecipeManager/]: Parsing error loading recipe farmers_delight_christmas_editon:gingerbreadtreerecipe: com.google.gson.JsonSyntaxException: Unknown item 'create_confectionery:gingerdough'
[06Aug2026 20:27:49.416] [main/INFO] [net.minecraft.world.item.crafting.RecipeManager/]: Skipping loading recipe minecraft:bookshelf as it's serializer returned null
[06Aug2026 20:27:49.457] [main/ERROR] [net.minecraft.world.item.crafting.RecipeManager/]: Parsing error loading recipe dixtas_armory:adamantite_halberd_smithing: com.google.gson.JsonSyntaxException: Unknown item 'enlightened_end:adamantite_smithing_template'
[06Aug2026 20:27:49.484] [main/ERROR] [net.minecraft.world.item.crafting.RecipeManager/]: Parsing error loading recipe shieldexex:netherite_shield: com.google.gson.JsonSyntaxException: Invalid or unsupported recipe type 'minecraft:smithing'
[06Aug2026 20:27:49.486] [main/ERROR] [net.minecraft.world.item.crafting.RecipeManager/]: Parsing error loading recipe dixtas_armory:adamantite_chakram_smithing: com.google.gson.JsonSyntaxException: Unknown item 'enlightened_end:adamantite_smithing_template'
[06Aug2026 20:27:49.497] [main/ERROR] [net.minecraft.world.item.crafting.RecipeManager/]: Parsing error loading recipe ror:acid/acid_ruby_processing: com.google.gson.JsonSyntaxException: Missing item, expected to find a string
[06Aug2026 20:27:49.579] [main/ERROR] [net.minecraft.world.item.crafting.RecipeManager/]: Parsing error loading recipe beyond_earth:netherite_space_suit: com.google.gson.JsonSyntaxException: Missing field template
[06Aug2026 20:27:49.608] [main/ERROR] [net.minecraft.world.item.crafting.RecipeManager/]: Parsing error loading recipe theabyss:arcane_crafting/ring_of_firestrike_mirrored: com.google.gson.JsonSyntaxException: Invalid or unsupported recipe type 'theabyss:arcane_crafting'
[06Aug2026 20:27:49.642] [main/ERROR] [net.minecraft.world.item.crafting.RecipeManager/]: Parsing error loading recipe dixtas_armory:netherite_spear: com.google.gson.JsonSyntaxException: Invalid or unsupported recipe type 'minecraft:smithing'
[06Aug2026 20:27:49.646] [main/INFO] [net.minecraft.world.item.crafting.RecipeManager/]: Skipping loading recipe minecraft:chiseled_bookshelf as it's serializer returned null
[06Aug2026 20:27:49.649] [main/INFO] [net.minecraft.world.item.crafting.RecipeManager/]: Skipping loading recipe outer_end:violite/bricks/slab_from_vertical_slab as it's serializer returned null
[06Aug2026 20:27:49.656] [main/ERROR] [net.minecraft.world.item.crafting.RecipeManager/]: Parsing error loading recipe dixtas_armory:adamantite_katana_smithing: com.google.gson.JsonSyntaxException: Unknown item 'enlightened_end:adamantite_smithing_template'
[06Aug2026 20:27:49.690] [main/ERROR] [net.minecraft.world.item.crafting.RecipeManager/]: Parsing error loading recipe farmersdelight:cutting/azure_sign: com.google.gson.JsonSyntaxException: Unknown ingredient type: farmersdelight:tool
[06Aug2026 20:27:49.698] [main/ERROR] [net.minecraft.world.item.crafting.RecipeManager/]: Parsing error loading recipe dixtas_armory:adamantite_longsword_smithing: com.google.gson.JsonSyntaxException: Unknown item 'enlightened_end:adamantite_smithing_template'
[06Aug2026 20:27:49.702] [main/ERROR] [net.minecraft.world.item.crafting.RecipeManager/]: Parsing error loading recipe beyond_earth:netherite_space_pants: com.google.gson.JsonSyntaxException: Missing field template
[06Aug2026 20:27:49.708] [main/ERROR] [net.minecraft.world.item.crafting.RecipeManager/]: Parsing error loading recipe theabyss:arcane_crafting/ring_of_reg_mirrored: com.google.gson.JsonSyntaxException: Invalid or unsupported recipe type 'theabyss:arcane_crafting'
[06Aug2026 20:27:49.711] [main/ERROR] [net.minecraft.world.item.crafting.RecipeManager/]: Parsing error loading recipe beyond_earth:smeltery/melting/metal/calorite/compresseds: com.google.gson.JsonSyntaxException: Unable to parse fluid as registry minecraft:fluid does not contain ID beyond_earth:molten_calorite
[06Aug2026 20:27:49.777] [main/ERROR] [net.minecraft.world.item.crafting.RecipeManager/]: Parsing error loading recipe dixtas_armory:netherite_katana: com.google.gson.JsonSyntaxException: Invalid or unsupported recipe type 'minecraft:smithing'
[06Aug2026 20:27:49.779] [main/ERROR] [net.minecraft.world.item.crafting.RecipeManager/]: Parsing error loading recipe theabyss:arcane_crafting/ring_of_seeker_mirrored: com.google.gson.JsonSyntaxException: Invalid or unsupported recipe type 'theabyss:arcane_crafting'
[06Aug2026 20:27:49.783] [main/INFO] [net.minecraft.world.item.crafting.RecipeManager/]: Skipping loading recipe twilightforest:jeed/frosted as it's serializer returned null
[06Aug2026 20:27:49.785] [main/INFO] [net.minecraft.world.item.crafting.RecipeManager/]: Skipping loading recipe supplementaries:inspirations/flag_dye as it's serializer returned null
[06Aug2026 20:27:49.835] [main/ERROR] [net.minecraft.world.item.crafting.RecipeManager/]: Parsing error loading recipe ror:acid/acid_cinnabar_processing: com.google.gson.JsonSyntaxException: Missing item, expected to find a string
[06Aug2026 20:27:49.859] [main/ERROR] [net.minecraft.world.item.crafting.RecipeManager/]: Parsing error loading recipe theabyss:somnium_infusing/somnium_cooldown_upgrade: com.google.gson.JsonSyntaxException: Invalid or unsupported recipe type 'theabyss:somnium_infusing'
[06Aug2026 20:27:49.862] [main/ERROR] [net.minecraft.world.item.crafting.RecipeManager/]: Parsing error loading recipe dixtas_armory:electrum_javelin_smithing: com.google.gson.JsonSyntaxException: Unknown item 'oreganized:electrum_upgrade_smithing_template'
[06Aug2026 20:27:49.866] [main/ERROR] [net.minecraft.world.item.crafting.RecipeManager/]: Parsing error loading recipe theabyss:arcane_crafting/ring_of_pocket_box: com.google.gson.JsonSyntaxException: Invalid or unsupported recipe type 'theabyss:arcane_crafting'
[06Aug2026 20:27:49.874] [main/ERROR] [net.minecraft.world.item.crafting.RecipeManager/]: Parsing error loading recipe beyond_earth:netherite_space_helmet: com.google.gson.JsonSyntaxException: Missing field template
[06Aug2026 20:27:49.877] [main/INFO] [Spartan Weaponry/]: Empty result tag:"forge:nuggets/constantan" Skipping...
[06Aug2026 20:27:49.880] [main/INFO] [net.minecraft.world.item.crafting.RecipeManager/]: Skipping loading recipe spartanweaponry:constantan_nugget_from_blasting_constantan_weapons as it's serializer returned null
[06Aug2026 20:27:49.944] [main/ERROR] [net.minecraft.world.item.crafting.RecipeManager/]: Parsing error loading recipe farmers_delight_christmas_neo:hot_cocoa_with_marshmallow_recipe: com.google.gson.JsonSyntaxException: Unknown item 'farmers_delight_christmas_edition:marshmallow'
[06Aug2026 20:27:50.140] [main/INFO] [net.minecraft.world.item.crafting.RecipeManager/]: Skipping loading recipe outer_end:violite/tiles/slab_from_vertical_slab as it's serializer returned null
[06Aug2026 20:27:50.163] [main/INFO] [net.minecraft.world.item.crafting.RecipeManager/]: Skipping loading recipe outer_end:azure_vertical_slab as it's serializer returned null
[06Aug2026 20:27:50.171] [main/ERROR] [net.minecraft.world.item.crafting.RecipeManager/]: Parsing error loading recipe theabyss:mortar_and_pestle/hollow_powder: com.google.gson.JsonSyntaxException: Invalid or unsupported recipe type 'theabyss:mortar_and_pestle'
[06Aug2026 20:27:50.175] [main/ERROR] [net.minecraft.world.item.crafting.RecipeManager/]: Parsing error loading recipe theabyss:arcane_crafting/ring_of_home_mirrored: com.google.gson.JsonSyntaxException: Invalid or unsupported recipe type 'theabyss:arcane_crafting'
[06Aug2026 20:27:50.247] [main/ERROR] [net.minecraft.world.item.crafting.RecipeManager/]: Parsing error loading recipe useless_sword:ravager_sword_craft_2: com.google.gson.JsonSyntaxException: Unknown item 'quark:ravager_hide'
[06Aug2026 20:27:50.250] [main/ERROR] [net.minecraft.world.item.crafting.RecipeManager/]: Parsing error loading recipe dixtas_armory:netherite_throwing_knife: com.google.gson.JsonSyntaxException: Invalid or unsupported recipe type 'minecraft:smithing'
[06Aug2026 20:27:50.258] [main/ERROR] [net.minecraft.world.item.crafting.RecipeManager/]: Parsing error loading recipe theabyss:arcane_crafting/ring_of_telekinetic: com.google.gson.JsonSyntaxException: Invalid or unsupported recipe type 'theabyss:arcane_crafting'
[06Aug2026 20:27:50.314] [main/INFO] [Spartan Weaponry/]: Empty result tag:"forge:nuggets/aluminum" Skipping...
[06Aug2026 20:27:50.315] [main/INFO] [net.minecraft.world.item.crafting.RecipeManager/]: Skipping loading recipe spartanweaponry:aluminum_nugget_from_smelting_aluminum_weapons as it's serializer returned null
[06Aug2026 20:27:50.385] [main/ERROR] [net.minecraft.world.item.crafting.RecipeManager/]: Parsing error loading recipe theabyss:mortar_and_pestle/crimson_powder: com.google.gson.JsonSyntaxException: Invalid or unsupported recipe type 'theabyss:mortar_and_pestle'
[06Aug2026 20:27:50.390] [main/ERROR] [net.minecraft.world.item.crafting.RecipeManager/]: Parsing error loading recipe nfm:beige_modern_desk_cabinet: com.google.gson.JsonSyntaxException: Unknown item 'yogmod:beige_concrete'
[06Aug2026 20:27:50.398] [main/ERROR] [net.minecraft.world.item.crafting.RecipeManager/]: Parsing error loading recipe dixtas_armory:electrum_chakram_smithing: com.google.gson.JsonSyntaxException: Unknown item 'oreganized:electrum_upgrade_smithing_template'
[06Aug2026 20:27:50.401] [main/ERROR] [net.minecraft.world.item.crafting.RecipeManager/]: Parsing error loading recipe dixtas_armory:netherite_katana_two_handed_smithing: com.google.gson.JsonSyntaxException: Unknown item 'dixtas_armory:diamond_katana_two_handed'
[06Aug2026 20:27:50.403] [main/ERROR] [net.minecraft.world.item.crafting.RecipeManager/]: Parsing error loading recipe theabyss:arcane_crafting/ring_of_firestrike: com.google.gson.JsonSyntaxException: Invalid or unsupported recipe type 'theabyss:arcane_crafting'
[06Aug2026 20:27:50.407] [main/ERROR] [net.minecraft.world.item.crafting.RecipeManager/]: Parsing error loading recipe shadowlands:acid/acid_ruby_processing: com.google.gson.JsonSyntaxException: Missing item, expected to find a string
[06Aug2026 20:27:50.409] [main/ERROR] [net.minecraft.world.item.crafting.RecipeManager/]: Parsing error loading recipe theabyss:somnium_infusing/anti_fear_essence: com.google.gson.JsonSyntaxException: Invalid or unsupported recipe type 'theabyss:somnium_infusing'
[06Aug2026 20:27:50.416] [main/ERROR] [net.minecraft.world.item.crafting.RecipeManager/]: Parsing error loading recipe dixtas_armory:adamantite_pike_smithing: com.google.gson.JsonSyntaxException: Unknown item 'enlightened_end:adamantite_smithing_template'
[06Aug2026 20:27:50.443] [main/ERROR] [net.minecraft.world.item.crafting.RecipeManager/]: Parsing error loading recipe nfm:beige_television_stand: com.google.gson.JsonSyntaxException: Unknown item 'nfm:beige_modern_table'
[06Aug2026 20:27:50.463] [main/ERROR] [net.minecraft.world.item.crafting.RecipeManager/]: Parsing error loading recipe beyond_earth:smeltery/melting/metal/desh/nugget: com.google.gson.JsonSyntaxException: Unable to parse fluid as registry minecraft:fluid does not contain ID beyond_earth:molten_desh
[06Aug2026 20:27:50.470] [main/ERROR] [net.minecraft.world.item.crafting.RecipeManager/]: Parsing error loading recipe dixtas_armory:electrum_longsword_smithing: com.google.gson.JsonSyntaxException: Unknown item 'oreganized:electrum_upgrade_smithing_template'
[06Aug2026 20:27:50.476] [main/ERROR] [net.minecraft.world.item.crafting.RecipeManager/]: Parsing error loading recipe dixtas_armory:adamantite_battle_axe_smithing: com.google.gson.JsonSyntaxException: Unknown item 'enlightened_end:adamantite_smithing_template'
[06Aug2026 20:27:50.483] [main/ERROR] [net.minecraft.world.item.crafting.RecipeManager/]: Parsing error loading recipe theabyss:arcane_crafting/ring_of_freeze: com.google.gson.JsonSyntaxException: Invalid or unsupported recipe type 'theabyss:arcane_crafting'
[06Aug2026 20:27:50.505] [main/INFO] [net.minecraft.world.item.crafting.RecipeManager/]: Skipping loading recipe outer_end:azure_post as it's serializer returned null
[06Aug2026 20:27:50.516] [main/ERROR] [net.minecraft.world.item.crafting.RecipeManager/]: Parsing error loading recipe ror:acid/acid_tin_processing: com.google.gson.JsonSyntaxException: Missing item, expected to find a string
[06Aug2026 20:27:50.561] [main/INFO] [net.minecraft.world.item.crafting.RecipeManager/]: Skipping loading recipe outer_end:violite/mossy_tiles/slab_from_vertical_slab as it's serializer returned null
[06Aug2026 20:27:50.566] [main/ERROR] [net.minecraft.world.item.crafting.RecipeManager/]: Parsing error loading recipe nue:fgarmr: com.google.gson.JsonSyntaxException: Unknown item 'nue:deleted_mod_element'
[06Aug2026 20:27:50.594] [main/ERROR] [net.minecraft.world.item.crafting.RecipeManager/]: Parsing error loading recipe dixtas_armory:electrum_zweihander_smithing: com.google.gson.JsonSyntaxException: Unknown item 'oreganized:electrum_upgrade_smithing_template'
[06Aug2026 20:27:50.616] [main/ERROR] [net.minecraft.world.item.crafting.RecipeManager/]: Parsing error loading recipe theabyss:arcane_crafting/ring_of_fire: com.google.gson.JsonSyntaxException: Invalid or unsupported recipe type 'theabyss:arcane_crafting'
[06Aug2026 20:27:50.642] [main/ERROR] [net.minecraft.world.item.crafting.RecipeManager/]: Parsing error loading recipe dixtas_armory:adamantite_greatsword_smithing: com.google.gson.JsonSyntaxException: Unknown item 'enlightened_end:adamantite_smithing_template'
[06Aug2026 20:27:50.645] [main/ERROR] [net.minecraft.world.item.crafting.RecipeManager/]: Parsing error loading recipe dixtas_armory:adamantite_spear_smithing: com.google.gson.JsonSyntaxException: Unknown item 'enlightened_end:adamantite_smithing_template'
[06Aug2026 20:27:50.650] [main/INFO] [net.minecraft.world.item.crafting.RecipeManager/]: Skipping loading recipe caverns_and_chasms:golden_milk_bucket as it's serializer returned null
[06Aug2026 20:27:50.653] [main/ERROR] [net.minecraft.world.item.crafting.RecipeManager/]: Parsing error loading recipe dixtas_armory:adamantite_shuriken_smithing: com.google.gson.JsonSyntaxException: Unknown item 'enlightened_end:adamantite_smithing_template'
[06Aug2026 20:27:50.655] [main/INFO] [net.minecraft.world.item.crafting.RecipeManager/]: Skipping loading recipe outer_end:violite/mossy_tiles/vertical_slab as it's serializer returned null
[06Aug2026 20:27:50.662] [main/ERROR] [net.minecraft.world.item.crafting.RecipeManager/]: Parsing error loading recipe dixtas_armory:electrum_pike_smithing: com.google.gson.JsonSyntaxException: Unknown item 'oreganized:electrum_upgrade_smithing_template'
[06Aug2026 20:27:50.664] [main/ERROR] [net.minecraft.world.item.crafting.RecipeManager/]: Parsing error loading recipe farmersdelight:cutting/azure_stem: com.google.gson.JsonSyntaxException: Unknown ingredient type: farmersdelight:tool
[06Aug2026 20:27:50.726] [main/ERROR] [net.minecraft.world.item.crafting.RecipeManager/]: Parsing error loading recipe beyond_earth:smeltery/melting/metal/calorite/block: com.google.gson.JsonSyntaxException: Unable to parse fluid as registry minecraft:fluid does not contain ID beyond_earth:molten_calorite
[06Aug2026 20:27:50.732] [main/ERROR] [net.minecraft.world.item.crafting.RecipeManager/]: Parsing error loading recipe theabyss:mortar_and_pestle/vit_powder: com.google.gson.JsonSyntaxException: Invalid or unsupported recipe type 'theabyss:mortar_and_pestle'
[06Aug2026 20:27:50.758] [main/ERROR] [net.minecraft.world.item.crafting.RecipeManager/]: Parsing error loading recipe beyond_earth:smeltery/melting/metal/ostrum/raw_block: com.google.gson.JsonSyntaxException: Unable to parse fluid as registry minecraft:fluid does not contain ID beyond_earth:molten_ostrum
[06Aug2026 20:27:50.761] [main/ERROR] [net.minecraft.world.item.crafting.RecipeManager/]: Parsing error loading recipe theabyss:arcane_crafting/ring_of_slide: com.google.gson.JsonSyntaxException: Invalid or unsupported recipe type 'theabyss:arcane_crafting'
[06Aug2026 20:27:50.782] [main/ERROR] [net.minecraft.world.item.crafting.RecipeManager/]: Parsing error loading recipe theabyss:arcane_crafting/ring_of_home: com.google.gson.JsonSyntaxException: Invalid or unsupported recipe type 'theabyss:arcane_crafting'
[06Aug2026 20:27:50.785] [main/ERROR] [net.minecraft.world.item.crafting.RecipeManager/]: Parsing error loading recipe dixtas_armory:electrum_throwing_knife_smithing: com.google.gson.JsonSyntaxException: Unknown item 'oreganized:electrum_upgrade_smithing_template'
[06Aug2026 20:27:50.834] [main/INFO] [Spartan Weaponry/]: Empty result tag:"forge:nuggets/nickel" Skipping...
[06Aug2026 20:27:50.835] [main/INFO] [net.minecraft.world.item.crafting.RecipeManager/]: Skipping loading recipe spartanweaponry:nickel_nugget_from_blasting_nickel_weapons as it's serializer returned null
[06Aug2026 20:27:50.859] [main/ERROR] [net.minecraft.world.item.crafting.RecipeManager/]: Parsing error loading recipe theabyss:arcane_crafting/ring_of_seeker: com.google.gson.JsonSyntaxException: Invalid or unsupported recipe type 'theabyss:arcane_crafting'
[06Aug2026 20:27:50.863] [main/ERROR] [net.minecraft.world.item.crafting.RecipeManager/]: Parsing error loading recipe shieldexex:adamantite_tower_shield_smithing: com.google.gson.JsonSyntaxException: Unknown item 'enlightened_end:adamantite_smithing_template'
[06Aug2026 20:27:50.867] [main/ERROR] [net.minecraft.world.item.crafting.RecipeManager/]: Parsing error loading recipe dixtas_armory:netherite_glaive: com.google.gson.JsonSyntaxException: Invalid or unsupported recipe type 'minecraft:smithing'
[06Aug2026 20:27:50.877] [main/ERROR] [net.minecraft.world.item.crafting.RecipeManager/]: Parsing error loading recipe dixtas_armory:netherite_longsword: com.google.gson.JsonSyntaxException: Invalid or unsupported recipe type 'minecraft:smithing'
[06Aug2026 20:27:50.880] [main/ERROR] [net.minecraft.world.item.crafting.RecipeManager/]: Parsing error loading recipe farmersdelight:cutting/azure_trapdoor: com.google.gson.JsonSyntaxException: Unknown ingredient type: farmersdelight:tool
[06Aug2026 20:27:50.887] [main/INFO] [net.minecraft.world.item.crafting.RecipeManager/]: Skipping loading recipe twilightforest:jeed/slowness as it's serializer returned null
[06Aug2026 20:27:50.916] [main/ERROR] [net.minecraft.world.item.crafting.RecipeManager/]: Parsing error loading recipe theabyss:somnium_infusing/somnium_regen_upgrade: com.google.gson.JsonSyntaxException: Invalid or unsupported recipe type 'theabyss:somnium_infusing'
[06Aug2026 20:27:50.931] [main/ERROR] [net.minecraft.world.item.crafting.RecipeManager/]: Parsing error loading recipe dixtas_armory:netherite_shuriken: com.google.gson.JsonSyntaxException: Invalid or unsupported recipe type 'minecraft:smithing'
[06Aug2026 20:27:50.985] [main/INFO] [net.minecraft.world.item.crafting.RecipeManager/]: Loaded 145 recipes
[06Aug2026 20:27:51.007] [main/WARN] [com.recipeessentials.RecipeEssentials/]: Recipe without matching ID:ars_nouveau:redstone_ores
[06Aug2026 20:27:51.020] [main/WARN] [com.recipeessentials.RecipeEssentials/]: Recipe without matching ID:ars_nouveau:iron_ores
[06Aug2026 20:27:51.029] [main/WARN] [com.recipeessentials.RecipeEssentials/]: Recipe without matching ID:ars_nouveau:amethyst_blocks
[06Aug2026 20:27:51.034] [main/WARN] [com.recipeessentials.RecipeEssentials/]: Recipe without matching ID:ars_nouveau:coal_ores
[06Aug2026 20:27:51.043] [main/WARN] [com.recipeessentials.RecipeEssentials/]: Recipe without matching ID:ars_nouveau:gold_ores
[06Aug2026 20:27:51.047] [main/WARN] [com.recipeessentials.RecipeEssentials/]: Recipe without matching ID:ars_nouveau:quartz_ores
[06Aug2026 20:27:51.050] [main/WARN] [com.recipeessentials.RecipeEssentials/]: Recipe without matching ID:ars_nouveau:emerald_ores
[06Aug2026 20:27:51.054] [main/WARN] [com.recipeessentials.RecipeEssentials/]: Recipe without matching ID:ars_nouveau:budding_amethyst
[06Aug2026 20:27:51.063] [main/WARN] [com.recipeessentials.RecipeEssentials/]: Recipe without matching ID:ars_nouveau:lapis_ores
[06Aug2026 20:27:51.074] [main/WARN] [com.recipeessentials.RecipeEssentials/]: Recipe without matching ID:ars_nouveau:diamond_ores
[06Aug2026 20:27:51.077] [main/WARN] [com.recipeessentials.RecipeEssentials/]: Recipe without matching ID:ars_nouveau:netherite_scrap_ores
[06Aug2026 20:27:51.080] [main/WARN] [com.recipeessentials.RecipeEssentials/]: Recipe without matching ID:ars_nouveau:blaze_powder
[06Aug2026 20:27:51.102] [main/WARN] [com.recipeessentials.RecipeEssentials/]: Recipe without matching ID:ars_nouveau:copper_ores
[06Aug2026 20:27:51.106] [main/WARN] [com.recipeessentials.RecipeEssentials/]: Recipe without matching ID:ars_nouveau:amethyst_gems
[06Aug2026 20:27:51.167] [main/INFO] [com.teamabnormals.blueprint.core.Blueprint/]: Advancement Modification Manager has loaded 21 modifier groups
[06Aug2026 20:27:51.435] [main/ERROR] [net.minecraft.server.ServerAdvancementManager/]: Parsing error loading custom advancement mining_drills:wither_and_thunder: Expected items to be a JsonArray, was "min...rd"
[06Aug2026 20:27:52.697] [main/ERROR] [net.minecraft.server.ServerAdvancementManager/]: Parsing error loading custom advancement outer_end:end/find_catacombs: Expected item to be an item, was unknown string 'outer_end:chiseled_violite'
[06Aug2026 20:27:53.000] [main/ERROR] [net.minecraft.advancements.AdvancementList/]: Couldn't load advancement the_smile_man:a_fire_covered_sword: Task Advancement{parentId=the_smile_man:get_the_dark_sword, display=net.minecraft.advancements.DisplayInfo@9c6753, rewards=AdvancementRewards{experience=0, loot=[], recipes=[], function=net.minecraft.commands.CommandFunction$CacheableFunction@25d13090}, criteria={a_fire_covered_sword_0=net.minecraft.advancements.Criterion@7c9c7152}, requirements=[[a_fire_covered_sword_0]], sends_telemetry_event=false}
[06Aug2026 20:27:53.004] [main/ERROR] [net.minecraft.advancements.AdvancementList/]: Couldn't load advancement casualness_delight:food/bobo_chicken: Task Advancement{parentId=casualness_delight:food/beef_noodles, display=net.minecraft.advancements.DisplayInfo@449c4286, rewards=AdvancementRewards{experience=0, loot=[], recipes=[], function=net.minecraft.commands.CommandFunction$CacheableFunction@25d13090}, criteria={cabbage_bobo_chicken=net.minecraft.advancements.Criterion@3b26f73f, potato_bobo_chicken=net.minecraft.advancements.Criterion@27d979c6, chicken_bobo_chicken=net.minecraft.advancements.Criterion@477485ad}, requirements=[[chicken_bobo_chicken, cabbage_bobo_chicken, potato_bobo_chicken]], sends_telemetry_event=false}
[06Aug2026 20:27:53.005] [main/ERROR] [net.minecraft.advancements.AdvancementList/]: Couldn't load advancement casualness_delight:block/cheese_wheel: Task Advancement{parentId=casualness_delight:food/stargazy_pie, display=net.minecraft.advancements.DisplayInfo@132a88a, rewards=AdvancementRewards{experience=0, loot=[], recipes=[], function=net.minecraft.commands.CommandFunction$CacheableFunction@25d13090}, criteria={cheese_wheel=net.minecraft.advancements.Criterion@62881cec, cheese_wheel_slice=net.minecraft.advancements.Criterion@505d28c5}, requirements=[[cheese_wheel, cheese_wheel_slice]], sends_telemetry_event=false}
[06Aug2026 20:27:53.007] [main/ERROR] [net.minecraft.advancements.AdvancementList/]: Couldn't load advancement casualness_delight:food/stargazy_pie: Task Advancement{parentId=casualness_delight:food/beef_noodles, display=net.minecraft.advancements.DisplayInfo@44c4b287, rewards=AdvancementRewards{experience=0, loot=[], recipes=[], function=net.minecraft.commands.CommandFunction$CacheableFunction@25d13090}, criteria={stargazy_pie=net.minecraft.advancements.Criterion@7de6b1da, stargazy_pie_slice=net.minecraft.advancements.Criterion@56495f6a}, requirements=[[stargazy_pie, stargazy_pie_slice]], sends_telemetry_event=false}
[06Aug2026 20:27:53.009] [main/ERROR] [net.minecraft.advancements.AdvancementList/]: Couldn't load advancement chococraft:buon_appetito: Task Advancement{parentId=chococraft:buon_appetito, display=net.minecraft.advancements.DisplayInfo@5414e0e8, rewards=AdvancementRewards{experience=0, loot=[], recipes=[], function=net.minecraft.commands.CommandFunction$CacheableFunction@25d13090}, criteria={buon_appetito_0=net.minecraft.advancements.Criterion@48ba570f}, requirements=[[buon_appetito_0]], sends_telemetry_event=false}
[06Aug2026 20:27:53.010] [main/ERROR] [net.minecraft.advancements.AdvancementList/]: Couldn't load advancement chococraft:exquisite_taste: Task Advancement{parentId=chococraft:exquisite_taste, display=net.minecraft.advancements.DisplayInfo@54294b2b, rewards=AdvancementRewards{experience=0, loot=[], recipes=[], function=net.minecraft.commands.CommandFunction$CacheableFunction@25d13090}, criteria={exquisite_taste_0=net.minecraft.advancements.Criterion@4eb17c8e}, requirements=[[exquisite_taste_0]], sends_telemetry_event=false}
[06Aug2026 20:27:53.012] [main/INFO] [net.minecraft.advancements.AdvancementList/]: Loaded 17547 advancements
[06Aug2026 20:27:53.080] [main/INFO] [placebo/]: Registered 0 additional recipes.
[06Aug2026 20:27:53.620] [main/INFO] [top.theillusivec4.curios.Curios/]: Loaded 23 curio slots
[06Aug2026 20:27:53.646] [main/INFO] [top.theillusivec4.curios.Curios/]: Loaded 9 curio entities
[06Aug2026 20:27:53.826] [main/WARN] [net.minecraftforge.common.loot.LootModifierManager/]: Could not decode GlobalLootModifier with json id allthefood:gelatin_from_pig - error: Not a JSON object: null
[06Aug2026 20:27:53.829] [main/WARN] [net.minecraftforge.common.loot.LootModifierManager/]: Could not decode GlobalLootModifier with json id allthefood:gelatin_from_piglin - error: Not a JSON object: null
[06Aug2026 20:27:53.830] [main/WARN] [net.minecraftforge.common.loot.LootModifierManager/]: Could not decode GlobalLootModifier with json id allthefood:gelatin_from_piglin_brute - error: Not a JSON object: null
[06Aug2026 20:27:53.891] [main/WARN] [net.minecraftforge.common.loot.LootModifierManager/]: Could not decode GlobalLootModifier with json id corn_delight:village_house - error: Unknown registry key in ResourceKey[minecraft:root / forge:global_loot_modifier_serializers]: mmlib:add_loot_table
[06Aug2026 20:27:53.894] [main/WARN] [net.minecraftforge.common.loot.LootModifierManager/]: Could not decode GlobalLootModifier with json id corn_delight:shipwreck_loot - error: Unknown registry key in ResourceKey[minecraft:root / forge:global_loot_modifier_serializers]: mmlib:add_loot_table
[06Aug2026 20:27:53.898] [main/WARN] [net.minecraftforge.common.loot.LootModifierManager/]: Unable to decode loot conditions
com.google.gson.JsonSyntaxException: Unknown type 'minecraft:alternatives'
	at net.minecraft.world.level.storage.loot.GsonAdapterFactory$JsonAdapter.deserialize(GsonAdapterFactory.java:99) ~[server-1.20.1-20230612.114412-srg.jar%23701!/:?]
	at com.google.gson.internal.bind.TreeTypeAdapter.read(TreeTypeAdapter.java:76) ~[gson-2.10.jar%2372!/:?]
	at com.google.gson.internal.bind.TypeAdapterRuntimeTypeWrapper.read(TypeAdapterRuntimeTypeWrapper.java:40) ~[gson-2.10.jar%2372!/:?]
	at com.google.gson.internal.bind.ArrayTypeAdapter.read(ArrayTypeAdapter.java:72) ~[gson-2.10.jar%2372!/:?]
	at com.google.gson.Gson.fromJson(Gson.java:1214) ~[gson-2.10.jar%2372!/:?]
	at com.google.gson.Gson.fromJson(Gson.java:1319) ~[gson-2.10.jar%2372!/:?]
	at com.google.gson.Gson.fromJson(Gson.java:1261) ~[gson-2.10.jar%2372!/:?]
	at net.minecraftforge.common.loot.IGlobalLootModifier.lambda$static$1(IGlobalLootModifier.java:39) ~[forge-1.20.1-47.4.10-universal.jar%23706!/:?]
	at com.mojang.serialization.Decoder$1.lambda$decode$1(Decoder.java:49) ~[datafixerupper-6.0.8.jar%2377!/:?]
	at com.mojang.serialization.DataResult.lambda$flatMap$11(DataResult.java:139) ~[datafixerupper-6.0.8.jar%2377!/:?]
	at com.mojang.datafixers.util.Either$Left.map(Either.java:38) ~[datafixerupper-6.0.8.jar%2377!/:?]
	at com.mojang.serialization.DataResult.flatMap(DataResult.java:137) ~[datafixerupper-6.0.8.jar%2377!/:?]
	at com.mojang.serialization.Decoder$1.decode(Decoder.java:49) ~[datafixerupper-6.0.8.jar%2377!/:?]
	at com.mojang.serialization.Codec$2.decode(Codec.java:71) ~[datafixerupper-6.0.8.jar%2377!/:?]
	at com.mojang.serialization.Decoder.parse(Decoder.java:18) ~[datafixerupper-6.0.8.jar%2377!/:?]
	at com.mojang.serialization.codecs.FieldDecoder.decode(FieldDecoder.java:29) ~[datafixerupper-6.0.8.jar%2377!/:?]
	at com.mojang.serialization.MapCodec$1.decode(MapCodec.java:34) ~[datafixerupper-6.0.8.jar%2377!/:?]
	at com.mojang.serialization.codecs.RecordCodecBuilder$Instance$5.decode(RecordCodecBuilder.java:323) ~[datafixerupper-6.0.8.jar%2377!/:?]
	at com.mojang.serialization.codecs.RecordCodecBuilder$2.decode(RecordCodecBuilder.java:107) ~[datafixerupper-6.0.8.jar%2377!/:?]
	at com.mojang.serialization.codecs.KeyDispatchCodec.lambda$decode$3(KeyDispatchCodec.java:67) ~[datafixerupper-6.0.8.jar%2377!/:?]
	at com.mojang.serialization.DataResult.lambda$flatMap$11(DataResult.java:139) ~[datafixerupper-6.0.8.jar%2377!/:?]
	at com.mojang.datafixers.util.Either$Left.map(Either.java:38) ~[datafixerupper-6.0.8.jar%2377!/:?]
	at com.mojang.serialization.DataResult.flatMap(DataResult.java:137) ~[datafixerupper-6.0.8.jar%2377!/:?]
	at com.mojang.serialization.codecs.KeyDispatchCodec.lambda$decode$4(KeyDispatchCodec.java:58) ~[datafixerupper-6.0.8.jar%2377!/:?]
	at com.mojang.serialization.DataResult.lambda$flatMap$11(DataResult.java:139) ~[datafixerupper-6.0.8.jar%2377!/:?]
	at com.mojang.datafixers.util.Either$Left.map(Either.java:38) ~[datafixerupper-6.0.8.jar%2377!/:?]
	at com.mojang.serialization.DataResult.flatMap(DataResult.java:137) ~[datafixerupper-6.0.8.jar%2377!/:?]
	at com.mojang.serialization.codecs.KeyDispatchCodec.decode(KeyDispatchCodec.java:56) ~[datafixerupper-6.0.8.jar%2377!/:?]
	at com.mojang.serialization.MapDecoder.lambda$compressedDecode$1(MapDecoder.java:52) ~[datafixerupper-6.0.8.jar%2377!/:?]
	at com.mojang.serialization.DataResult.lambda$flatMap$11(DataResult.java:139) ~[datafixerupper-6.0.8.jar%2377!/:?]
	at com.mojang.datafixers.util.Either$Left.map(Either.java:38) ~[datafixerupper-6.0.8.jar%2377!/:?]
	at com.mojang.serialization.DataResult.flatMap(DataResult.java:137) ~[datafixerupper-6.0.8.jar%2377!/:?]
	at com.mojang.serialization.MapDecoder.compressedDecode(MapDecoder.java:52) ~[datafixerupper-6.0.8.jar%2377!/:?]
	at com.mojang.serialization.MapCodec$MapCodecCodec.decode(MapCodec.java:91) ~[datafixerupper-6.0.8.jar%2377!/:?]
	at com.mojang.serialization.Decoder.parse(Decoder.java:18) ~[datafixerupper-6.0.8.jar%2377!/:?]
	at net.minecraftforge.common.loot.LootModifierManager.apply(LootModifierManager.java:79) ~[forge-1.20.1-47.4.10-universal.jar%23706!/:?]
	at net.minecraftforge.common.loot.LootModifierManager.m_5787_(LootModifierManager.java:38) ~[forge-1.20.1-47.4.10-universal.jar%23706!/:?]
	at net.minecraft.server.packs.resources.SimplePreparableReloadListener.m_10789_(SimplePreparableReloadListener.java:13) ~[server-1.20.1-20230612.114412-srg.jar%23701!/:?]
	at java.util.concurrent.CompletableFuture$UniAccept.tryFire(CompletableFuture.java:718) ~[?:?]
	at java.util.concurrent.CompletableFuture$Completion.run(CompletableFuture.java:482) ~[?:?]
	at net.minecraft.server.packs.resources.SimpleReloadInstance.m_143940_(SimpleReloadInstance.java:69) ~[server-1.20.1-20230612.114412-srg.jar%23701!/:?]
	at net.minecraft.Util.m_214652_(Util.java:783) ~[server-1.20.1-20230612.114412-srg.jar%23701!/:?]
	at net.minecraft.Util.m_214679_(Util.java:772) ~[server-1.20.1-20230612.114412-srg.jar%23701!/:?]
	at net.minecraft.server.Main.main(Main.java:166) ~[server-1.20.1-20230612.114412-srg.jar%23701!/:?]
	at jdk.internal.reflect.NativeMethodAccessorImpl.invoke0(Native Method) ~[?:?]
	at jdk.internal.reflect.NativeMethodAccessorImpl.invoke(NativeMethodAccessorImpl.java:77) ~[?:?]
	at jdk.internal.reflect.DelegatingMethodAccessorImpl.invoke(DelegatingMethodAccessorImpl.java:43) ~[?:?]
	at java.lang.reflect.Method.invoke(Method.java:569) ~[?:?]
	at net.minecraftforge.fml.loading.targets.CommonLaunchHandler.runTarget(CommonLaunchHandler.java:111) ~[fmlloader-1.20.1-47.4.10.jar%2369!/:?]
	at net.minecraftforge.fml.loading.targets.CommonLaunchHandler.serverService(CommonLaunchHandler.java:103) ~[fmlloader-1.20.1-47.4.10.jar%2369!/:?]
	at net.minecraftforge.fml.loading.targets.CommonServerLaunchHandler.lambda$makeService$0(CommonServerLaunchHandler.java:27) ~[fmlloader-1.20.1-47.4.10.jar%2369!/:?]
	at cpw.mods.modlauncher.LaunchServiceHandlerDecorator.launch(LaunchServiceHandlerDecorator.java:30) ~[modlauncher-10.0.9.jar%2355!/:?]
	at cpw.mods.modlauncher.LaunchServiceHandler.launch(LaunchServiceHandler.java:53) ~[modlauncher-10.0.9.jar%2355!/:?]
	at cpw.mods.modlauncher.LaunchServiceHandler.launch(LaunchServiceHandler.java:71) ~[modlauncher-10.0.9.jar%2355!/:?]
	at cpw.mods.modlauncher.Launcher.run(Launcher.java:108) ~[modlauncher-10.0.9.jar%2355!/:?]
	at cpw.mods.modlauncher.Launcher.main(Launcher.java:78) ~[modlauncher-10.0.9.jar%2355!/:?]
	at cpw.mods.modlauncher.BootstrapLaunchConsumer.accept(BootstrapLaunchConsumer.java:26) ~[modlauncher-10.0.9.jar%2355!/:?]
	at cpw.mods.modlauncher.BootstrapLaunchConsumer.accept(BootstrapLaunchConsumer.java:23) ~[modlauncher-10.0.9.jar%2355!/:?]
	at cpw.mods.bootstraplauncher.BootstrapLauncher.main(BootstrapLauncher.java:141) ~[bootstraplauncher-1.1.2.jar:?]
[06Aug2026 20:27:53.925] [main/WARN] [net.minecraftforge.common.loot.LootModifierManager/]: Could not decode GlobalLootModifier with json id nethersdelight:chopping_leather - error: Unknown type 'minecraft:alternatives'
[06Aug2026 20:27:53.927] [main/WARN] [net.minecraftforge.common.loot.LootModifierManager/]: Unable to decode loot conditions
com.google.gson.JsonSyntaxException: Unknown type 'minecraft:alternative'
	at net.minecraft.world.level.storage.loot.GsonAdapterFactory$JsonAdapter.deserialize(GsonAdapterFactory.java:99) ~[server-1.20.1-20230612.114412-srg.jar%23701!/:?]
	at com.google.gson.internal.bind.TreeTypeAdapter.read(TreeTypeAdapter.java:76) ~[gson-2.10.jar%2372!/:?]
	at com.google.gson.internal.bind.TypeAdapterRuntimeTypeWrapper.read(TypeAdapterRuntimeTypeWrapper.java:40) ~[gson-2.10.jar%2372!/:?]
	at com.google.gson.internal.bind.ArrayTypeAdapter.read(ArrayTypeAdapter.java:72) ~[gson-2.10.jar%2372!/:?]
	at com.google.gson.Gson.fromJson(Gson.java:1214) ~[gson-2.10.jar%2372!/:?]
	at com.google.gson.Gson.fromJson(Gson.java:1319) ~[gson-2.10.jar%2372!/:?]
	at com.google.gson.Gson.fromJson(Gson.java:1261) ~[gson-2.10.jar%2372!/:?]
	at net.minecraftforge.common.loot.IGlobalLootModifier.lambda$static$1(IGlobalLootModifier.java:39) ~[forge-1.20.1-47.4.10-universal.jar%23706!/:?]
	at com.mojang.serialization.Decoder$1.lambda$decode$1(Decoder.java:49) ~[datafixerupper-6.0.8.jar%2377!/:?]
	at com.mojang.serialization.DataResult.lambda$flatMap$11(DataResult.java:139) ~[datafixerupper-6.0.8.jar%2377!/:?]
	at com.mojang.datafixers.util.Either$Left.map(Either.java:38) ~[datafixerupper-6.0.8.jar%2377!/:?]
	at com.mojang.serialization.DataResult.flatMap(DataResult.java:137) ~[datafixerupper-6.0.8.jar%2377!/:?]
	at com.mojang.serialization.Decoder$1.decode(Decoder.java:49) ~[datafixerupper-6.0.8.jar%2377!/:?]
	at com.mojang.serialization.Codec$2.decode(Codec.java:71) ~[datafixerupper-6.0.8.jar%2377!/:?]
	at com.mojang.serialization.Decoder.parse(Decoder.java:18) ~[datafixerupper-6.0.8.jar%2377!/:?]
	at com.mojang.serialization.codecs.FieldDecoder.decode(FieldDecoder.java:29) ~[datafixerupper-6.0.8.jar%2377!/:?]
	at com.mojang.serialization.MapCodec$1.decode(MapCodec.java:34) ~[datafixerupper-6.0.8.jar%2377!/:?]
	at com.mojang.serialization.codecs.RecordCodecBuilder$Instance$5.decode(RecordCodecBuilder.java:323) ~[datafixerupper-6.0.8.jar%2377!/:?]
	at com.mojang.serialization.codecs.RecordCodecBuilder$2.decode(RecordCodecBuilder.java:107) ~[datafixerupper-6.0.8.jar%2377!/:?]
	at com.mojang.serialization.codecs.KeyDispatchCodec.lambda$decode$3(KeyDispatchCodec.java:67) ~[datafixerupper-6.0.8.jar%2377!/:?]
	at com.mojang.serialization.DataResult.lambda$flatMap$11(DataResult.java:139) ~[datafixerupper-6.0.8.jar%2377!/:?]
	at com.mojang.datafixers.util.Either$Left.map(Either.java:38) ~[datafixerupper-6.0.8.jar%2377!/:?]
	at com.mojang.serialization.DataResult.flatMap(DataResult.java:137) ~[datafixerupper-6.0.8.jar%2377!/:?]
	at com.mojang.serialization.codecs.KeyDispatchCodec.lambda$decode$4(KeyDispatchCodec.java:58) ~[datafixerupper-6.0.8.jar%2377!/:?]
	at com.mojang.serialization.DataResult.lambda$flatMap$11(DataResult.java:139) ~[datafixerupper-6.0.8.jar%2377!/:?]
	at com.mojang.datafixers.util.Either$Left.map(Either.java:38) ~[datafixerupper-6.0.8.jar%2377!/:?]
	at com.mojang.serialization.DataResult.flatMap(DataResult.java:137) ~[datafixerupper-6.0.8.jar%2377!/:?]
	at com.mojang.serialization.codecs.KeyDispatchCodec.decode(KeyDispatchCodec.java:56) ~[datafixerupper-6.0.8.jar%2377!/:?]
	at com.mojang.serialization.MapDecoder.lambda$compressedDecode$1(MapDecoder.java:52) ~[datafixerupper-6.0.8.jar%2377!/:?]
	at com.mojang.serialization.DataResult.lambda$flatMap$11(DataResult.java:139) ~[datafixerupper-6.0.8.jar%2377!/:?]
	at com.mojang.datafixers.util.Either$Left.map(Either.java:38) ~[datafixerupper-6.0.8.jar%2377!/:?]
	at com.mojang.serialization.DataResult.flatMap(DataResult.java:137) ~[datafixerupper-6.0.8.jar%2377!/:?]
	at com.mojang.serialization.MapDecoder.compressedDecode(MapDecoder.java:52) ~[datafixerupper-6.0.8.jar%2377!/:?]
	at com.mojang.serialization.MapCodec$MapCodecCodec.decode(MapCodec.java:91) ~[datafixerupper-6.0.8.jar%2377!/:?]
	at com.mojang.serialization.Decoder.parse(Decoder.java:18) ~[datafixerupper-6.0.8.jar%2377!/:?]
	at net.minecraftforge.common.loot.LootModifierManager.apply(LootModifierManager.java:79) ~[forge-1.20.1-47.4.10-universal.jar%23706!/:?]
	at net.minecraftforge.common.loot.LootModifierManager.m_5787_(LootModifierManager.java:38) ~[forge-1.20.1-47.4.10-universal.jar%23706!/:?]
	at net.minecraft.server.packs.resources.SimplePreparableReloadListener.m_10789_(SimplePreparableReloadListener.java:13) ~[server-1.20.1-20230612.114412-srg.jar%23701!/:?]
	at java.util.concurrent.CompletableFuture$UniAccept.tryFire(CompletableFuture.java:718) ~[?:?]
	at java.util.concurrent.CompletableFuture$Completion.run(CompletableFuture.java:482) ~[?:?]
	at net.minecraft.server.packs.resources.SimpleReloadInstance.m_143940_(SimpleReloadInstance.java:69) ~[server-1.20.1-20230612.114412-srg.jar%23701!/:?]
	at net.minecraft.Util.m_214652_(Util.java:783) ~[server-1.20.1-20230612.114412-srg.jar%23701!/:?]
	at net.minecraft.Util.m_214679_(Util.java:772) ~[server-1.20.1-20230612.114412-srg.jar%23701!/:?]
	at net.minecraft.server.Main.main(Main.java:166) ~[server-1.20.1-20230612.114412-srg.jar%23701!/:?]
	at jdk.internal.reflect.NativeMethodAccessorImpl.invoke0(Native Method) ~[?:?]
	at jdk.internal.reflect.NativeMethodAccessorImpl.invoke(NativeMethodAccessorImpl.java:77) ~[?:?]
	at jdk.internal.reflect.DelegatingMethodAccessorImpl.invoke(DelegatingMethodAccessorImpl.java:43) ~[?:?]
	at java.lang.reflect.Method.invoke(Method.java:569) ~[?:?]
	at net.minecraftforge.fml.loading.targets.CommonLaunchHandler.runTarget(CommonLaunchHandler.java:111) ~[fmlloader-1.20.1-47.4.10.jar%2369!/:?]
	at net.minecraftforge.fml.loading.targets.CommonLaunchHandler.serverService(CommonLaunchHandler.java:103) ~[fmlloader-1.20.1-47.4.10.jar%2369!/:?]
	at net.minecraftforge.fml.loading.targets.CommonServerLaunchHandler.lambda$makeService$0(CommonServerLaunchHandler.java:27) ~[fmlloader-1.20.1-47.4.10.jar%2369!/:?]
	at cpw.mods.modlauncher.LaunchServiceHandlerDecorator.launch(LaunchServiceHandlerDecorator.java:30) ~[modlauncher-10.0.9.jar%2355!/:?]
	at cpw.mods.modlauncher.LaunchServiceHandler.launch(LaunchServiceHandler.java:53) ~[modlauncher-10.0.9.jar%2355!/:?]
	at cpw.mods.modlauncher.LaunchServiceHandler.launch(LaunchServiceHandler.java:71) ~[modlauncher-10.0.9.jar%2355!/:?]
	at cpw.mods.modlauncher.Launcher.run(Launcher.java:108) ~[modlauncher-10.0.9.jar%2355!/:?]
	at cpw.mods.modlauncher.Launcher.main(Launcher.java:78) ~[modlauncher-10.0.9.jar%2355!/:?]
	at cpw.mods.modlauncher.BootstrapLaunchConsumer.accept(BootstrapLaunchConsumer.java:26) ~[modlauncher-10.0.9.jar%2355!/:?]
	at cpw.mods.modlauncher.BootstrapLaunchConsumer.accept(BootstrapLaunchConsumer.java:23) ~[modlauncher-10.0.9.jar%2355!/:?]
	at cpw.mods.bootstraplauncher.BootstrapLauncher.main(BootstrapLauncher.java:141) ~[bootstraplauncher-1.1.2.jar:?]
[06Aug2026 20:27:53.937] [main/WARN] [net.minecraftforge.common.loot.LootModifierManager/]: Could not decode GlobalLootModifier with json id nethersdelight:chopping_string - error: Unknown type 'minecraft:alternative'
[06Aug2026 20:27:53.976] [main/INFO] [slimeknights.mantle.fluid.transfer.FluidContainerTransferManager/]: Loaded 28 dynamic modifiers in 5.5366 ms
[06Aug2026 20:27:53.980] [main/INFO] [ModdingLegacy/blue_skies/SkiesDataManager/]: Loaded 8 tool_handle_types
[06Aug2026 20:27:53.982] [main/INFO] [ModdingLegacy/blue_skies/SkiesDataManager/]: Loaded 37 snowcap_oven_freezing_recipes
[06Aug2026 20:27:53.985] [main/INFO] [ModdingLegacy/blue_skies/SkiesDataManager/]: Loaded 7 horizonite_forge_fuels
[06Aug2026 20:27:53.987] [main/INFO] [ModdingLegacy/blue_skies/SkiesDataManager/]: Loaded 12 snowcap_mushroom_freezing
[06Aug2026 20:27:54.048] [main/INFO] [ModdingLegacy/blue_skies/SkiesDataManager/]: Loaded 70 alchemy_recipes
[06Aug2026 20:27:54.061] [main/INFO] [ModdingLegacy/blue_skies/SkiesDataManager/]: Loaded 81 journal/entries
[06Aug2026 20:27:54.063] [main/INFO] [ModdingLegacy/blue_skies/SkiesDataManager/]: Loaded 3 journal/sections
[06Aug2026 20:27:54.065] [main/INFO] [ModdingLegacy/blue_skies/SkiesDataManager/]: Loaded 7 journal/requirements
[06Aug2026 20:27:54.173] [main/INFO] [twilightforest/]: Loaded 9 Stalactite configs!
[06Aug2026 20:27:54.207] [main/INFO] [Supplementaries/]: Loaded 27 flute songs
[06Aug2026 20:27:54.272] [main/INFO] [com.teamabnormals.blueprint.core.Blueprint/]: Chunk Generator Modification Manager has loaded 1 modifier groups
[06Aug2026 20:27:54.289] [main/INFO] [superlord.prehistoricfauna.common.recipes.PaleontologyTableRecipeJsonManager/]: Data loader for prehistoricfauna/paleontology_table loaded 3 jsons
[06Aug2026 20:27:54.318] [main/INFO] [slimeknights.tconstruct.library.materials.definition.MaterialManager/]: Loaded 85 materials in 26.3447 ms
[06Aug2026 20:27:54.344] [main/INFO] [slimeknights.tconstruct.library.materials.definition.MaterialManager/]: Loaded 17 material tags for 71 materials in 25.5638 ms
[06Aug2026 20:27:54.399] [main/INFO] [slimeknights.tconstruct.library.materials.stats.MaterialStatsManager/]: 482 stats loaded for 86 materials in 53.8203 ms
[06Aug2026 20:27:54.459] [main/INFO] [slimeknights.tconstruct.library.materials.traits.MaterialTraitsManager/]: 403 traits loaded for 86 materials in 56.9971 ms
[06Aug2026 20:27:54.477] [main/INFO] [tconstruct/]: Loaded 6 mob equipment replacements targeting 10 mobs in 15.3081 ms
[06Aug2026 20:27:55.055] [main/INFO] [slimeknights.tconstruct.library.modifiers.ModifierManager/]: Loaded 215 dynamic modifiers and 5 modifier redirects in 575.20654 ms
[06Aug2026 20:27:55.066] [main/INFO] [slimeknights.tconstruct.library.modifiers.ModifierManager/]: Loaded 48 modifier tags for 158 modifiers in 11.3712 ms
[06Aug2026 20:27:55.068] [main/INFO] [slimeknights.tconstruct.library.modifiers.ModifierManager/]: Loaded 57 enchantment to modifier mappings in 2.2015 ms
[06Aug2026 20:27:55.085] [main/INFO] [tconstruct/]: Loaded 67 spilling fluids in 14.8501 ms
[06Aug2026 20:27:55.403] [main/INFO] [Archery Expansion/]: Loaded Bow Stats for minecraft:bow
[06Aug2026 20:27:55.408] [main/INFO] [Archery Expansion/]: No Bow Stats Json file found for mowziesmobs:blowgun
[06Aug2026 20:27:55.409] [main/INFO] [Archery Expansion/]: No Bow Stats Json file found for mekanism:electric_bow
[06Aug2026 20:27:55.412] [main/INFO] [Archery Expansion/]: No Bow Stats Json file found for midnight:dark_bow
[06Aug2026 20:27:55.413] [main/INFO] [Archery Expansion/]: No Bow Stats Json file found for aquaculture:neptunium_bow
[06Aug2026 20:27:55.415] [main/INFO] [Archery Expansion/]: No Bow Stats Json file found for ars_nouveau:spell_bow
[06Aug2026 20:27:55.416] [main/INFO] [Archery Expansion/]: No Bow Stats Json file found for aether:phoenix_bow
[06Aug2026 20:27:55.417] [main/INFO] [Archery Expansion/]: No Bow Stats Json file found for deep_aether:storm_bow
[06Aug2026 20:27:55.420] [main/INFO] [Archery Expansion/]: No Bow Stats Json file found for twilightforest:triple_bow
[06Aug2026 20:27:55.421] [main/INFO] [Archery Expansion/]: No Bow Stats Json file found for twilightforest:seeker_bow
[06Aug2026 20:27:55.423] [main/INFO] [Archery Expansion/]: No Bow Stats Json file found for twilightforest:ice_bow
[06Aug2026 20:27:55.424] [main/INFO] [Archery Expansion/]: No Bow Stats Json file found for twilightforest:ender_bow
[06Aug2026 20:27:55.426] [main/INFO] [Archery Expansion/]: No Bow Stats Json file found for charred_horizons:fiery_bow
[06Aug2026 20:27:55.427] [main/INFO] [Archery Expansion/]: No Bow Stats Json file found for spartanskies:pyrope_longbow
[06Aug2026 20:27:55.428] [main/INFO] [Archery Expansion/]: No Bow Stats Json file found for spartanskies:aquite_longbow
[06Aug2026 20:27:55.429] [main/INFO] [Archery Expansion/]: No Bow Stats Json file found for spartanskies:diopside_longbow
[06Aug2026 20:27:55.429] [main/INFO] [Archery Expansion/]: No Bow Stats Json file found for spartanskies:charoite_longbow
[06Aug2026 20:27:55.431] [main/INFO] [Archery Expansion/]: No Bow Stats Json file found for spartanskies:horizonite_longbow
[06Aug2026 20:27:55.431] [main/INFO] [Archery Expansion/]: No Bow Stats Json file found for spartanweaponry:wooden_longbow
[06Aug2026 20:27:55.433] [main/INFO] [Archery Expansion/]: No Bow Stats Json file found for spartanweaponry:leather_longbow
[06Aug2026 20:27:55.435] [main/INFO] [Archery Expansion/]: No Bow Stats Json file found for spartanweaponry:copper_longbow
[06Aug2026 20:27:55.436] [main/INFO] [Archery Expansion/]: No Bow Stats Json file found for spartanweaponry:iron_longbow
[06Aug2026 20:27:55.438] [main/INFO] [Archery Expansion/]: No Bow Stats Json file found for spartanweaponry:golden_longbow
[06Aug2026 20:27:55.440] [main/INFO] [Archery Expansion/]: No Bow Stats Json file found for spartanweaponry:diamond_longbow
[06Aug2026 20:27:55.441] [main/INFO] [Archery Expansion/]: No Bow Stats Json file found for spartanweaponry:netherite_longbow
[06Aug2026 20:27:55.442] [main/INFO] [Archery Expansion/]: No Bow Stats Json file found for spartanweaponry:tin_longbow
[06Aug2026 20:27:55.443] [main/INFO] [Archery Expansion/]: No Bow Stats Json file found for spartanweaponry:bronze_longbow
[06Aug2026 20:27:55.444] [main/INFO] [Archery Expansion/]: No Bow Stats Json file found for spartanweaponry:steel_longbow
[06Aug2026 20:27:55.445] [main/INFO] [Archery Expansion/]: No Bow Stats Json file found for spartanweaponry:silver_longbow
[06Aug2026 20:27:55.445] [main/INFO] [Archery Expansion/]: No Bow Stats Json file found for spartanweaponry:electrum_longbow
[06Aug2026 20:27:55.446] [main/INFO] [Archery Expansion/]: No Bow Stats Json file found for spartanweaponry:lead_longbow
[06Aug2026 20:27:55.447] [main/INFO] [Archery Expansion/]: No Bow Stats Json file found for spartanweaponry:nickel_longbow
[06Aug2026 20:27:55.448] [main/INFO] [Archery Expansion/]: No Bow Stats Json file found for spartanweaponry:invar_longbow
[06Aug2026 20:27:55.449] [main/INFO] [Archery Expansion/]: No Bow Stats Json file found for spartanweaponry:constantan_longbow
[06Aug2026 20:27:55.452] [main/INFO] [Archery Expansion/]: No Bow Stats Json file found for spartanweaponry:platinum_longbow
[06Aug2026 20:27:55.453] [main/INFO] [Archery Expansion/]: No Bow Stats Json file found for spartanweaponry:aluminum_longbow
[06Aug2026 20:27:55.456] [main/INFO] [Archery Expansion/]: No Bow Stats Json file found for voidscape:voidic_crystal_bow
[06Aug2026 20:27:55.457] [main/INFO] [Archery Expansion/]: No Bow Stats Json file found for voidscape:corrupt_bow
[06Aug2026 20:27:55.457] [main/INFO] [Archery Expansion/]: No Bow Stats Json file found for voidscape:titanite_bow
[06Aug2026 20:27:55.459] [main/INFO] [Archery Expansion/]: No Bow Stats Json file found for voidscape:ichor_bow
[06Aug2026 20:27:55.459] [main/INFO] [Archery Expansion/]: No Bow Stats Json file found for voidscape:astral_bow
[06Aug2026 20:27:55.461] [main/INFO] [Archery Expansion/]: No Bow Stats Json file found for magistuarmory:longbow
[06Aug2026 20:27:55.463] [main/INFO] [Archery Expansion/]: No Bow Stats Json file found for shadowlands:thorny_bow
[06Aug2026 20:27:55.464] [main/INFO] [Archery Expansion/]: No Bow Stats Json file found for shadowlands:bow_of_greed
[06Aug2026 20:27:55.465] [main/INFO] [Archery Expansion/]: No Bow Stats Json file found for miningmaster:air_malachite_bow
[06Aug2026 20:27:55.469] [main/INFO] [Archery Expansion/]: No Bow Stats Json file found for mysticalagriculture:inferium_bow
[06Aug2026 20:27:55.470] [main/INFO] [Archery Expansion/]: No Bow Stats Json file found for mysticalagriculture:prudentium_bow
[06Aug2026 20:27:55.471] [main/INFO] [Archery Expansion/]: No Bow Stats Json file found for mysticalagriculture:tertium_bow
[06Aug2026 20:27:55.471] [main/INFO] [Archery Expansion/]: No Bow Stats Json file found for mysticalagriculture:imperium_bow
[06Aug2026 20:27:55.473] [main/INFO] [Archery Expansion/]: No Bow Stats Json file found for mysticalagriculture:supremium_bow
[06Aug2026 20:27:55.474] [main/INFO] [Archery Expansion/]: No Bow Stats Json file found for mysticalagriculture:awakened_supremium_bow
[06Aug2026 20:27:55.476] [main/INFO] [Archery Expansion/]: Loaded Bow Stats for archeryexp:gold_bow
[06Aug2026 20:27:55.477] [main/INFO] [Archery Expansion/]: Loaded Bow Stats for archeryexp:iron_bow
[06Aug2026 20:27:55.478] [main/INFO] [Archery Expansion/]: Loaded Bow Stats for archeryexp:diamond_bow
[06Aug2026 20:27:55.479] [main/INFO] [Archery Expansion/]: Loaded Bow Stats for archeryexp:netherite_bow
[06Aug2026 20:27:55.479] [main/INFO] [Archery Expansion/]: Loaded Bow Stats for archeryexp:wooden_bow
[06Aug2026 20:27:55.481] [main/INFO] [Archery Expansion/]: Finished Loading Bow Stats
[06Aug2026 20:27:55.487] [main/INFO] [placebo/]: Registered 0 gear_sets.
[06Aug2026 20:27:55.599] [main/INFO] [slimeknights.tconstruct.library.tools.definition.ToolDefinitionLoader/]: Loaded 44 tool definitions in 100.27969 ms
[06Aug2026 20:27:55.626] [main/INFO] [slimeknights.tconstruct.library.tools.layout.StationSlotLayoutLoader/]: Loaded 23 station slot layouts in 23.9226 ms
[06Aug2026 20:27:55.691] [main/WARN] [net.minecraft.core.MappedRegistry/]: Not all defined tags for registry ResourceKey[minecraft:root / minecraft:worldgen/biome] are present in data pack: maledictum:beyond_biomes, maledictum:is_prismacon, mod:crawling_biomes, ror:corrundum
[06Aug2026 20:27:56.010] [main/WARN] [net.minecraftforge.registries.NamespacedWrapper/]: Not all defined tags for registry ResourceKey[minecraft:root / minecraft:block] are present in data pack: theabyss:tree_branch_replaceable
[06Aug2026 20:27:57.902] [main/INFO] [Spartan Weaponry/]: Finished initialising Weapon Traits & Attributes! Took 34.6226ms
[06Aug2026 20:27:57.935] [main/INFO] [Moonlight/]: Applied 17 data villager trades
[06Aug2026 20:27:58.704] [main/INFO] [evilcraft/]: 19 Broom modifiers can be applied!
[06Aug2026 20:27:58.740] [main/ERROR] [com.telepathicgrunt.the_bumblezone.Bumblezone/]: Trade result entry is set to required but minecraft:oak_branch item does not exist.
[06Aug2026 20:27:58.834] [main/ERROR] [com.telepathicgrunt.the_bumblezone.Bumblezone/]: Trade result entry is set to required but minecraft:oak_shrub item does not exist.
[06Aug2026 20:27:58.904] [main/INFO] [Supplementaries/]: Finished additional setup in 0 ms
[06Aug2026 20:27:59.464] [main/INFO] [Cucumber Library/]: Loaded cucumber-tags.json in 12 ms
[06Aug2026 20:27:59.475] [main/INFO] [Mystical Agriculture/]: Recipe ingredient caching done in 6 ms
[06Aug2026 20:27:59.481] [main/WARN] [ModernFix/]: Initial datapack load took 1.136 min
[06Aug2026 20:28:04.529] [Server thread/INFO] [net.minecraft.server.dedicated.DedicatedServer/]: Starting minecraft server version 1.20.1
[06Aug2026 20:28:04.550] [Server thread/INFO] [net.minecraft.server.dedicated.DedicatedServer/]: Loading properties
[06Aug2026 20:28:04.554] [Server thread/INFO] [net.minecraft.server.dedicated.DedicatedServer/]: Default game type: SURVIVAL
[06Aug2026 20:28:04.586] [Server thread/INFO] [net.minecraft.server.MinecraftServer/]: Generating keypair
[06Aug2026 20:28:04.950] [Server thread/INFO] [net.minecraft.server.dedicated.DedicatedServer/]: Starting Minecraft server on *:25565
[06Aug2026 20:28:05.078] [Server thread/INFO] [net.minecraft.server.network.ServerConnectionListener/]: Using default channel type
[06Aug2026 20:28:05.964] [Server thread/WARN] [net.minecraft.server.dedicated.DedicatedServer/]: **** SERVER IS RUNNING IN OFFLINE/INSECURE MODE!
[06Aug2026 20:28:05.967] [Server thread/WARN] [net.minecraft.server.dedicated.DedicatedServer/]: The server will make no attempt to authenticate usernames. Beware.
[06Aug2026 20:28:05.971] [Server thread/WARN] [net.minecraft.server.dedicated.DedicatedServer/]: While this makes the game possible to play without internet access, it also opens up the ability for hackers to connect with any username they choose.
[06Aug2026 20:28:05.982] [Server thread/WARN] [net.minecraft.server.dedicated.DedicatedServer/]: To change this, set "online-mode" to "true" in the server.properties file.
[06Aug2026 20:28:06.091] [Server thread/INFO] [com.cupboard.Cupboard/]: Loaded config for: dynamicview.json
[06Aug2026 20:28:06.150] [Server thread/WARN] [net.minecraftforge.common.ForgeConfigSpec/CORE]: Configuration file .\world\serverconfig\corpse-server.toml is not correct. Correcting
[06Aug2026 20:28:06.160] [Server thread/WARN] [net.minecraftforge.common.ForgeConfigSpec/CORE]: Incorrect key corpse was corrected from null to its default, SimpleCommentedConfig:{}. 
[06Aug2026 20:28:06.162] [Server thread/WARN] [net.minecraftforge.common.ForgeConfigSpec/CORE]: Incorrect key corpse.access was corrected from null to its default, SimpleCommentedConfig:{}. 
[06Aug2026 20:28:06.165] [Server thread/WARN] [net.minecraftforge.common.ForgeConfigSpec/CORE]: Incorrect key corpse.access.only_owner was corrected from null to its default, false. 
[06Aug2026 20:28:06.167] [Server thread/WARN] [net.minecraftforge.common.ForgeConfigSpec/CORE]: Incorrect key corpse.access.skeleton was corrected from null to its default, false. 
[06Aug2026 20:28:06.169] [Server thread/WARN] [net.minecraftforge.common.ForgeConfigSpec/CORE]: Incorrect key corpse.despawn was corrected from null to its default, SimpleCommentedConfig:{}. 
[06Aug2026 20:28:06.173] [Server thread/WARN] [net.minecraftforge.common.ForgeConfigSpec/CORE]: Incorrect key corpse.despawn.time was corrected from null to its default, 600. 
[06Aug2026 20:28:06.175] [Server thread/WARN] [net.minecraftforge.common.ForgeConfigSpec/CORE]: Incorrect key corpse.despawn.force_time was corrected from null to its default, -1. 
[06Aug2026 20:28:06.177] [Server thread/WARN] [net.minecraftforge.common.ForgeConfigSpec/CORE]: Incorrect key corpse.skeleton_time was corrected from null to its default, 72000. 
[06Aug2026 20:28:06.179] [Server thread/WARN] [net.minecraftforge.common.ForgeConfigSpec/CORE]: Incorrect key corpse.lie_on_face was corrected from null to its default, false. 
[06Aug2026 20:28:06.181] [Server thread/WARN] [net.minecraftforge.common.ForgeConfigSpec/CORE]: Incorrect key corpse.show_equipment was corrected from null to its default, true. 
[06Aug2026 20:28:06.183] [Server thread/WARN] [net.minecraftforge.common.ForgeConfigSpec/CORE]: Incorrect key corpse.fall_into_void was corrected from null to its default, false. 
[06Aug2026 20:28:06.185] [Server thread/WARN] [net.minecraftforge.common.ForgeConfigSpec/CORE]: Incorrect key corpse.lava_damage was corrected from null to its default, false. 
[06Aug2026 20:28:06.191] [Server thread/WARN] [net.minecraftforge.common.ForgeConfigSpec/CORE]: Incorrect key death_storage_duration was corrected from null to its default, -1. 
[06Aug2026 20:28:06.202] [Server thread/WARN] [net.minecraftforge.common.ForgeConfigSpec/CORE]: Configuration file .\world\serverconfig\block_factorys_bosses-server.toml is not correct. Correcting
[06Aug2026 20:28:06.211] [Server thread/WARN] [net.minecraftforge.common.ForgeConfigSpec/CORE]: Incorrect key Boss Health was corrected from null to its default, SimpleCommentedConfig:{}. 
[06Aug2026 20:28:06.213] [Server thread/WARN] [net.minecraftforge.common.ForgeConfigSpec/CORE]: Incorrect key Boss Health.Sandworm Health was corrected from null to its default, 200.0. 
[06Aug2026 20:28:06.216] [Server thread/WARN] [net.minecraftforge.common.ForgeConfigSpec/CORE]: Incorrect key Boss Health.Yeti Health was corrected from null to its default, 250.0. 
[06Aug2026 20:28:06.219] [Server thread/WARN] [net.minecraftforge.common.ForgeConfigSpec/CORE]: Incorrect key Boss Health.Dragon Health was corrected from null to its default, 250.0. 
[06Aug2026 20:28:06.221] [Server thread/WARN] [net.minecraftforge.common.ForgeConfigSpec/CORE]: Incorrect key Boss Health.Knight Health was corrected from null to its default, 280.0. 
[06Aug2026 20:28:06.224] [Server thread/WARN] [net.minecraftforge.common.ForgeConfigSpec/CORE]: Incorrect key Boss Health.Kraken Health was corrected from null to its default, 500.0. 
[06Aug2026 20:28:06.227] [Server thread/WARN] [net.minecraftforge.common.ForgeConfigSpec/CORE]: Incorrect key Boss Armor was corrected from null to its default, SimpleCommentedConfig:{}. 
[06Aug2026 20:28:06.228] [Server thread/WARN] [net.minecraftforge.common.ForgeConfigSpec/CORE]: Incorrect key Boss Armor.Sandworm Armor was corrected from null to its default, 20.0. 
[06Aug2026 20:28:06.230] [Server thread/WARN] [net.minecraftforge.common.ForgeConfigSpec/CORE]: Incorrect key Boss Armor.Yeti Armor was corrected from null to its default, 5.0. 
[06Aug2026 20:28:06.232] [Server thread/WARN] [net.minecraftforge.common.ForgeConfigSpec/CORE]: Incorrect key Boss Armor.Dragon Armor was corrected from null to its default, 25.0. 
[06Aug2026 20:28:06.245] [Server thread/WARN] [net.minecraftforge.common.ForgeConfigSpec/CORE]: Incorrect key Boss Armor.Knight Armor was corrected from null to its default, 10.0. 
[06Aug2026 20:28:06.247] [Server thread/WARN] [net.minecraftforge.common.ForgeConfigSpec/CORE]: Incorrect key Boss Armor.Kraken Armor was corrected from null to its default, 20.0. 
[06Aug2026 20:28:06.251] [Server thread/WARN] [net.minecraftforge.common.ForgeConfigSpec/CORE]: Incorrect key Base Boss Damages was corrected from null to its default, SimpleCommentedConfig:{}. 
[06Aug2026 20:28:06.253] [Server thread/WARN] [net.minecraftforge.common.ForgeConfigSpec/CORE]: Incorrect key Base Boss Damages.Sandworm Damage was corrected from null to its default, 10.0. 
[06Aug2026 20:28:06.256] [Server thread/WARN] [net.minecraftforge.common.ForgeConfigSpec/CORE]: Incorrect key Base Boss Damages.Yeti Damage was corrected from null to its default, 18.0. 
[06Aug2026 20:28:06.258] [Server thread/WARN] [net.minecraftforge.common.ForgeConfigSpec/CORE]: Incorrect key Base Boss Damages.Dragon Damage was corrected from null to its default, 15.0. 
[06Aug2026 20:28:06.260] [Server thread/WARN] [net.minecraftforge.common.ForgeConfigSpec/CORE]: Incorrect key Base Boss Damages.Knight Damage was corrected from null to its default, 13.0. 
[06Aug2026 20:28:06.262] [Server thread/WARN] [net.minecraftforge.common.ForgeConfigSpec/CORE]: Incorrect key Base Boss Damages.Kraken Damage was corrected from null to its default, 10.0. 
[06Aug2026 20:28:06.369] [Server thread/WARN] [net.minecraftforge.common.ForgeConfigSpec/CORE]: Incorrect key Gameplay Changes was corrected from null to its default, SimpleCommentedConfig:{}. 
[06Aug2026 20:28:06.373] [Server thread/WARN] [net.minecraftforge.common.ForgeConfigSpec/CORE]: Incorrect key Gameplay Changes.Can players use the Roll ability was corrected from null to its default, true. 
[06Aug2026 20:28:06.386] [Server thread/WARN] [net.minecraftforge.common.ForgeConfigSpec/CORE]: Incorrect key Gameplay Changes.How many roll charges does the player have by default? was corrected from null to its default, 2. 
[06Aug2026 20:28:06.387] [Server thread/WARN] [net.minecraftforge.common.ForgeConfigSpec/CORE]: Incorrect key Gameplay Changes.How many ticks does it take for a roll to cooldown? (20 ticks is 1 second) was corrected from null to its default, 40. 
[06Aug2026 20:28:06.417] [Server thread/WARN] [net.minecraftforge.common.ForgeConfigSpec/CORE]: Incorrect key Gameplay Changes.How many additional ticks should each roll above 1 take to cooldown? (20 ticks is 1 second) was corrected from null to its default, 20. 
[06Aug2026 20:28:06.444] [Server thread/WARN] [net.minecraftforge.common.ForgeConfigSpec/CORE]: Configuration file .\world\serverconfig\curios-server.toml is not correct. Correcting
[06Aug2026 20:28:06.446] [Server thread/WARN] [net.minecraftforge.common.ForgeConfigSpec/CORE]: Incorrect key keepCurios was corrected from null to its default, DEFAULT. 
[06Aug2026 20:28:06.463] [Server thread/WARN] [net.minecraftforge.common.ForgeConfigSpec/CORE]: Incorrect key menu was corrected from null to its default, SimpleCommentedConfig:{}. 
[06Aug2026 20:28:06.482] [Server thread/WARN] [net.minecraftforge.common.ForgeConfigSpec/CORE]: Incorrect key menu.enableLegacyMenu was corrected from null to its default, false. 
[06Aug2026 20:28:06.497] [Server thread/WARN] [net.minecraftforge.common.ForgeConfigSpec/CORE]: Incorrect key menu.experimental was corrected from null to its default, SimpleCommentedConfig:{}. 
[06Aug2026 20:28:06.504] [Server thread/WARN] [net.minecraftforge.common.ForgeConfigSpec/CORE]: Incorrect key menu.experimental.minimumColumns was corrected from null to its default, 1. 
[06Aug2026 20:28:06.542] [Server thread/WARN] [net.minecraftforge.common.ForgeConfigSpec/CORE]: Incorrect key menu.experimental.maxSlotsPerPage was corrected from null to its default, 48. 
[06Aug2026 20:28:06.569] [Server thread/WARN] [net.minecraftforge.common.ForgeConfigSpec/CORE]: Configuration file .\world\serverconfig\face_of_horror-server.toml is not correct. Correcting
[06Aug2026 20:28:06.580] [Server thread/WARN] [net.minecraftforge.common.ForgeConfigSpec/CORE]: Incorrect key jumpscare_timing was corrected from null to its default, SimpleCommentedConfig:{}. 
[06Aug2026 20:28:06.588] [Server thread/WARN] [net.minecraftforge.common.ForgeConfigSpec/CORE]: Incorrect key jumpscare_timing.defaultIntervalMinutes was corrected from null to its default, 5. 
[06Aug2026 20:28:06.609] [Server thread/WARN] [net.minecraftforge.common.ForgeConfigSpec/CORE]: Incorrect key jumpscare_timing.fullMoonIntervalMinutes was corrected from null to its default, 2. 
[06Aug2026 20:28:06.616] [Server thread/WARN] [net.minecraftforge.common.ForgeConfigSpec/CORE]: Incorrect key jumpscare_timing.variationSeconds was corrected from null to its default, 15. 
[06Aug2026 20:28:06.628] [Server thread/WARN] [net.minecraftforge.common.ForgeConfigSpec/CORE]: Incorrect key jumpscare_timing.effectTimeTicks was corrected from null to its default, 40. 
[06Aug2026 20:28:06.631] [Server thread/WARN] [net.minecraftforge.common.ForgeConfigSpec/CORE]: Incorrect key jumpscare_timing.increaseIntervalWithDays was corrected from null to its default, true. 
[06Aug2026 20:28:06.649] [Server thread/WARN] [net.minecraftforge.common.ForgeConfigSpec/CORE]: Incorrect key jumpscare_timing.applyParalysis was corrected from null to its default, true. 
[06Aug2026 20:28:06.661] [Server thread/WARN] [net.minecraftforge.common.ForgeConfigSpec/CORE]: Incorrect key jumpscare_timing.enableDisappearAnimations was corrected from null to its default, true. 
[06Aug2026 20:28:06.668] [Server thread/WARN] [net.minecraftforge.common.ForgeConfigSpec/CORE]: Incorrect key jumpscare_timing.HarvestMoonEvent was corrected from null to its default, false. 
[06Aug2026 20:28:06.673] [Server thread/WARN] [net.minecraftforge.common.ForgeConfigSpec/CORE]: Incorrect key jumpscare_timing.ambientSoundIntervalMinutes was corrected from null to its default, 5. 
[06Aug2026 20:28:06.677] [Server thread/WARN] [net.minecraftforge.common.ForgeConfigSpec/CORE]: Incorrect key jumpscare_timing.playSounds was corrected from null to its default, true. 
[06Aug2026 20:28:06.692] [Server thread/WARN] [net.minecraftforge.common.ForgeConfigSpec/CORE]: Configuration file .\world\serverconfig\jei-server.toml is not correct. Correcting
[06Aug2026 20:28:06.698] [Server thread/WARN] [net.minecraftforge.common.ForgeConfigSpec/CORE]: Incorrect key cheat mode was corrected from null to its default, SimpleCommentedConfig:{}. 
[06Aug2026 20:28:06.703] [Server thread/WARN] [net.minecraftforge.common.ForgeConfigSpec/CORE]: Incorrect key cheat mode.enableCheatModeForOp was corrected from null to its default, true. 
[06Aug2026 20:28:06.710] [Server thread/WARN] [net.minecraftforge.common.ForgeConfigSpec/CORE]: Incorrect key cheat mode.enableCheatModeForCreative was corrected from null to its default, true. 
[06Aug2026 20:28:06.726] [Server thread/WARN] [net.minecraftforge.common.ForgeConfigSpec/CORE]: Incorrect key cheat mode.enableCheatModeForGive was corrected from null to its default, false. 
[06Aug2026 20:28:06.785] [Server thread/WARN] [net.minecraftforge.common.ForgeConfigSpec/CORE]: Configuration file .\world\serverconfig\good_nights_sleep-server.toml is not correct. Correcting
[06Aug2026 20:28:06.790] [Server thread/WARN] [net.minecraftforge.common.ForgeConfigSpec/CORE]: Incorrect key Live World was corrected from null to its default, SimpleCommentedConfig:{}. 
[06Aug2026 20:28:06.806] [Server thread/WARN] [net.minecraftforge.common.ForgeConfigSpec/CORE]: Incorrect key Live World.allow_nightmare_phantoms was corrected from null to its default, true. 
[06Aug2026 20:28:06.820] [Server thread/WARN] [net.minecraftforge.common.ForgeConfigSpec/CORE]: Incorrect key Live World.correct_zombie_horse_height was corrected from null to its default, false. 
[06Aug2026 20:28:06.852] [Server thread/WARN] [net.minecraftforge.common.ForgeConfigSpec/CORE]: Configuration file .\world\serverconfig\forge-server.toml is not correct. Correcting
[06Aug2026 20:28:06.857] [Server thread/WARN] [net.minecraftforge.common.ForgeConfigSpec/CORE]: Incorrect key server was corrected from null to its default, SimpleCommentedConfig:{}. 
[06Aug2026 20:28:06.871] [Server thread/WARN] [net.minecraftforge.common.ForgeConfigSpec/CORE]: Incorrect key server.removeErroringBlockEntities was corrected from null to its default, false. 
[06Aug2026 20:28:06.883] [Server thread/WARN] [net.minecraftforge.common.ForgeConfigSpec/CORE]: Incorrect key server.removeErroringEntities was corrected from null to its default, false. 
[06Aug2026 20:28:06.897] [Server thread/WARN] [net.minecraftforge.common.ForgeConfigSpec/CORE]: Incorrect key server.fullBoundingBoxLadders was corrected from null to its default, false. 
[06Aug2026 20:28:06.918] [Server thread/WARN] [net.minecraftforge.common.ForgeConfigSpec/CORE]: Incorrect key server.zombieBaseSummonChance was corrected from null to its default, 0.1. 
[06Aug2026 20:28:06.932] [Server thread/WARN] [net.minecraftforge.common.ForgeConfigSpec/CORE]: Incorrect key server.zombieBabyChance was corrected from null to its default, 0.05. 
[06Aug2026 20:28:06.953] [Server thread/WARN] [net.minecraftforge.common.ForgeConfigSpec/CORE]: Incorrect key server.permissionHandler was corrected from null to its default, forge:default_handler. 
[06Aug2026 20:28:06.962] [Server thread/WARN] [net.minecraftforge.common.ForgeConfigSpec/CORE]: Incorrect key server.advertiseDedicatedServerToLan was corrected from null to its default, true. 
[06Aug2026 20:28:06.979] [Server thread/WARN] [net.minecraftforge.common.ForgeConfigSpec/CORE]: Incorrect key server.useItemWithDurationZero was corrected from null to its default, false. 
[06Aug2026 20:28:07.016] [Server thread/WARN] [net.minecraftforge.common.ForgeConfigSpec/CORE]: Configuration file .\world\serverconfig\mantle-server.toml is not correct. Correcting
[06Aug2026 20:28:07.023] [Server thread/WARN] [net.minecraftforge.common.ForgeConfigSpec/CORE]: Incorrect key tagPreferences was corrected from null to its default, [minecraft, tconstruct, tmechworks, metalborn, embers, create, immersiveengineering, mekanism, thermal]. 
[06Aug2026 20:28:07.045] [Server thread/WARN] [net.minecraftforge.common.ForgeConfigSpec/CORE]: Configuration file .\world\serverconfig\midnight-server.toml is not correct. Correcting
[06Aug2026 20:28:07.063] [Server thread/WARN] [net.minecraftforge.common.ForgeConfigSpec/CORE]: Incorrect key averageOverworldRiftSpawnTicks was corrected from null to its default, 500. 
[06Aug2026 20:28:07.084] [Server thread/WARN] [net.minecraftforge.common.ForgeConfigSpec/CORE]: Incorrect key averageMidnightLightningSpawnTicks was corrected from null to its default, 500. 
[06Aug2026 20:28:07.092] [Server thread/WARN] [net.minecraftforge.common.ForgeConfigSpec/CORE]: Incorrect key chanceMidnightLightningCreatesRift was corrected from null to its default, 0.3. 
[06Aug2026 20:28:07.131] [Server thread/WARN] [net.minecraftforge.common.ForgeConfigSpec/CORE]: Configuration file .\world\serverconfig\evilhunter-server.toml is not correct. Correcting
[06Aug2026 20:28:07.137] [Server thread/WARN] [net.minecraftforge.common.ForgeConfigSpec/CORE]: Incorrect key evilhunter_settings was corrected from null to its default, SimpleCommentedConfig:{}. 
[06Aug2026 20:28:07.142] [Server thread/WARN] [net.minecraftforge.common.ForgeConfigSpec/CORE]: Incorrect key evilhunter_settings.enablePhases was corrected from null to its default, true. 
[06Aug2026 20:28:07.143] [Server thread/WARN] [net.minecraftforge.common.ForgeConfigSpec/CORE]: Incorrect key evilhunter_settings.enableVanillaShaders was corrected from null to its default, true. 
[06Aug2026 20:28:07.143] [Server thread/WARN] [net.minecraftforge.common.ForgeConfigSpec/CORE]: Incorrect key evilhunter_settings.eventFrequencyMultiplier was corrected from null to its default, 1.0. 
[06Aug2026 20:28:07.143] [Server thread/WARN] [net.minecraftforge.common.ForgeConfigSpec/CORE]: Incorrect key evilhunter_settings.hunterSpawnIntervalTicks was corrected from null to its default, 24000. 
[06Aug2026 20:28:07.144] [Server thread/WARN] [net.minecraftforge.common.ForgeConfigSpec/CORE]: Incorrect key evilhunter_settings.phase2Duration was corrected from null to its default, 20000. 
[06Aug2026 20:28:07.144] [Server thread/WARN] [net.minecraftforge.common.ForgeConfigSpec/CORE]: Incorrect key evilhunter_settings.phase3Duration was corrected from null to its default, 20000. 
[06Aug2026 20:28:07.144] [Server thread/WARN] [net.minecraftforge.common.ForgeConfigSpec/CORE]: Incorrect key evilhunter_settings.phase4Duration was corrected from null to its default, 6000. 
[06Aug2026 20:28:07.144] [Server thread/WARN] [net.minecraftforge.common.ForgeConfigSpec/CORE]: Incorrect key evilhunter_settings.phase4ChaosDuration was corrected from null to its default, 1200. 
[06Aug2026 20:28:07.145] [Server thread/WARN] [net.minecraftforge.common.ForgeConfigSpec/CORE]: Incorrect key evilhunter_settings.phase2LaughChance was corrected from null to its default, 1200. 
[06Aug2026 20:28:07.145] [Server thread/WARN] [net.minecraftforge.common.ForgeConfigSpec/CORE]: Incorrect key evilhunter_settings.phase2GlitchChance was corrected from null to its default, 5400. 
[06Aug2026 20:28:07.145] [Server thread/WARN] [net.minecraftforge.common.ForgeConfigSpec/CORE]: Incorrect key evilhunter_settings.bossfightDefendDuration was corrected from null to its default, 900. 
[06Aug2026 20:28:07.146] [Server thread/WARN] [net.minecraftforge.common.ForgeConfigSpec/CORE]: Incorrect key evilhunter_settings.bossfightDodgeDuration was corrected from null to its default, 400. 
[06Aug2026 20:28:07.146] [Server thread/WARN] [net.minecraftforge.common.ForgeConfigSpec/CORE]: Incorrect key evilhunter_settings.bossfightShieldDuration was corrected from null to its default, 900. 
[06Aug2026 20:28:07.160] [Server thread/WARN] [net.minecraftforge.common.ForgeConfigSpec/CORE]: Configuration file .\world\serverconfig\themimic_er-server.toml is not correct. Correcting
[06Aug2026 20:28:07.197] [Server thread/WARN] [net.minecraftforge.common.ForgeConfigSpec/CORE]: Incorrect key Timers was corrected from null to its default, SimpleCommentedConfig:{}. 
[06Aug2026 20:28:07.204] [Server thread/WARN] [net.minecraftforge.common.ForgeConfigSpec/CORE]: Incorrect key Timers.Spawn was corrected from null to its default, SimpleCommentedConfig:{}. 
[06Aug2026 20:28:07.226] [Server thread/WARN] [net.minecraftforge.common.ForgeConfigSpec/CORE]: Incorrect key Timers.Spawn.can_spawn_min was corrected from null to its default, 300. 
[06Aug2026 20:28:07.232] [Server thread/WARN] [net.minecraftforge.common.ForgeConfigSpec/CORE]: Incorrect key Timers.Spawn.can_spawn_max was corrected from null to its default, 600. 
[06Aug2026 20:28:07.236] [Server thread/WARN] [net.minecraftforge.common.ForgeConfigSpec/CORE]: Incorrect key Timers.Spawn.can_spawn_cooldown_chance was corrected from null to its default, 0.4. 
[06Aug2026 20:28:07.249] [Server thread/WARN] [net.minecraftforge.common.ForgeConfigSpec/CORE]: Incorrect key Timers.Spawn.can_spawn_cooldown was corrected from null to its default, 1200. 
[06Aug2026 20:28:07.249] [Server thread/WARN] [net.minecraftforge.common.ForgeConfigSpec/CORE]: Incorrect key Timers.Noise was corrected from null to its default, SimpleCommentedConfig:{}. 
[06Aug2026 20:28:07.250] [Server thread/WARN] [net.minecraftforge.common.ForgeConfigSpec/CORE]: Incorrect key Timers.Noise.reset_noise_min was corrected from null to its default, 240. 
[06Aug2026 20:28:07.250] [Server thread/WARN] [net.minecraftforge.common.ForgeConfigSpec/CORE]: Incorrect key Timers.Noise.reset_noise_max was corrected from null to its default, 360. 
[06Aug2026 20:28:07.250] [Server thread/WARN] [net.minecraftforge.common.ForgeConfigSpec/CORE]: Incorrect key Timers.Leave was corrected from null to its default, SimpleCommentedConfig:{}. 
[06Aug2026 20:28:07.251] [Server thread/WARN] [net.minecraftforge.common.ForgeConfigSpec/CORE]: Incorrect key Timers.Leave.time_until_leave was corrected from null to its default, 300. 
[06Aug2026 20:28:07.251] [Server thread/WARN] [net.minecraftforge.common.ForgeConfigSpec/CORE]: Incorrect key Timers.Leave.time_until_leave_chase was corrected from null to its default, 30. 
[06Aug2026 20:28:07.254] [Server thread/WARN] [net.minecraftforge.common.ForgeConfigSpec/CORE]: Incorrect key Timers.surface_timer_multiplier was corrected from null to its default, 1.0. 
[06Aug2026 20:28:07.264] [Server thread/WARN] [net.minecraftforge.common.ForgeConfigSpec/CORE]: Incorrect key Spawn Conditions was corrected from null to its default, SimpleCommentedConfig:{}. 
[06Aug2026 20:28:07.265] [Server thread/WARN] [net.minecraftforge.common.ForgeConfigSpec/CORE]: Incorrect key Spawn Conditions.spawn_chance_per_tick was corrected from null to its default, 0.05. 
[06Aug2026 20:28:07.280] [Server thread/WARN] [net.minecraftforge.common.ForgeConfigSpec/CORE]: Incorrect key Spawn Conditions.spawn_height was corrected from null to its default, 500. 
[06Aug2026 20:28:07.294] [Server thread/WARN] [net.minecraftforge.common.ForgeConfigSpec/CORE]: Incorrect key Spawn Conditions.allow_surface_spawn was corrected from null to its default, true. 
[06Aug2026 20:28:07.315] [Server thread/WARN] [net.minecraftforge.common.ForgeConfigSpec/CORE]: Incorrect key Spawn Conditions.sky_light_level was corrected from null to its default, 15. 
[06Aug2026 20:28:07.340] [Server thread/WARN] [net.minecraftforge.common.ForgeConfigSpec/CORE]: Incorrect key Spawn Conditions.block_light_level was corrected from null to its default, 10. 
[06Aug2026 20:28:07.351] [Server thread/WARN] [net.minecraftforge.common.ForgeConfigSpec/CORE]: Incorrect key Spawn Conditions.maximum_amount was corrected from null to its default, 3. 
[06Aug2026 20:28:07.354] [Server thread/WARN] [net.minecraftforge.common.ForgeConfigSpec/CORE]: Incorrect key Spawn Conditions.spawn_distance was corrected from null to its default, 32. 
[06Aug2026 20:28:07.358] [Server thread/WARN] [net.minecraftforge.common.ForgeConfigSpec/CORE]: Incorrect key Spawn Conditions.check_path_to_spawn was corrected from null to its default, true. 
[06Aug2026 20:28:07.360] [Server thread/WARN] [net.minecraftforge.common.ForgeConfigSpec/CORE]: Incorrect key Spawn Conditions.Dimensions was corrected from null to its default, SimpleCommentedConfig:{}. 
[06Aug2026 20:28:07.362] [Server thread/WARN] [net.minecraftforge.common.ForgeConfigSpec/CORE]: Incorrect key Spawn Conditions.Dimensions.dimension_whitelist was corrected from null to its default, [minecraft:overworld]. 
[06Aug2026 20:28:07.364] [Server thread/WARN] [net.minecraftforge.common.ForgeConfigSpec/CORE]: Incorrect key Spawn Conditions.Biomes was corrected from null to its default, SimpleCommentedConfig:{}. 
[06Aug2026 20:28:07.366] [Server thread/WARN] [net.minecraftforge.common.ForgeConfigSpec/CORE]: Incorrect key Spawn Conditions.Biomes.override_biome_datapack_config was corrected from null to its default, true. 
[06Aug2026 20:28:07.367] [Server thread/WARN] [net.minecraftforge.common.ForgeConfigSpec/CORE]: Incorrect key Spawn Conditions.Biomes.surface_biomes_is_whitelist was corrected from null to its default, false. 
[06Aug2026 20:28:07.369] [Server thread/WARN] [net.minecraftforge.common.ForgeConfigSpec/CORE]: Incorrect key Spawn Conditions.Biomes.surface_biomes was corrected from null to its default, []. 
[06Aug2026 20:28:07.373] [Server thread/WARN] [net.minecraftforge.common.ForgeConfigSpec/CORE]: Incorrect key Behaviour was corrected from null to its default, SimpleCommentedConfig:{}. 
[06Aug2026 20:28:07.375] [Server thread/WARN] [net.minecraftforge.common.ForgeConfigSpec/CORE]: Incorrect key Behaviour.spotting_range was corrected from null to its default, 64. 
[06Aug2026 20:28:07.377] [Server thread/WARN] [net.minecraftforge.common.ForgeConfigSpec/CORE]: Incorrect key Behaviour.can_disable_shields was corrected from null to its default, false. 
[06Aug2026 20:28:07.379] [Server thread/WARN] [net.minecraftforge.common.ForgeConfigSpec/CORE]: Incorrect key Behaviour.can_climb was corrected from null to its default, true. 
[06Aug2026 20:28:07.381] [Server thread/WARN] [net.minecraftforge.common.ForgeConfigSpec/CORE]: Incorrect key Behaviour.can_break_door was corrected from null to its default, true. 
[06Aug2026 20:28:07.387] [Server thread/WARN] [net.minecraftforge.common.ForgeConfigSpec/CORE]: Incorrect key Behaviour.break_door_time was corrected from null to its default, 4. 
[06Aug2026 20:28:07.399] [Server thread/WARN] [net.minecraftforge.common.ForgeConfigSpec/CORE]: Incorrect key Behaviour.allow_riding was corrected from null to its default, false. 
[06Aug2026 20:28:07.420] [Server thread/WARN] [net.minecraftforge.common.ForgeConfigSpec/CORE]: Incorrect key Behaviour.target_invisible was corrected from null to its default, true. 
[06Aug2026 20:28:07.427] [Server thread/WARN] [net.minecraftforge.common.ForgeConfigSpec/CORE]: Incorrect key Attributes was corrected from null to its default, SimpleCommentedConfig:{}. 
[06Aug2026 20:28:07.431] [Server thread/WARN] [net.minecraftforge.common.ForgeConfigSpec/CORE]: Incorrect key Attributes.maximum_health was corrected from null to its default, 60.0. 
[06Aug2026 20:28:07.439] [Server thread/WARN] [net.minecraftforge.common.ForgeConfigSpec/CORE]: Incorrect key Attributes.attack_damage was corrected from null to its default, 6.0. 
[06Aug2026 20:28:07.447] [Server thread/WARN] [net.minecraftforge.common.ForgeConfigSpec/CORE]: Incorrect key Attributes.attack_speed was corrected from null to its default, 0.35. 
[06Aug2026 20:28:07.465] [Server thread/WARN] [net.minecraftforge.common.ForgeConfigSpec/CORE]: Incorrect key Attributes.movement_speed was corrected from null to its default, 0.5. 
[06Aug2026 20:28:07.469] [Server thread/WARN] [net.minecraftforge.common.ForgeConfigSpec/CORE]: Incorrect key Attributes.depth_strider_bonus was corrected from null to its default, 1.5. 
[06Aug2026 20:28:07.477] [Server thread/WARN] [net.minecraftforge.common.ForgeConfigSpec/CORE]: Incorrect key Misc was corrected from null to its default, SimpleCommentedConfig:{}. 
[06Aug2026 20:28:07.479] [Server thread/WARN] [net.minecraftforge.common.ForgeConfigSpec/CORE]: Incorrect key Misc.only_play_noise_to_target was corrected from null to its default, false. 
[06Aug2026 20:28:07.499] [Server thread/WARN] [net.minecraftforge.common.ForgeConfigSpec/CORE]: Configuration file .\world\serverconfig\cave_dweller-server.toml is not correct. Correcting
[06Aug2026 20:28:07.501] [Server thread/WARN] [net.minecraftforge.common.ForgeConfigSpec/CORE]: Incorrect key Timers was corrected from null to its default, SimpleCommentedConfig:{}. 
[06Aug2026 20:28:07.509] [Server thread/WARN] [net.minecraftforge.common.ForgeConfigSpec/CORE]: Incorrect key Timers.Spawn was corrected from null to its default, SimpleCommentedConfig:{}. 
[06Aug2026 20:28:07.513] [Server thread/WARN] [net.minecraftforge.common.ForgeConfigSpec/CORE]: Incorrect key Timers.Spawn.can_spawn_min was corrected from null to its default, 300. 
[06Aug2026 20:28:07.515] [Server thread/WARN] [net.minecraftforge.common.ForgeConfigSpec/CORE]: Incorrect key Timers.Spawn.can_spawn_max was corrected from null to its default, 600. 
[06Aug2026 20:28:07.518] [Server thread/WARN] [net.minecraftforge.common.ForgeConfigSpec/CORE]: Incorrect key Timers.Spawn.can_spawn_cooldown_chance was corrected from null to its default, 0.4. 
[06Aug2026 20:28:07.519] [Server thread/WARN] [net.minecraftforge.common.ForgeConfigSpec/CORE]: Incorrect key Timers.Spawn.can_spawn_cooldown was corrected from null to its default, 1200. 
[06Aug2026 20:28:07.519] [Server thread/WARN] [net.minecraftforge.common.ForgeConfigSpec/CORE]: Incorrect key Timers.Noise was corrected from null to its default, SimpleCommentedConfig:{}. 
[06Aug2026 20:28:07.548] [Server thread/WARN] [net.minecraftforge.common.ForgeConfigSpec/CORE]: Incorrect key Timers.Noise.reset_noise_min was corrected from null to its default, 240. 
[06Aug2026 20:28:07.552] [Server thread/WARN] [net.minecraftforge.common.ForgeConfigSpec/CORE]: Incorrect key Timers.Noise.reset_noise_max was corrected from null to its default, 360. 
[06Aug2026 20:28:07.552] [Server thread/WARN] [net.minecraftforge.common.ForgeConfigSpec/CORE]: Incorrect key Timers.Leave was corrected from null to its default, SimpleCommentedConfig:{}. 
[06Aug2026 20:28:07.553] [Server thread/WARN] [net.minecraftforge.common.ForgeConfigSpec/CORE]: Incorrect key Timers.Leave.time_until_leave was corrected from null to its default, 300. 
[06Aug2026 20:28:07.553] [Server thread/WARN] [net.minecraftforge.common.ForgeConfigSpec/CORE]: Incorrect key Timers.Leave.time_until_leave_chase was corrected from null to its default, 30. 
[06Aug2026 20:28:07.553] [Server thread/WARN] [net.minecraftforge.common.ForgeConfigSpec/CORE]: Incorrect key Timers.surface_timer_multiplier was corrected from null to its default, 1.0. 
[06Aug2026 20:28:07.566] [Server thread/WARN] [net.minecraftforge.common.ForgeConfigSpec/CORE]: Incorrect key Spawn Conditions was corrected from null to its default, SimpleCommentedConfig:{}. 
[06Aug2026 20:28:07.588] [Server thread/WARN] [net.minecraftforge.common.ForgeConfigSpec/CORE]: Incorrect key Spawn Conditions.spawn_chance_per_tick was corrected from null to its default, 0.005. 
[06Aug2026 20:28:07.595] [Server thread/WARN] [net.minecraftforge.common.ForgeConfigSpec/CORE]: Incorrect key Spawn Conditions.spawn_height was corrected from null to its default, 40. 
[06Aug2026 20:28:07.597] [Server thread/WARN] [net.minecraftforge.common.ForgeConfigSpec/CORE]: Incorrect key Spawn Conditions.allow_surface_spawn was corrected from null to its default, false. 
[06Aug2026 20:28:07.602] [Server thread/WARN] [net.minecraftforge.common.ForgeConfigSpec/CORE]: Incorrect key Spawn Conditions.sky_light_level was corrected from null to its default, 8. 
[06Aug2026 20:28:07.619] [Server thread/WARN] [net.minecraftforge.common.ForgeConfigSpec/CORE]: Incorrect key Spawn Conditions.block_light_level was corrected from null to its default, 15. 
[06Aug2026 20:28:07.631] [Server thread/WARN] [net.minecraftforge.common.ForgeConfigSpec/CORE]: Incorrect key Spawn Conditions.maximum_amount was corrected from null to its default, 3. 
[06Aug2026 20:28:07.645] [Server thread/WARN] [net.minecraftforge.common.ForgeConfigSpec/CORE]: Incorrect key Spawn Conditions.spawn_distance was corrected from null to its default, 16. 
[06Aug2026 20:28:07.660] [Server thread/WARN] [net.minecraftforge.common.ForgeConfigSpec/CORE]: Incorrect key Spawn Conditions.check_path_to_spawn was corrected from null to its default, true. 
[06Aug2026 20:28:07.669] [Server thread/WARN] [net.minecraftforge.common.ForgeConfigSpec/CORE]: Incorrect key Spawn Conditions.Dimensions was corrected from null to its default, SimpleCommentedConfig:{}. 
[06Aug2026 20:28:07.679] [Server thread/WARN] [net.minecraftforge.common.ForgeConfigSpec/CORE]: Incorrect key Spawn Conditions.Dimensions.dimension_whitelist was corrected from null to its default, [minecraft:overworld]. 
[06Aug2026 20:28:07.683] [Server thread/WARN] [net.minecraftforge.common.ForgeConfigSpec/CORE]: Incorrect key Spawn Conditions.Biomes was corrected from null to its default, SimpleCommentedConfig:{}. 
[06Aug2026 20:28:07.684] [Server thread/WARN] [net.minecraftforge.common.ForgeConfigSpec/CORE]: Incorrect key Spawn Conditions.Biomes.override_biome_datapack_config was corrected from null to its default, false. 
[06Aug2026 20:28:07.684] [Server thread/WARN] [net.minecraftforge.common.ForgeConfigSpec/CORE]: Incorrect key Spawn Conditions.Biomes.surface_biomes_is_whitelist was corrected from null to its default, true. 
[06Aug2026 20:28:07.692] [Server thread/WARN] [net.minecraftforge.common.ForgeConfigSpec/CORE]: Incorrect key Spawn Conditions.Biomes.surface_biomes was corrected from null to its default, []. 
[06Aug2026 20:28:07.708] [Server thread/WARN] [net.minecraftforge.common.ForgeConfigSpec/CORE]: Incorrect key Behaviour was corrected from null to its default, SimpleCommentedConfig:{}. 
[06Aug2026 20:28:07.711] [Server thread/WARN] [net.minecraftforge.common.ForgeConfigSpec/CORE]: Incorrect key Behaviour.spotting_range was corrected from null to its default, 60. 
[06Aug2026 20:28:07.712] [Server thread/WARN] [net.minecraftforge.common.ForgeConfigSpec/CORE]: Incorrect key Behaviour.can_climb was corrected from null to its default, true. 
[06Aug2026 20:28:07.713] [Server thread/WARN] [net.minecraftforge.common.ForgeConfigSpec/CORE]: Incorrect key Behaviour.can_break_door was corrected from null to its default, true. 
[06Aug2026 20:28:07.719] [Server thread/WARN] [net.minecraftforge.common.ForgeConfigSpec/CORE]: Incorrect key Behaviour.break_door_time was corrected from null to its default, 3. 
[06Aug2026 20:28:07.725] [Server thread/WARN] [net.minecraftforge.common.ForgeConfigSpec/CORE]: Incorrect key Behaviour.allow_riding was corrected from null to its default, false. 
[06Aug2026 20:28:07.727] [Server thread/WARN] [net.minecraftforge.common.ForgeConfigSpec/CORE]: Incorrect key Behaviour.target_invisible was corrected from null to its default, true. 
[06Aug2026 20:28:07.731] [Server thread/WARN] [net.minecraftforge.common.ForgeConfigSpec/CORE]: Incorrect key Attributes was corrected from null to its default, SimpleCommentedConfig:{}. 
[06Aug2026 20:28:07.751] [Server thread/WARN] [net.minecraftforge.common.ForgeConfigSpec/CORE]: Incorrect key Attributes.maximum_health was corrected from null to its default, 60.0. 
[06Aug2026 20:28:07.758] [Server thread/WARN] [net.minecraftforge.common.ForgeConfigSpec/CORE]: Incorrect key Attributes.attack_damage was corrected from null to its default, 6.0. 
[06Aug2026 20:28:07.762] [Server thread/WARN] [net.minecraftforge.common.ForgeConfigSpec/CORE]: Incorrect key Attributes.attack_speed was corrected from null to its default, 0.35. 
[06Aug2026 20:28:07.764] [Server thread/WARN] [net.minecraftforge.common.ForgeConfigSpec/CORE]: Incorrect key Attributes.movement_speed was corrected from null to its default, 0.5. 
[06Aug2026 20:28:07.766] [Server thread/WARN] [net.minecraftforge.common.ForgeConfigSpec/CORE]: Incorrect key Attributes.depth_strider_bonus was corrected from null to its default, 1.5. 
[06Aug2026 20:28:07.775] [Server thread/WARN] [net.minecraftforge.common.ForgeConfigSpec/CORE]: Incorrect key Misc was corrected from null to its default, SimpleCommentedConfig:{}. 
[06Aug2026 20:28:07.776] [Server thread/WARN] [net.minecraftforge.common.ForgeConfigSpec/CORE]: Incorrect key Misc.only_play_noise_to_target was corrected from null to its default, false. 
[06Aug2026 20:28:07.785] [Server thread/WARN] [net.minecraftforge.common.ForgeConfigSpec/CORE]: Configuration file .\world\serverconfig\cave_crawler-server.toml is not correct. Correcting
[06Aug2026 20:28:07.794] [Server thread/WARN] [net.minecraftforge.common.ForgeConfigSpec/CORE]: Incorrect key Timers was corrected from null to its default, SimpleCommentedConfig:{}. 
[06Aug2026 20:28:07.796] [Server thread/WARN] [net.minecraftforge.common.ForgeConfigSpec/CORE]: Incorrect key Timers.Spawn was corrected from null to its default, SimpleCommentedConfig:{}. 
[06Aug2026 20:28:07.807] [Server thread/WARN] [net.minecraftforge.common.ForgeConfigSpec/CORE]: Incorrect key Timers.Spawn.can_spawn_min was corrected from null to its default, 100. 
[06Aug2026 20:28:07.811] [Server thread/WARN] [net.minecraftforge.common.ForgeConfigSpec/CORE]: Incorrect key Timers.Spawn.can_spawn_max was corrected from null to its default, 200. 
[06Aug2026 20:28:07.830] [Server thread/WARN] [net.minecraftforge.common.ForgeConfigSpec/CORE]: Incorrect key Timers.Spawn.can_spawn_cooldown_chance was corrected from null to its default, 0.4. 
[06Aug2026 20:28:07.833] [Server thread/WARN] [net.minecraftforge.common.ForgeConfigSpec/CORE]: Incorrect key Timers.Spawn.can_spawn_cooldown was corrected from null to its default, 200. 
[06Aug2026 20:28:07.842] [Server thread/WARN] [net.minecraftforge.common.ForgeConfigSpec/CORE]: Incorrect key Timers.Noise was corrected from null to its default, SimpleCommentedConfig:{}. 
[06Aug2026 20:28:07.844] [Server thread/WARN] [net.minecraftforge.common.ForgeConfigSpec/CORE]: Incorrect key Timers.Noise.reset_noise_min was corrected from null to its default, 80. 
[06Aug2026 20:28:07.846] [Server thread/WARN] [net.minecraftforge.common.ForgeConfigSpec/CORE]: Incorrect key Timers.Noise.reset_noise_max was corrected from null to its default, 120. 
[06Aug2026 20:28:07.849] [Server thread/WARN] [net.minecraftforge.common.ForgeConfigSpec/CORE]: Incorrect key Timers.Leave was corrected from null to its default, SimpleCommentedConfig:{}. 
[06Aug2026 20:28:07.851] [Server thread/WARN] [net.minecraftforge.common.ForgeConfigSpec/CORE]: Incorrect key Timers.Leave.time_until_leave was corrected from null to its default, 500. 
[06Aug2026 20:28:07.851] [Server thread/WARN] [net.minecraftforge.common.ForgeConfigSpec/CORE]: Incorrect key Timers.Leave.time_until_leave_chase was corrected from null to its default, 24. 
[06Aug2026 20:28:07.853] [Server thread/WARN] [net.minecraftforge.common.ForgeConfigSpec/CORE]: Incorrect key Timers.surface_timer_multiplier was corrected from null to its default, 1.0. 
[06Aug2026 20:28:07.862] [Server thread/WARN] [net.minecraftforge.common.ForgeConfigSpec/CORE]: Incorrect key Spawn Conditions was corrected from null to its default, SimpleCommentedConfig:{}. 
[06Aug2026 20:28:07.862] [Server thread/WARN] [net.minecraftforge.common.ForgeConfigSpec/CORE]: Incorrect key Spawn Conditions.spawn_chance_per_tick was corrected from null to its default, 0.005. 
[06Aug2026 20:28:07.863] [Server thread/WARN] [net.minecraftforge.common.ForgeConfigSpec/CORE]: Incorrect key Spawn Conditions.spawn_height was corrected from null to its default, 500. 
[06Aug2026 20:28:07.863] [Server thread/WARN] [net.minecraftforge.common.ForgeConfigSpec/CORE]: Incorrect key Spawn Conditions.allow_surface_spawn was corrected from null to its default, false. 
[06Aug2026 20:28:07.863] [Server thread/WARN] [net.minecraftforge.common.ForgeConfigSpec/CORE]: Incorrect key Spawn Conditions.sky_light_level was corrected from null to its default, 8. 
[06Aug2026 20:28:07.863] [Server thread/WARN] [net.minecraftforge.common.ForgeConfigSpec/CORE]: Incorrect key Spawn Conditions.block_light_level was corrected from null to its default, 15. 
[06Aug2026 20:28:07.864] [Server thread/WARN] [net.minecraftforge.common.ForgeConfigSpec/CORE]: Incorrect key Spawn Conditions.maximum_amount was corrected from null to its default, 1. 
[06Aug2026 20:28:07.864] [Server thread/WARN] [net.minecraftforge.common.ForgeConfigSpec/CORE]: Incorrect key Spawn Conditions.spawn_distance was corrected from null to its default, 16. 
[06Aug2026 20:28:07.864] [Server thread/WARN] [net.minecraftforge.common.ForgeConfigSpec/CORE]: Incorrect key Spawn Conditions.check_path_to_spawn was corrected from null to its default, true. 
[06Aug2026 20:28:07.864] [Server thread/WARN] [net.minecraftforge.common.ForgeConfigSpec/CORE]: Incorrect key Spawn Conditions.Dimensions was corrected from null to its default, SimpleCommentedConfig:{}. 
[06Aug2026 20:28:07.865] [Server thread/WARN] [net.minecraftforge.common.ForgeConfigSpec/CORE]: Incorrect key Spawn Conditions.Dimensions.dimension_whitelist was corrected from null to its default, [minecraft:overworld]. 
[06Aug2026 20:28:07.865] [Server thread/WARN] [net.minecraftforge.common.ForgeConfigSpec/CORE]: Incorrect key Spawn Conditions.Biomes was corrected from null to its default, SimpleCommentedConfig:{}. 
[06Aug2026 20:28:07.865] [Server thread/WARN] [net.minecraftforge.common.ForgeConfigSpec/CORE]: Incorrect key Spawn Conditions.Biomes.override_biome_datapack_config was corrected from null to its default, true. 
[06Aug2026 20:28:07.866] [Server thread/WARN] [net.minecraftforge.common.ForgeConfigSpec/CORE]: Incorrect key Spawn Conditions.Biomes.surface_biomes_is_whitelist was corrected from null to its default, false. 
[06Aug2026 20:28:07.866] [Server thread/WARN] [net.minecraftforge.common.ForgeConfigSpec/CORE]: Incorrect key Spawn Conditions.Biomes.surface_biomes was corrected from null to its default, []. 
[06Aug2026 20:28:07.867] [Server thread/WARN] [net.minecraftforge.common.ForgeConfigSpec/CORE]: Incorrect key Behaviour was corrected from null to its default, SimpleCommentedConfig:{}. 
[06Aug2026 20:28:07.868] [Server thread/WARN] [net.minecraftforge.common.ForgeConfigSpec/CORE]: Incorrect key Behaviour.spotting_range was corrected from null to its default, 60. 
[06Aug2026 20:28:07.868] [Server thread/WARN] [net.minecraftforge.common.ForgeConfigSpec/CORE]: Incorrect key Behaviour.can_disable_shields was corrected from null to its default, true. 
[06Aug2026 20:28:07.868] [Server thread/WARN] [net.minecraftforge.common.ForgeConfigSpec/CORE]: Incorrect key Behaviour.can_climb was corrected from null to its default, true. 
[06Aug2026 20:28:07.876] [Server thread/WARN] [net.minecraftforge.common.ForgeConfigSpec/CORE]: Incorrect key Behaviour.can_break_door was corrected from null to its default, true. 
[06Aug2026 20:28:07.896] [Server thread/WARN] [net.minecraftforge.common.ForgeConfigSpec/CORE]: Incorrect key Behaviour.break_door_time was corrected from null to its default, 1. 
[06Aug2026 20:28:07.901] [Server thread/WARN] [net.minecraftforge.common.ForgeConfigSpec/CORE]: Incorrect key Behaviour.allow_riding was corrected from null to its default, false. 
[06Aug2026 20:28:07.903] [Server thread/WARN] [net.minecraftforge.common.ForgeConfigSpec/CORE]: Incorrect key Behaviour.target_invisible was corrected from null to its default, true. 
[06Aug2026 20:28:07.915] [Server thread/WARN] [net.minecraftforge.common.ForgeConfigSpec/CORE]: Incorrect key Attributes was corrected from null to its default, SimpleCommentedConfig:{}. 
[06Aug2026 20:28:07.918] [Server thread/WARN] [net.minecraftforge.common.ForgeConfigSpec/CORE]: Incorrect key Attributes.maximum_health was corrected from null to its default, 500.0. 
[06Aug2026 20:28:07.924] [Server thread/WARN] [net.minecraftforge.common.ForgeConfigSpec/CORE]: Incorrect key Attributes.attack_damage was corrected from null to its default, 6.0. 
[06Aug2026 20:28:07.930] [Server thread/WARN] [net.minecraftforge.common.ForgeConfigSpec/CORE]: Incorrect key Attributes.attack_speed was corrected from null to its default, 0.35. 
[06Aug2026 20:28:07.944] [Server thread/WARN] [net.minecraftforge.common.ForgeConfigSpec/CORE]: Incorrect key Attributes.movement_speed was corrected from null to its default, 0.5. 
[06Aug2026 20:28:07.955] [Server thread/WARN] [net.minecraftforge.common.ForgeConfigSpec/CORE]: Incorrect key Attributes.depth_strider_bonus was corrected from null to its default, 2.5. 
[06Aug2026 20:28:07.962] [Server thread/WARN] [net.minecraftforge.common.ForgeConfigSpec/CORE]: Incorrect key Misc was corrected from null to its default, SimpleCommentedConfig:{}. 
[06Aug2026 20:28:07.962] [Server thread/WARN] [net.minecraftforge.common.ForgeConfigSpec/CORE]: Incorrect key Misc.only_play_noise_to_target was corrected from null to its default, false. 
[06Aug2026 20:28:07.980] [Server thread/WARN] [net.minecraftforge.common.ForgeConfigSpec/CORE]: Configuration file .\world\serverconfig\the_origin-server.toml is not correct. Correcting
[06Aug2026 20:28:07.987] [Server thread/WARN] [net.minecraftforge.common.ForgeConfigSpec/CORE]: Incorrect key Timers was corrected from null to its default, SimpleCommentedConfig:{}. 
[06Aug2026 20:28:07.993] [Server thread/WARN] [net.minecraftforge.common.ForgeConfigSpec/CORE]: Incorrect key Timers.Spawn was corrected from null to its default, SimpleCommentedConfig:{}. 
[06Aug2026 20:28:07.998] [Server thread/WARN] [net.minecraftforge.common.ForgeConfigSpec/CORE]: Incorrect key Timers.Spawn.can_spawn_min was corrected from null to its default, 300. 
[06Aug2026 20:28:08.001] [Server thread/WARN] [net.minecraftforge.common.ForgeConfigSpec/CORE]: Incorrect key Timers.Spawn.can_spawn_max was corrected from null to its default, 600. 
[06Aug2026 20:28:08.018] [Server thread/WARN] [net.minecraftforge.common.ForgeConfigSpec/CORE]: Incorrect key Timers.Spawn.can_spawn_cooldown_chance was corrected from null to its default, 0.4. 
[06Aug2026 20:28:08.020] [Server thread/WARN] [net.minecraftforge.common.ForgeConfigSpec/CORE]: Incorrect key Timers.Spawn.can_spawn_cooldown was corrected from null to its default, 1200. 
[06Aug2026 20:28:08.022] [Server thread/WARN] [net.minecraftforge.common.ForgeConfigSpec/CORE]: Incorrect key Timers.Noise was corrected from null to its default, SimpleCommentedConfig:{}. 
[06Aug2026 20:28:08.037] [Server thread/WARN] [net.minecraftforge.common.ForgeConfigSpec/CORE]: Incorrect key Timers.Noise.reset_noise_min was corrected from null to its default, 200. 
[06Aug2026 20:28:08.043] [Server thread/WARN] [net.minecraftforge.common.ForgeConfigSpec/CORE]: Incorrect key Timers.Noise.reset_noise_max was corrected from null to its default, 300. 
[06Aug2026 20:28:08.058] [Server thread/WARN] [net.minecraftforge.common.ForgeConfigSpec/CORE]: Incorrect key Timers.Leave was corrected from null to its default, SimpleCommentedConfig:{}. 
[06Aug2026 20:28:08.058] [Server thread/WARN] [net.minecraftforge.common.ForgeConfigSpec/CORE]: Incorrect key Timers.Leave.time_until_leave was corrected from null to its default, 300. 
[06Aug2026 20:28:08.066] [Server thread/WARN] [net.minecraftforge.common.ForgeConfigSpec/CORE]: Incorrect key Timers.Leave.time_until_leave_chase was corrected from null to its default, 30. 
[06Aug2026 20:28:08.069] [Server thread/WARN] [net.minecraftforge.common.ForgeConfigSpec/CORE]: Incorrect key Timers.surface_timer_multiplier was corrected from null to its default, 1.0. 
[06Aug2026 20:28:08.078] [Server thread/WARN] [net.minecraftforge.common.ForgeConfigSpec/CORE]: Incorrect key Spawn Conditions was corrected from null to its default, SimpleCommentedConfig:{}. 
[06Aug2026 20:28:08.083] [Server thread/WARN] [net.minecraftforge.common.ForgeConfigSpec/CORE]: Incorrect key Spawn Conditions.spawn_chance_per_tick was corrected from null to its default, 0.005. 
[06Aug2026 20:28:08.083] [Server thread/WARN] [net.minecraftforge.common.ForgeConfigSpec/CORE]: Incorrect key Spawn Conditions.spawn_height was corrected from null to its default, 500. 
[06Aug2026 20:28:08.083] [Server thread/WARN] [net.minecraftforge.common.ForgeConfigSpec/CORE]: Incorrect key Spawn Conditions.allow_surface_spawn was corrected from null to its default, false. 
[06Aug2026 20:28:08.084] [Server thread/WARN] [net.minecraftforge.common.ForgeConfigSpec/CORE]: Incorrect key Spawn Conditions.sky_light_level was corrected from null to its default, 15. 
[06Aug2026 20:28:08.097] [Server thread/WARN] [net.minecraftforge.common.ForgeConfigSpec/CORE]: Incorrect key Spawn Conditions.block_light_level was corrected from null to its default, 15. 
[06Aug2026 20:28:08.102] [Server thread/WARN] [net.minecraftforge.common.ForgeConfigSpec/CORE]: Incorrect key Spawn Conditions.maximum_amount was corrected from null to its default, 1. 
[06Aug2026 20:28:08.103] [Server thread/WARN] [net.minecraftforge.common.ForgeConfigSpec/CORE]: Incorrect key Spawn Conditions.spawn_distance was corrected from null to its default, 16. 
[06Aug2026 20:28:08.116] [Server thread/WARN] [net.minecraftforge.common.ForgeConfigSpec/CORE]: Incorrect key Spawn Conditions.check_path_to_spawn was corrected from null to its default, true. 
[06Aug2026 20:28:08.117] [Server thread/WARN] [net.minecraftforge.common.ForgeConfigSpec/CORE]: Incorrect key Spawn Conditions.Dimensions was corrected from null to its default, SimpleCommentedConfig:{}. 
[06Aug2026 20:28:08.133] [Server thread/WARN] [net.minecraftforge.common.ForgeConfigSpec/CORE]: Incorrect key Spawn Conditions.Dimensions.dimension_whitelist was corrected from null to its default, [minecraft:overworld]. 
[06Aug2026 20:28:08.144] [Server thread/WARN] [net.minecraftforge.common.ForgeConfigSpec/CORE]: Incorrect key Spawn Conditions.Biomes was corrected from null to its default, SimpleCommentedConfig:{}. 
[06Aug2026 20:28:08.161] [Server thread/WARN] [net.minecraftforge.common.ForgeConfigSpec/CORE]: Incorrect key Spawn Conditions.Biomes.override_biome_datapack_config was corrected from null to its default, true. 
[06Aug2026 20:28:08.165] [Server thread/WARN] [net.minecraftforge.common.ForgeConfigSpec/CORE]: Incorrect key Spawn Conditions.Biomes.surface_biomes_is_whitelist was corrected from null to its default, true. 
[06Aug2026 20:28:08.166] [Server thread/WARN] [net.minecraftforge.common.ForgeConfigSpec/CORE]: Incorrect key Spawn Conditions.Biomes.surface_biomes was corrected from null to its default, []. 
[06Aug2026 20:28:08.182] [Server thread/WARN] [net.minecraftforge.common.ForgeConfigSpec/CORE]: Incorrect key Behaviour was corrected from null to its default, SimpleCommentedConfig:{}. 
[06Aug2026 20:28:08.185] [Server thread/WARN] [net.minecraftforge.common.ForgeConfigSpec/CORE]: Incorrect key Behaviour.spotting_range was corrected from null to its default, 60. 
[06Aug2026 20:28:08.187] [Server thread/WARN] [net.minecraftforge.common.ForgeConfigSpec/CORE]: Incorrect key Behaviour.can_disable_shields was corrected from null to its default, true. 
[06Aug2026 20:28:08.192] [Server thread/WARN] [net.minecraftforge.common.ForgeConfigSpec/CORE]: Incorrect key Behaviour.can_climb was corrected from null to its default, true. 
[06Aug2026 20:28:08.197] [Server thread/WARN] [net.minecraftforge.common.ForgeConfigSpec/CORE]: Incorrect key Behaviour.can_break_door was corrected from null to its default, true. 
[06Aug2026 20:28:08.197] [Server thread/WARN] [net.minecraftforge.common.ForgeConfigSpec/CORE]: Incorrect key Behaviour.break_door_time was corrected from null to its default, 1. 
[06Aug2026 20:28:08.198] [Server thread/WARN] [net.minecraftforge.common.ForgeConfigSpec/CORE]: Incorrect key Behaviour.allow_riding was corrected from null to its default, false. 
[06Aug2026 20:28:08.198] [Server thread/WARN] [net.minecraftforge.common.ForgeConfigSpec/CORE]: Incorrect key Behaviour.target_invisible was corrected from null to its default, true. 
[06Aug2026 20:28:08.200] [Server thread/WARN] [net.minecraftforge.common.ForgeConfigSpec/CORE]: Incorrect key Attributes was corrected from null to its default, SimpleCommentedConfig:{}. 
[06Aug2026 20:28:08.201] [Server thread/WARN] [net.minecraftforge.common.ForgeConfigSpec/CORE]: Incorrect key Attributes.maximum_health was corrected from null to its default, 1000.0. 
[06Aug2026 20:28:08.214] [Server thread/WARN] [net.minecraftforge.common.ForgeConfigSpec/CORE]: Incorrect key Attributes.attack_damage was corrected from null to its default, 6.0. 
[06Aug2026 20:28:08.218] [Server thread/WARN] [net.minecraftforge.common.ForgeConfigSpec/CORE]: Incorrect key Attributes.attack_speed was corrected from null to its default, 0.35. 
[06Aug2026 20:28:08.233] [Server thread/WARN] [net.minecraftforge.common.ForgeConfigSpec/CORE]: Incorrect key Attributes.movement_speed was corrected from null to its default, 0.5. 
[06Aug2026 20:28:08.237] [Server thread/WARN] [net.minecraftforge.common.ForgeConfigSpec/CORE]: Incorrect key Attributes.depth_strider_bonus was corrected from null to its default, 2.5. 
[06Aug2026 20:28:08.241] [Server thread/WARN] [net.minecraftforge.common.ForgeConfigSpec/CORE]: Incorrect key Misc was corrected from null to its default, SimpleCommentedConfig:{}. 
[06Aug2026 20:28:08.248] [Server thread/WARN] [net.minecraftforge.common.ForgeConfigSpec/CORE]: Incorrect key Misc.only_play_noise_to_target was corrected from null to its default, false. 
[06Aug2026 20:28:08.266] [Server thread/WARN] [net.minecraftforge.common.ForgeConfigSpec/CORE]: Configuration file .\world\serverconfig\cant_breathe-server.toml is not correct. Correcting
[06Aug2026 20:28:08.279] [Server thread/WARN] [net.minecraftforge.common.ForgeConfigSpec/CORE]: Incorrect key Timers was corrected from null to its default, SimpleCommentedConfig:{}. 
[06Aug2026 20:28:08.346] [Server thread/WARN] [net.minecraftforge.common.ForgeConfigSpec/CORE]: Incorrect key Timers.Spawn was corrected from null to its default, SimpleCommentedConfig:{}. 
[06Aug2026 20:28:08.358] [Server thread/WARN] [net.minecraftforge.common.ForgeConfigSpec/CORE]: Incorrect key Timers.Spawn.can_spawn_min was corrected from null to its default, 850. 
[06Aug2026 20:28:08.366] [Server thread/WARN] [net.minecraftforge.common.ForgeConfigSpec/CORE]: Incorrect key Timers.Spawn.can_spawn_max was corrected from null to its default, 1500. 
[06Aug2026 20:28:08.377] [Server thread/WARN] [net.minecraftforge.common.ForgeConfigSpec/CORE]: Incorrect key Timers.Spawn.can_spawn_cooldown_chance was corrected from null to its default, 0.4. 
[06Aug2026 20:28:08.386] [Server thread/WARN] [net.minecraftforge.common.ForgeConfigSpec/CORE]: Incorrect key Timers.Spawn.can_spawn_cooldown was corrected from null to its default, 1000. 
[06Aug2026 20:28:08.396] [Server thread/WARN] [net.minecraftforge.common.ForgeConfigSpec/CORE]: Incorrect key Timers.Noise was corrected from null to its default, SimpleCommentedConfig:{}. 
[06Aug2026 20:28:08.407] [Server thread/WARN] [net.minecraftforge.common.ForgeConfigSpec/CORE]: Incorrect key Timers.Noise.reset_noise_min was corrected from null to its default, 750. 
[06Aug2026 20:28:08.419] [Server thread/WARN] [net.minecraftforge.common.ForgeConfigSpec/CORE]: Incorrect key Timers.Noise.reset_noise_max was corrected from null to its default, 1300. 
[06Aug2026 20:28:08.437] [Server thread/WARN] [net.minecraftforge.common.ForgeConfigSpec/CORE]: Incorrect key Timers.Leave was corrected from null to its default, SimpleCommentedConfig:{}. 
[06Aug2026 20:28:08.472] [Server thread/WARN] [net.minecraftforge.common.ForgeConfigSpec/CORE]: Incorrect key Timers.Leave.time_until_leave was corrected from null to its default, 650. 
[06Aug2026 20:28:08.476] [Server thread/WARN] [net.minecraftforge.common.ForgeConfigSpec/CORE]: Incorrect key Timers.Leave.time_until_leave_chase was corrected from null to its default, 60. 
[06Aug2026 20:28:08.477] [Server thread/WARN] [net.minecraftforge.common.ForgeConfigSpec/CORE]: Incorrect key Timers.surface_timer_multiplier was corrected from null to its default, 1.0. 
[06Aug2026 20:28:08.491] [Server thread/WARN] [net.minecraftforge.common.ForgeConfigSpec/CORE]: Incorrect key Spawn Conditions was corrected from null to its default, SimpleCommentedConfig:{}. 
[06Aug2026 20:28:08.494] [Server thread/WARN] [net.minecraftforge.common.ForgeConfigSpec/CORE]: Incorrect key Spawn Conditions.spawn_chance_per_tick was corrected from null to its default, 0.005. 
[06Aug2026 20:28:08.495] [Server thread/WARN] [net.minecraftforge.common.ForgeConfigSpec/CORE]: Incorrect key Spawn Conditions.spawn_height was corrected from null to its default, 300. 
[06Aug2026 20:28:08.496] [Server thread/WARN] [net.minecraftforge.common.ForgeConfigSpec/CORE]: Incorrect key Spawn Conditions.allow_surface_spawn was corrected from null to its default, true. 
[06Aug2026 20:28:08.501] [Server thread/WARN] [net.minecraftforge.common.ForgeConfigSpec/CORE]: Incorrect key Spawn Conditions.sky_light_level was corrected from null to its default, 15. 
[06Aug2026 20:28:08.524] [Server thread/WARN] [net.minecraftforge.common.ForgeConfigSpec/CORE]: Incorrect key Spawn Conditions.block_light_level was corrected from null to its default, 15. 
[06Aug2026 20:28:08.535] [Server thread/WARN] [net.minecraftforge.common.ForgeConfigSpec/CORE]: Incorrect key Spawn Conditions.maximum_amount was corrected from null to its default, 1. 
[06Aug2026 20:28:08.545] [Server thread/WARN] [net.minecraftforge.common.ForgeConfigSpec/CORE]: Incorrect key Spawn Conditions.spawn_distance was corrected from null to its default, 16. 
[06Aug2026 20:28:08.553] [Server thread/WARN] [net.minecraftforge.common.ForgeConfigSpec/CORE]: Incorrect key Spawn Conditions.check_path_to_spawn was corrected from null to its default, true. 
[06Aug2026 20:28:08.559] [Server thread/WARN] [net.minecraftforge.common.ForgeConfigSpec/CORE]: Incorrect key Spawn Conditions.Dimensions was corrected from null to its default, SimpleCommentedConfig:{}. 
[06Aug2026 20:28:08.560] [Server thread/WARN] [net.minecraftforge.common.ForgeConfigSpec/CORE]: Incorrect key Spawn Conditions.Dimensions.dimension_whitelist was corrected from null to its default, [minecraft:overworld]. 
[06Aug2026 20:28:08.570] [Server thread/WARN] [net.minecraftforge.common.ForgeConfigSpec/CORE]: Incorrect key Spawn Conditions.Biomes was corrected from null to its default, SimpleCommentedConfig:{}. 
[06Aug2026 20:28:08.570] [Server thread/WARN] [net.minecraftforge.common.ForgeConfigSpec/CORE]: Incorrect key Spawn Conditions.Biomes.override_biome_datapack_config was corrected from null to its default, true. 
[06Aug2026 20:28:08.570] [Server thread/WARN] [net.minecraftforge.common.ForgeConfigSpec/CORE]: Incorrect key Spawn Conditions.Biomes.surface_biomes_is_whitelist was corrected from null to its default, false. 
[06Aug2026 20:28:08.571] [Server thread/WARN] [net.minecraftforge.common.ForgeConfigSpec/CORE]: Incorrect key Spawn Conditions.Biomes.surface_biomes was corrected from null to its default, []. 
[06Aug2026 20:28:08.582] [Server thread/WARN] [net.minecraftforge.common.ForgeConfigSpec/CORE]: Incorrect key Behaviour was corrected from null to its default, SimpleCommentedConfig:{}. 
[06Aug2026 20:28:08.592] [Server thread/WARN] [net.minecraftforge.common.ForgeConfigSpec/CORE]: Incorrect key Behaviour.spotting_range was corrected from null to its default, 1000. 
[06Aug2026 20:28:08.596] [Server thread/WARN] [net.minecraftforge.common.ForgeConfigSpec/CORE]: Incorrect key Behaviour.can_disable_shields was corrected from null to its default, false. 
[06Aug2026 20:28:08.597] [Server thread/WARN] [net.minecraftforge.common.ForgeConfigSpec/CORE]: Incorrect key Behaviour.can_climb was corrected from null to its default, false. 
[06Aug2026 20:28:08.602] [Server thread/WARN] [net.minecraftforge.common.ForgeConfigSpec/CORE]: Incorrect key Behaviour.can_break_door was corrected from null to its default, true. 
[06Aug2026 20:28:08.613] [Server thread/WARN] [net.minecraftforge.common.ForgeConfigSpec/CORE]: Incorrect key Behaviour.break_door_time was corrected from null to its default, 1. 
[06Aug2026 20:28:08.627] [Server thread/WARN] [net.minecraftforge.common.ForgeConfigSpec/CORE]: Incorrect key Behaviour.allow_riding was corrected from null to its default, false. 
[06Aug2026 20:28:08.631] [Server thread/WARN] [net.minecraftforge.common.ForgeConfigSpec/CORE]: Incorrect key Behaviour.target_invisible was corrected from null to its default, true. 
[06Aug2026 20:28:08.633] [Server thread/WARN] [net.minecraftforge.common.ForgeConfigSpec/CORE]: Incorrect key Attributes was corrected from null to its default, SimpleCommentedConfig:{}. 
[06Aug2026 20:28:08.634] [Server thread/WARN] [net.minecraftforge.common.ForgeConfigSpec/CORE]: Incorrect key Attributes.maximum_health was corrected from null to its default, 250.0. 
[06Aug2026 20:28:08.635] [Server thread/WARN] [net.minecraftforge.common.ForgeConfigSpec/CORE]: Incorrect key Attributes.attack_damage was corrected from null to its default, 9.0. 
[06Aug2026 20:28:08.635] [Server thread/WARN] [net.minecraftforge.common.ForgeConfigSpec/CORE]: Incorrect key Attributes.attack_speed was corrected from null to its default, 0.15. 
[06Aug2026 20:28:08.636] [Server thread/WARN] [net.minecraftforge.common.ForgeConfigSpec/CORE]: Incorrect key Attributes.movement_speed was corrected from null to its default, 0.7. 
[06Aug2026 20:28:08.636] [Server thread/WARN] [net.minecraftforge.common.ForgeConfigSpec/CORE]: Incorrect key Attributes.depth_strider_bonus was corrected from null to its default, 1.5. 
[06Aug2026 20:28:08.643] [Server thread/WARN] [net.minecraftforge.common.ForgeConfigSpec/CORE]: Incorrect key Misc was corrected from null to its default, SimpleCommentedConfig:{}. 
[06Aug2026 20:28:08.644] [Server thread/WARN] [net.minecraftforge.common.ForgeConfigSpec/CORE]: Incorrect key Misc.only_play_noise_to_target was corrected from null to its default, false. 
[06Aug2026 20:28:09.105] [Server thread/WARN] [net.minecraftforge.common.ForgeConfigSpec/CORE]: Configuration file .\world\serverconfig\pale_hound-server.toml is not correct. Correcting
[06Aug2026 20:28:09.170] [Server thread/WARN] [net.minecraftforge.common.ForgeConfigSpec/CORE]: Incorrect key Timers was corrected from null to its default, SimpleCommentedConfig:{}. 
[06Aug2026 20:28:09.186] [Server thread/WARN] [net.minecraftforge.common.ForgeConfigSpec/CORE]: Incorrect key Timers.Spawn was corrected from null to its default, SimpleCommentedConfig:{}. 
[06Aug2026 20:28:09.209] [Server thread/WARN] [net.minecraftforge.common.ForgeConfigSpec/CORE]: Incorrect key Timers.Spawn.can_spawn_min was corrected from null to its default, 800. 
[06Aug2026 20:28:09.217] [Server thread/WARN] [net.minecraftforge.common.ForgeConfigSpec/CORE]: Incorrect key Timers.Spawn.can_spawn_max was corrected from null to its default, 1200. 
[06Aug2026 20:28:09.281] [Server thread/WARN] [net.minecraftforge.common.ForgeConfigSpec/CORE]: Incorrect key Timers.Spawn.can_spawn_cooldown_chance was corrected from null to its default, 0.3. 
[06Aug2026 20:28:09.318] [Server thread/WARN] [net.minecraftforge.common.ForgeConfigSpec/CORE]: Incorrect key Timers.Spawn.can_spawn_cooldown was corrected from null to its default, 1400. 
[06Aug2026 20:28:09.334] [Server thread/WARN] [net.minecraftforge.common.ForgeConfigSpec/CORE]: Incorrect key Timers.Noise was corrected from null to its default, SimpleCommentedConfig:{}. 
[06Aug2026 20:28:09.345] [Server thread/WARN] [net.minecraftforge.common.ForgeConfigSpec/CORE]: Incorrect key Timers.Noise.reset_noise_min was corrected from null to its default, 740. 
[06Aug2026 20:28:09.363] [Server thread/WARN] [net.minecraftforge.common.ForgeConfigSpec/CORE]: Incorrect key Timers.Noise.reset_noise_max was corrected from null to its default, 860. 
[06Aug2026 20:28:09.390] [Server thread/WARN] [net.minecraftforge.common.ForgeConfigSpec/CORE]: Incorrect key Timers.Leave was corrected from null to its default, SimpleCommentedConfig:{}. 
[06Aug2026 20:28:09.399] [Server thread/WARN] [net.minecraftforge.common.ForgeConfigSpec/CORE]: Incorrect key Timers.Leave.time_until_leave was corrected from null to its default, 300. 
[06Aug2026 20:28:09.410] [Server thread/WARN] [net.minecraftforge.common.ForgeConfigSpec/CORE]: Incorrect key Timers.Leave.time_until_leave_chase was corrected from null to its default, 30. 
[06Aug2026 20:28:09.424] [Server thread/WARN] [net.minecraftforge.common.ForgeConfigSpec/CORE]: Incorrect key Timers.surface_timer_multiplier was corrected from null to its default, 1.0. 
[06Aug2026 20:28:09.440] [Server thread/WARN] [net.minecraftforge.common.ForgeConfigSpec/CORE]: Incorrect key Spawn Conditions was corrected from null to its default, SimpleCommentedConfig:{}. 
[06Aug2026 20:28:09.464] [Server thread/WARN] [net.minecraftforge.common.ForgeConfigSpec/CORE]: Incorrect key Spawn Conditions.spawn_chance_per_tick was corrected from null to its default, 0.005. 
[06Aug2026 20:28:09.492] [Server thread/WARN] [net.minecraftforge.common.ForgeConfigSpec/CORE]: Incorrect key Spawn Conditions.spawn_height was corrected from null to its default, 500. 
[06Aug2026 20:28:09.496] [Server thread/WARN] [net.minecraftforge.common.ForgeConfigSpec/CORE]: Incorrect key Spawn Conditions.allow_surface_spawn was corrected from null to its default, true. 
[06Aug2026 20:28:09.502] [Server thread/WARN] [net.minecraftforge.common.ForgeConfigSpec/CORE]: Incorrect key Spawn Conditions.sky_light_level was corrected from null to its default, 8. 
[06Aug2026 20:28:09.508] [Server thread/WARN] [net.minecraftforge.common.ForgeConfigSpec/CORE]: Incorrect key Spawn Conditions.block_light_level was corrected from null to its default, 15. 
[06Aug2026 20:28:09.519] [Server thread/WARN] [net.minecraftforge.common.ForgeConfigSpec/CORE]: Incorrect key Spawn Conditions.maximum_amount was corrected from null to its default, 3. 
[06Aug2026 20:28:09.525] [Server thread/WARN] [net.minecraftforge.common.ForgeConfigSpec/CORE]: Incorrect key Spawn Conditions.spawn_distance was corrected from null to its default, 20. 
[06Aug2026 20:28:09.530] [Server thread/WARN] [net.minecraftforge.common.ForgeConfigSpec/CORE]: Incorrect key Spawn Conditions.check_path_to_spawn was corrected from null to its default, true. 
[06Aug2026 20:28:09.554] [Server thread/WARN] [net.minecraftforge.common.ForgeConfigSpec/CORE]: Incorrect key Spawn Conditions.Dimensions was corrected from null to its default, SimpleCommentedConfig:{}. 
[06Aug2026 20:28:09.561] [Server thread/WARN] [net.minecraftforge.common.ForgeConfigSpec/CORE]: Incorrect key Spawn Conditions.Dimensions.dimension_whitelist was corrected from null to its default, [minecraft:overworld]. 
[06Aug2026 20:28:09.579] [Server thread/WARN] [net.minecraftforge.common.ForgeConfigSpec/CORE]: Incorrect key Spawn Conditions.Biomes was corrected from null to its default, SimpleCommentedConfig:{}. 
[06Aug2026 20:28:09.586] [Server thread/WARN] [net.minecraftforge.common.ForgeConfigSpec/CORE]: Incorrect key Spawn Conditions.Biomes.override_biome_datapack_config was corrected from null to its default, true. 
[06Aug2026 20:28:09.596] [Server thread/WARN] [net.minecraftforge.common.ForgeConfigSpec/CORE]: Incorrect key Spawn Conditions.Biomes.surface_biomes_is_whitelist was corrected from null to its default, false. 
[06Aug2026 20:28:09.607] [Server thread/WARN] [net.minecraftforge.common.ForgeConfigSpec/CORE]: Incorrect key Spawn Conditions.Biomes.surface_biomes was corrected from null to its default, [minecraft:badlands, minecraft:bamboo_jungle, minecraft:basalt_deltas, minecraft:beach, minecraft:birch_forest, minecraft:cold_ocean, minecraft:crimson_forest, minecraft:dark_forest, minecraft:deep_cold_ocean, minecraft:deep_frozen_ocean, minecraft:deep_lukewarm_ocean, minecraft:deep_ocean, minecraft:desert, minecraft:eroded_badlands, minecraft:flower_forest, minecraft:forest, minecraft:grove, minecraft:jungle, minecraft:lukewarm_ocean, minecraft:mangrove_swamp, minecraft:meadow, minecraft:mushroom_fields, minecraft:ocean, minecraft:old_growth_birch_forest, minecraft:old_growth_pine_taiga, minecraft:old_growth_spruce_taiga, minecraft:plains, minecraft:river, minecraft:savanna, minecraft:savanna_plateau, minecraft:sparse_jungle, minecraft:stony_peaks, minecraft:stony_shore, minecraft:sunflower_plains, minecraft:swamp, minecraft:taiga, minecraft:warm_ocean, minecraft:windswept_forest, minecraft:windswept_gravelly_hills, minecraft:wooded_woodlands]. 
[06Aug2026 20:28:09.617] [Server thread/WARN] [net.minecraftforge.common.ForgeConfigSpec/CORE]: Incorrect key Behaviour was corrected from null to its default, SimpleCommentedConfig:{}. 
[06Aug2026 20:28:09.628] [Server thread/WARN] [net.minecraftforge.common.ForgeConfigSpec/CORE]: Incorrect key Behaviour.spotting_range was corrected from null to its default, 50. 
[06Aug2026 20:28:09.639] [Server thread/WARN] [net.minecraftforge.common.ForgeConfigSpec/CORE]: Incorrect key Behaviour.can_climb was corrected from null to its default, true. 
[06Aug2026 20:28:09.647] [Server thread/WARN] [net.minecraftforge.common.ForgeConfigSpec/CORE]: Incorrect key Behaviour.allow_riding was corrected from null to its default, false. 
[06Aug2026 20:28:09.657] [Server thread/WARN] [net.minecraftforge.common.ForgeConfigSpec/CORE]: Incorrect key Behaviour.target_invisible was corrected from null to its default, true. 
[06Aug2026 20:28:09.677] [Server thread/WARN] [net.minecraftforge.common.ForgeConfigSpec/CORE]: Incorrect key Attributes was corrected from null to its default, SimpleCommentedConfig:{}. 
[06Aug2026 20:28:09.697] [Server thread/WARN] [net.minecraftforge.common.ForgeConfigSpec/CORE]: Incorrect key Attributes.maximum_armor was corrected from null to its default, 10.0. 
[06Aug2026 20:28:09.707] [Server thread/WARN] [net.minecraftforge.common.ForgeConfigSpec/CORE]: Incorrect key Attributes.maximum_health was corrected from null to its default, 80.0. 
[06Aug2026 20:28:09.904] [Server thread/WARN] [net.minecraftforge.common.ForgeConfigSpec/CORE]: Incorrect key Attributes.attack_damage was corrected from null to its default, 20.0. 
[06Aug2026 20:28:09.911] [Server thread/WARN] [net.minecraftforge.common.ForgeConfigSpec/CORE]: Incorrect key Attributes.attack_speed was corrected from null to its default, 0.35. 
[06Aug2026 20:28:09.916] [Server thread/WARN] [net.minecraftforge.common.ForgeConfigSpec/CORE]: Incorrect key Attributes.movement_speed was corrected from null to its default, 0.7. 
[06Aug2026 20:28:09.917] [Server thread/WARN] [net.minecraftforge.common.ForgeConfigSpec/CORE]: Incorrect key Attributes.depth_strider_bonus was corrected from null to its default, 1.5. 
[06Aug2026 20:28:09.930] [Server thread/WARN] [net.minecraftforge.common.ForgeConfigSpec/CORE]: Incorrect key Misc was corrected from null to its default, SimpleCommentedConfig:{}. 
[06Aug2026 20:28:09.935] [Server thread/WARN] [net.minecraftforge.common.ForgeConfigSpec/CORE]: Incorrect key Misc.only_play_noise_to_target was corrected from null to its default, false. 
[06Aug2026 20:28:09.955] [Server thread/WARN] [net.minecraftforge.common.ForgeConfigSpec/CORE]: Configuration file .\world\serverconfig\aether-server.toml is not correct. Correcting
[06Aug2026 20:28:09.964] [Server thread/WARN] [net.minecraftforge.common.ForgeConfigSpec/CORE]: Incorrect key Gameplay was corrected from null to its default, SimpleCommentedConfig:{}. 
[06Aug2026 20:28:09.965] [Server thread/WARN] [net.minecraftforge.common.ForgeConfigSpec/CORE]: Incorrect key Gameplay.Beds explode was corrected from null to its default, false. 
[06Aug2026 20:28:09.970] [Server thread/WARN] [net.minecraftforge.common.ForgeConfigSpec/CORE]: Incorrect key Gameplay.Debuff non-Aether tools was corrected from null to its default, true. 
[06Aug2026 20:28:09.984] [Server thread/WARN] [net.minecraftforge.common.ForgeConfigSpec/CORE]: Incorrect key Gameplay.Ambrosium Shards are edible was corrected from null to its default, true. 
[06Aug2026 20:28:09.994] [Server thread/WARN] [net.minecraftforge.common.ForgeConfigSpec/CORE]: Incorrect key Gameplay.Berry Bush consistency was corrected from null to its default, false. 
[06Aug2026 20:28:10.002] [Server thread/WARN] [net.minecraftforge.common.ForgeConfigSpec/CORE]: Incorrect key Gameplay.Crystal Fruit Leaves consistency was corrected from null to its default, false. 
[06Aug2026 20:28:10.002] [Server thread/WARN] [net.minecraftforge.common.ForgeConfigSpec/CORE]: Incorrect key Gameplay.Gummy Swets restore health was corrected from null to its default, false. 
[06Aug2026 20:28:10.011] [Server thread/WARN] [net.minecraftforge.common.ForgeConfigSpec/CORE]: Incorrect key Gameplay.Maximum consumable Life Shards was corrected from null to its default, 10. 
[06Aug2026 20:28:10.012] [Server thread/WARN] [net.minecraftforge.common.ForgeConfigSpec/CORE]: Incorrect key Gameplay.Cooldown for the Hammer of Kingbdogz projectile was corrected from null to its default, 50. 
[06Aug2026 20:28:10.012] [Server thread/WARN] [net.minecraftforge.common.ForgeConfigSpec/CORE]: Incorrect key Gameplay.Cooldown for the Cloud Staff was corrected from null to its default, 40. 
[06Aug2026 20:28:10.013] [Server thread/WARN] [net.minecraftforge.common.ForgeConfigSpec/CORE]: Incorrect key Gameplay.Require gloves for set abilities was corrected from null to its default, true. 
[06Aug2026 20:28:10.029] [Server thread/WARN] [net.minecraftforge.common.ForgeConfigSpec/CORE]: Incorrect key Loot was corrected from null to its default, SimpleCommentedConfig:{}. 
[06Aug2026 20:28:10.036] [Server thread/WARN] [net.minecraftforge.common.ForgeConfigSpec/CORE]: Incorrect key Loot.Golden Feather in loot was corrected from null to its default, false. 
[06Aug2026 20:28:10.040] [Server thread/WARN] [net.minecraftforge.common.ForgeConfigSpec/CORE]: Incorrect key Loot.Valkyrie Cape in loot was corrected from null to its default, true. 
[06Aug2026 20:28:10.042] [Server thread/WARN] [net.minecraftforge.common.ForgeConfigSpec/CORE]: Incorrect key World Generation was corrected from null to its default, SimpleCommentedConfig:{}. 
[06Aug2026 20:28:10.042] [Server thread/WARN] [net.minecraftforge.common.ForgeConfigSpec/CORE]: Incorrect key World Generation.Generate Tall Grass in the Aether was corrected from null to its default, true. 
[06Aug2026 20:28:10.042] [Server thread/WARN] [net.minecraftforge.common.ForgeConfigSpec/CORE]: Incorrect key World Generation.Generate Holiday Trees always was corrected from null to its default, false. 
[06Aug2026 20:28:10.043] [Server thread/WARN] [net.minecraftforge.common.ForgeConfigSpec/CORE]: Incorrect key World Generation.Generate Holiday Trees seasonally was corrected from null to its default, true. 
[06Aug2026 20:28:10.044] [Server thread/WARN] [net.minecraftforge.common.ForgeConfigSpec/CORE]: Incorrect key Multiplayer was corrected from null to its default, SimpleCommentedConfig:{}. 
[06Aug2026 20:28:10.044] [Server thread/WARN] [net.minecraftforge.common.ForgeConfigSpec/CORE]: Incorrect key Multiplayer.Balance Invisibility Cloak for PVP was corrected from null to its default, false. 
[06Aug2026 20:28:10.045] [Server thread/WARN] [net.minecraftforge.common.ForgeConfigSpec/CORE]: Incorrect key Multiplayer.Invisibility Cloak visibility timer was corrected from null to its default, 50. 
[06Aug2026 20:28:10.045] [Server thread/WARN] [net.minecraftforge.common.ForgeConfigSpec/CORE]: Incorrect key Multiplayer.Only whitelisted users access Sun Altars was corrected from null to its default, false. 
[06Aug2026 20:28:10.045] [Server thread/WARN] [net.minecraftforge.common.ForgeConfigSpec/CORE]: Incorrect key Multiplayer.Configure Sun Altar dimensions was corrected from null to its default, [aether:the_aether]. 
[06Aug2026 20:28:10.046] [Server thread/WARN] [net.minecraftforge.common.ForgeConfigSpec/CORE]: Incorrect key Modpack was corrected from null to its default, SimpleCommentedConfig:{}. 
[06Aug2026 20:28:10.047] [Server thread/WARN] [net.minecraftforge.common.ForgeConfigSpec/CORE]: Incorrect key Modpack.Spawns the player in the Aether was corrected from null to its default, false. 
[06Aug2026 20:28:10.047] [Server thread/WARN] [net.minecraftforge.common.ForgeConfigSpec/CORE]: Incorrect key Modpack.Disables Aether Portal creation was corrected from null to its default, false. 
[06Aug2026 20:28:10.047] [Server thread/WARN] [net.minecraftforge.common.ForgeConfigSpec/CORE]: Incorrect key Modpack.Disables falling into the Overworld was corrected from null to its default, false. 
[06Aug2026 20:28:10.048] [Server thread/WARN] [net.minecraftforge.common.ForgeConfigSpec/CORE]: Incorrect key Modpack.Disables eternal day was corrected from null to its default, false. 
[06Aug2026 20:28:10.048] [Server thread/WARN] [net.minecraftforge.common.ForgeConfigSpec/CORE]: Incorrect key Modpack.Sets portal destination dimension was corrected from null to its default, aether:the_aether. 
[06Aug2026 20:28:10.048] [Server thread/WARN] [net.minecraftforge.common.ForgeConfigSpec/CORE]: Incorrect key Modpack.Sets portal return dimension was corrected from null to its default, minecraft:overworld. 
[06Aug2026 20:28:10.054] [Server thread/WARN] [net.minecraftforge.common.ForgeConfigSpec/CORE]: Configuration file .\world\serverconfig\incontrol-server.toml is not correct. Correcting
[06Aug2026 20:28:10.060] [Server thread/WARN] [net.minecraftforge.common.ForgeConfigSpec/CORE]: Incorrect key general was corrected from null to its default, SimpleCommentedConfig:{}. 
[06Aug2026 20:28:10.060] [Server thread/WARN] [net.minecraftforge.common.ForgeConfigSpec/CORE]: Incorrect key general.cacheRetentionTicks was corrected from null to its default, 10. 
[06Aug2026 20:28:10.060] [Server thread/WARN] [net.minecraftforge.common.ForgeConfigSpec/CORE]: Incorrect key general.perPlayerRadius was corrected from null to its default, 100. 
[06Aug2026 20:28:10.066] [Server thread/WARN] [net.minecraftforge.common.ForgeConfigSpec/CORE]: Configuration file .\world\serverconfig\sophisticatedbackpacks-server.toml is not correct. Correcting
[06Aug2026 20:28:10.086] [Server thread/WARN] [net.minecraftforge.common.ForgeConfigSpec/CORE]: Incorrect key server was corrected from null to its default, SimpleCommentedConfig:{}. 
[06Aug2026 20:28:10.096] [Server thread/WARN] [net.minecraftforge.common.ForgeConfigSpec/CORE]: Incorrect key server.disallowedItems was corrected from null to its default, []. 
[06Aug2026 20:28:10.116] [Server thread/WARN] [net.minecraftforge.common.ForgeConfigSpec/CORE]: Incorrect key server.containerItemsDisallowed was corrected from null to its default, false. 
[06Aug2026 20:28:10.127] [Server thread/WARN] [net.minecraftforge.common.ForgeConfigSpec/CORE]: Incorrect key server.noInteractionBlocks was corrected from null to its default, []. 
[06Aug2026 20:28:10.131] [Server thread/WARN] [net.minecraftforge.common.ForgeConfigSpec/CORE]: Incorrect key server.noConnectionBlocks was corrected from null to its default, []. 
[06Aug2026 20:28:10.131] [Server thread/WARN] [net.minecraftforge.common.ForgeConfigSpec/CORE]: Incorrect key server.allBlockConnectionsDisallowed was corrected from null to its default, false. 
[06Aug2026 20:28:10.150] [Server thread/WARN] [net.minecraftforge.common.ForgeConfigSpec/CORE]: Incorrect key server.leatherBackpack was corrected from null to its default, SimpleCommentedConfig:{}. 
[06Aug2026 20:28:10.161] [Server thread/WARN] [net.minecraftforge.common.ForgeConfigSpec/CORE]: Incorrect key server.leatherBackpack.inventorySlotCount was corrected from null to its default, 27. 
[06Aug2026 20:28:10.167] [Server thread/WARN] [net.minecraftforge.common.ForgeConfigSpec/CORE]: Incorrect key server.leatherBackpack.upgradeSlotCount was corrected from null to its default, 1. 
[06Aug2026 20:28:10.179] [Server thread/WARN] [net.minecraftforge.common.ForgeConfigSpec/CORE]: Incorrect key server.copperBackpack was corrected from null to its default, SimpleCommentedConfig:{}. 
[06Aug2026 20:28:10.179] [Server thread/WARN] [net.minecraftforge.common.ForgeConfigSpec/CORE]: Incorrect key server.copperBackpack.inventorySlotCount was corrected from null to its default, 45. 
[06Aug2026 20:28:10.180] [Server thread/WARN] [net.minecraftforge.common.ForgeConfigSpec/CORE]: Incorrect key server.copperBackpack.upgradeSlotCount was corrected from null to its default, 1. 
[06Aug2026 20:28:10.180] [Server thread/WARN] [net.minecraftforge.common.ForgeConfigSpec/CORE]: Incorrect key server.ironBackpack was corrected from null to its default, SimpleCommentedConfig:{}. 
[06Aug2026 20:28:10.189] [Server thread/WARN] [net.minecraftforge.common.ForgeConfigSpec/CORE]: Incorrect key server.ironBackpack.inventorySlotCount was corrected from null to its default, 54. 
[06Aug2026 20:28:10.196] [Server thread/WARN] [net.minecraftforge.common.ForgeConfigSpec/CORE]: Incorrect key server.ironBackpack.upgradeSlotCount was corrected from null to its default, 2. 
[06Aug2026 20:28:10.197] [Server thread/WARN] [net.minecraftforge.common.ForgeConfigSpec/CORE]: Incorrect key server.goldBackpack was corrected from null to its default, SimpleCommentedConfig:{}. 
[06Aug2026 20:28:10.197] [Server thread/WARN] [net.minecraftforge.common.ForgeConfigSpec/CORE]: Incorrect key server.goldBackpack.inventorySlotCount was corrected from null to its default, 81. 
[06Aug2026 20:28:10.197] [Server thread/WARN] [net.minecraftforge.common.ForgeConfigSpec/CORE]: Incorrect key server.goldBackpack.upgradeSlotCount was corrected from null to its default, 3. 
[06Aug2026 20:28:10.209] [Server thread/WARN] [net.minecraftforge.common.ForgeConfigSpec/CORE]: Incorrect key server.diamondBackpack was corrected from null to its default, SimpleCommentedConfig:{}. 
[06Aug2026 20:28:10.214] [Server thread/WARN] [net.minecraftforge.common.ForgeConfigSpec/CORE]: Incorrect key server.diamondBackpack.inventorySlotCount was corrected from null to its default, 108. 
[06Aug2026 20:28:10.218] [Server thread/WARN] [net.minecraftforge.common.ForgeConfigSpec/CORE]: Incorrect key server.diamondBackpack.upgradeSlotCount was corrected from null to its default, 5. 
[06Aug2026 20:28:10.232] [Server thread/WARN] [net.minecraftforge.common.ForgeConfigSpec/CORE]: Incorrect key server.netheriteBackpack was corrected from null to its default, SimpleCommentedConfig:{}. 
[06Aug2026 20:28:10.232] [Server thread/WARN] [net.minecraftforge.common.ForgeConfigSpec/CORE]: Incorrect key server.netheriteBackpack.inventorySlotCount was corrected from null to its default, 120. 
[06Aug2026 20:28:10.232] [Server thread/WARN] [net.minecraftforge.common.ForgeConfigSpec/CORE]: Incorrect key server.netheriteBackpack.upgradeSlotCount was corrected from null to its default, 7. 
[06Aug2026 20:28:10.239] [Server thread/WARN] [net.minecraftforge.common.ForgeConfigSpec/CORE]: Incorrect key server.compactingUpgrade was corrected from null to its default, SimpleCommentedConfig:{}. 
[06Aug2026 20:28:10.239] [Server thread/WARN] [net.minecraftforge.common.ForgeConfigSpec/CORE]: Incorrect key server.compactingUpgrade.filterSlots was corrected from null to its default, 9. 
[06Aug2026 20:28:10.241] [Server thread/WARN] [net.minecraftforge.common.ForgeConfigSpec/CORE]: Incorrect key server.compactingUpgrade.slotsInRow was corrected from null to its default, 3. 
[06Aug2026 20:28:10.242] [Server thread/WARN] [net.minecraftforge.common.ForgeConfigSpec/CORE]: Incorrect key server.compactingUpgrade.additionalCompactingShapes was corrected from null to its default, [111/101/111]. 
[06Aug2026 20:28:10.250] [Server thread/WARN] [net.minecraftforge.common.ForgeConfigSpec/CORE]: Incorrect key server.compactingUpgrade.additionalCompactingShapeOverrides was corrected from null to its default, []. 
[06Aug2026 20:28:10.264] [Server thread/WARN] [net.minecraftforge.common.ForgeConfigSpec/CORE]: Incorrect key server.advancedCompactingUpgrade was corrected from null to its default, SimpleCommentedConfig:{}. 
[06Aug2026 20:28:10.268] [Server thread/WARN] [net.minecraftforge.common.ForgeConfigSpec/CORE]: Incorrect key server.advancedCompactingUpgrade.filterSlots was corrected from null to its default, 16. 
[06Aug2026 20:28:10.268] [Server thread/WARN] [net.minecraftforge.common.ForgeConfigSpec/CORE]: Incorrect key server.advancedCompactingUpgrade.slotsInRow was corrected from null to its default, 4. 
[06Aug2026 20:28:10.269] [Server thread/WARN] [net.minecraftforge.common.ForgeConfigSpec/CORE]: Incorrect key server.depositUpgrade was corrected from null to its default, SimpleCommentedConfig:{}. 
[06Aug2026 20:28:10.278] [Server thread/WARN] [net.minecraftforge.common.ForgeConfigSpec/CORE]: Incorrect key server.depositUpgrade.filterSlots was corrected from null to its default, 9. 
[06Aug2026 20:28:10.540] [Server thread/WARN] [net.minecraftforge.common.ForgeConfigSpec/CORE]: Incorrect key server.depositUpgrade.slotsInRow was corrected from null to its default, 3. 
[06Aug2026 20:28:10.562] [Server thread/WARN] [net.minecraftforge.common.ForgeConfigSpec/CORE]: Incorrect key server.advancedDepositUpgrade was corrected from null to its default, SimpleCommentedConfig:{}. 
[06Aug2026 20:28:10.603] [Server thread/WARN] [net.minecraftforge.common.ForgeConfigSpec/CORE]: Incorrect key server.advancedDepositUpgrade.filterSlots was corrected from null to its default, 16. 
[06Aug2026 20:28:10.604] [Server thread/WARN] [net.minecraftforge.common.ForgeConfigSpec/CORE]: Incorrect key server.advancedDepositUpgrade.slotsInRow was corrected from null to its default, 4. 
[06Aug2026 20:28:10.615] [Server thread/WARN] [net.minecraftforge.common.ForgeConfigSpec/CORE]: Incorrect key server.feedingUpgrade was corrected from null to its default, SimpleCommentedConfig:{}. 
[06Aug2026 20:28:10.615] [Server thread/WARN] [net.minecraftforge.common.ForgeConfigSpec/CORE]: Incorrect key server.feedingUpgrade.filterSlots was corrected from null to its default, 9. 
[06Aug2026 20:28:10.615] [Server thread/WARN] [net.minecraftforge.common.ForgeConfigSpec/CORE]: Incorrect key server.feedingUpgrade.slotsInRow was corrected from null to its default, 3. 
[06Aug2026 20:28:10.661] [Server thread/WARN] [net.minecraftforge.common.ForgeConfigSpec/CORE]: Incorrect key server.advancedFeedingUpgrade was corrected from null to its default, SimpleCommentedConfig:{}. 
[06Aug2026 20:28:10.764] [Server thread/WARN] [net.minecraftforge.common.ForgeConfigSpec/CORE]: Incorrect key server.advancedFeedingUpgrade.filterSlots was corrected from null to its default, 16. 
[06Aug2026 20:28:10.776] [Server thread/WARN] [net.minecraftforge.common.ForgeConfigSpec/CORE]: Incorrect key server.advancedFeedingUpgrade.slotsInRow was corrected from null to its default, 4. 
[06Aug2026 20:28:10.784] [Server thread/WARN] [net.minecraftforge.common.ForgeConfigSpec/CORE]: Incorrect key server.filterUpgrade was corrected from null to its default, SimpleCommentedConfig:{}. 
[06Aug2026 20:28:10.811] [Server thread/WARN] [net.minecraftforge.common.ForgeConfigSpec/CORE]: Incorrect key server.filterUpgrade.filterSlots was corrected from null to its default, 9. 
[06Aug2026 20:28:10.812] [Server thread/WARN] [net.minecraftforge.common.ForgeConfigSpec/CORE]: Incorrect key server.filterUpgrade.slotsInRow was corrected from null to its default, 3. 
[06Aug2026 20:28:10.812] [Server thread/WARN] [net.minecraftforge.common.ForgeConfigSpec/CORE]: Incorrect key server.advancedFilterUpgrade was corrected from null to its default, SimpleCommentedConfig:{}. 
[06Aug2026 20:28:10.813] [Server thread/WARN] [net.minecraftforge.common.ForgeConfigSpec/CORE]: Incorrect key server.advancedFilterUpgrade.filterSlots was corrected from null to its default, 16. 
[06Aug2026 20:28:10.819] [Server thread/WARN] [net.minecraftforge.common.ForgeConfigSpec/CORE]: Incorrect key server.advancedFilterUpgrade.slotsInRow was corrected from null to its default, 4. 
[06Aug2026 20:28:10.820] [Server thread/WARN] [net.minecraftforge.common.ForgeConfigSpec/CORE]: Incorrect key server.magnetUpgrade was corrected from null to its default, SimpleCommentedConfig:{}. 
[06Aug2026 20:28:10.820] [Server thread/WARN] [net.minecraftforge.common.ForgeConfigSpec/CORE]: Incorrect key server.magnetUpgrade.filterSlots was corrected from null to its default, 9. 
[06Aug2026 20:28:10.830] [Server thread/WARN] [net.minecraftforge.common.ForgeConfigSpec/CORE]: Incorrect key server.magnetUpgrade.slotsInRow was corrected from null to its default, 3. 
[06Aug2026 20:28:10.837] [Server thread/WARN] [net.minecraftforge.common.ForgeConfigSpec/CORE]: Incorrect key server.magnetUpgrade.magnetRange was corrected from null to its default, 3. 
[06Aug2026 20:28:10.838] [Server thread/WARN] [net.minecraftforge.common.ForgeConfigSpec/CORE]: Incorrect key server.advancedMagnetUpgrade was corrected from null to its default, SimpleCommentedConfig:{}. 
[06Aug2026 20:28:10.846] [Server thread/WARN] [net.minecraftforge.common.ForgeConfigSpec/CORE]: Incorrect key server.advancedMagnetUpgrade.filterSlots was corrected from null to its default, 16. 
[06Aug2026 20:28:10.846] [Server thread/WARN] [net.minecraftforge.common.ForgeConfigSpec/CORE]: Incorrect key server.advancedMagnetUpgrade.slotsInRow was corrected from null to its default, 4. 
[06Aug2026 20:28:10.846] [Server thread/WARN] [net.minecraftforge.common.ForgeConfigSpec/CORE]: Incorrect key server.advancedMagnetUpgrade.magnetRange was corrected from null to its default, 5. 
[06Aug2026 20:28:10.847] [Server thread/WARN] [net.minecraftforge.common.ForgeConfigSpec/CORE]: Incorrect key server.pickupUpgrade was corrected from null to its default, SimpleCommentedConfig:{}. 
[06Aug2026 20:28:10.854] [Server thread/WARN] [net.minecraftforge.common.ForgeConfigSpec/CORE]: Incorrect key server.pickupUpgrade.filterSlots was corrected from null to its default, 9. 
[06Aug2026 20:28:10.854] [Server thread/WARN] [net.minecraftforge.common.ForgeConfigSpec/CORE]: Incorrect key server.pickupUpgrade.slotsInRow was corrected from null to its default, 3. 
[06Aug2026 20:28:10.863] [Server thread/WARN] [net.minecraftforge.common.ForgeConfigSpec/CORE]: Incorrect key server.advancedPickupUpgrade was corrected from null to its default, SimpleCommentedConfig:{}. 
[06Aug2026 20:28:10.863] [Server thread/WARN] [net.minecraftforge.common.ForgeConfigSpec/CORE]: Incorrect key server.advancedPickupUpgrade.filterSlots was corrected from null to its default, 16. 
[06Aug2026 20:28:10.863] [Server thread/WARN] [net.minecraftforge.common.ForgeConfigSpec/CORE]: Incorrect key server.advancedPickupUpgrade.slotsInRow was corrected from null to its default, 4. 
[06Aug2026 20:28:10.864] [Server thread/WARN] [net.minecraftforge.common.ForgeConfigSpec/CORE]: Incorrect key server.refillUpgrade was corrected from null to its default, SimpleCommentedConfig:{}. 
[06Aug2026 20:28:10.876] [Server thread/WARN] [net.minecraftforge.common.ForgeConfigSpec/CORE]: Incorrect key server.refillUpgrade.filterSlots was corrected from null to its default, 6. 
[06Aug2026 20:28:10.882] [Server thread/WARN] [net.minecraftforge.common.ForgeConfigSpec/CORE]: Incorrect key server.refillUpgrade.slotsInRow was corrected from null to its default, 3. 
[06Aug2026 20:28:10.883] [Server thread/WARN] [net.minecraftforge.common.ForgeConfigSpec/CORE]: Incorrect key server.advancedRefillUpgrade was corrected from null to its default, SimpleCommentedConfig:{}. 
[06Aug2026 20:28:10.904] [Server thread/WARN] [net.minecraftforge.common.ForgeConfigSpec/CORE]: Incorrect key server.advancedRefillUpgrade.filterSlots was corrected from null to its default, 12. 
[06Aug2026 20:28:10.912] [Server thread/WARN] [net.minecraftforge.common.ForgeConfigSpec/CORE]: Incorrect key server.advancedRefillUpgrade.slotsInRow was corrected from null to its default, 4. 
[06Aug2026 20:28:10.913] [Server thread/WARN] [net.minecraftforge.common.ForgeConfigSpec/CORE]: Incorrect key server.restockUpgrade was corrected from null to its default, SimpleCommentedConfig:{}. 
[06Aug2026 20:28:10.913] [Server thread/WARN] [net.minecraftforge.common.ForgeConfigSpec/CORE]: Incorrect key server.restockUpgrade.filterSlots was corrected from null to its default, 9. 
[06Aug2026 20:28:10.932] [Server thread/WARN] [net.minecraftforge.common.ForgeConfigSpec/CORE]: Incorrect key server.restockUpgrade.slotsInRow was corrected from null to its default, 3. 
[06Aug2026 20:28:10.936] [Server thread/WARN] [net.minecraftforge.common.ForgeConfigSpec/CORE]: Incorrect key server.advancedRestockUpgrade was corrected from null to its default, SimpleCommentedConfig:{}. 
[06Aug2026 20:28:10.937] [Server thread/WARN] [net.minecraftforge.common.ForgeConfigSpec/CORE]: Incorrect key server.advancedRestockUpgrade.filterSlots was corrected from null to its default, 16. 
[06Aug2026 20:28:10.937] [Server thread/WARN] [net.minecraftforge.common.ForgeConfigSpec/CORE]: Incorrect key server.advancedRestockUpgrade.slotsInRow was corrected from null to its default, 4. 
[06Aug2026 20:28:10.945] [Server thread/WARN] [net.minecraftforge.common.ForgeConfigSpec/CORE]: Incorrect key server.voidUpgrade was corrected from null to its default, SimpleCommentedConfig:{}. 
[06Aug2026 20:28:10.946] [Server thread/WARN] [net.minecraftforge.common.ForgeConfigSpec/CORE]: Incorrect key server.voidUpgrade.filterSlots was corrected from null to its default, 9. 
[06Aug2026 20:28:10.946] [Server thread/WARN] [net.minecraftforge.common.ForgeConfigSpec/CORE]: Incorrect key server.voidUpgrade.slotsInRow was corrected from null to its default, 3. 
[06Aug2026 20:28:10.947] [Server thread/WARN] [net.minecraftforge.common.ForgeConfigSpec/CORE]: Incorrect key server.voidUpgrade.voidAlwaysEnabled was corrected from null to its default, true. 
[06Aug2026 20:28:10.953] [Server thread/WARN] [net.minecraftforge.common.ForgeConfigSpec/CORE]: Incorrect key server.advancedVoidUpgrade was corrected from null to its default, SimpleCommentedConfig:{}. 
[06Aug2026 20:28:10.954] [Server thread/WARN] [net.minecraftforge.common.ForgeConfigSpec/CORE]: Incorrect key server.advancedVoidUpgrade.filterSlots was corrected from null to its default, 16. 
[06Aug2026 20:28:10.954] [Server thread/WARN] [net.minecraftforge.common.ForgeConfigSpec/CORE]: Incorrect key server.advancedVoidUpgrade.slotsInRow was corrected from null to its default, 4. 
[06Aug2026 20:28:10.954] [Server thread/WARN] [net.minecraftforge.common.ForgeConfigSpec/CORE]: Incorrect key server.advancedVoidUpgrade.voidAlwaysEnabled was corrected from null to its default, true. 
[06Aug2026 20:28:10.963] [Server thread/WARN] [net.minecraftforge.common.ForgeConfigSpec/CORE]: Incorrect key server.stackUpgrade was corrected from null to its default, SimpleCommentedConfig:{}. 
[06Aug2026 20:28:10.965] [Server thread/WARN] [net.minecraftforge.common.ForgeConfigSpec/CORE]: Incorrect key server.stackUpgrade.nonStackableItems was corrected from null to its default, [minecraft:bundle, minecraft:shulker_box, minecraft:white_shulker_box, minecraft:orange_shulker_box, minecraft:magenta_shulker_box, minecraft:light_blue_shulker_box, minecraft:yellow_shulker_box, minecraft:lime_shulker_box, minecraft:pink_shulker_box, minecraft:gray_shulker_box, minecraft:light_gray_shulker_box, minecraft:cyan_shulker_box, minecraft:purple_shulker_box, minecraft:blue_shulker_box, minecraft:brown_shulker_box, minecraft:green_shulker_box, minecraft:red_shulker_box, minecraft:black_shulker_box]. 
[06Aug2026 20:28:10.982] [Server thread/WARN] [net.minecraftforge.common.ForgeConfigSpec/CORE]: Incorrect key server.smeltingUpgrade was corrected from null to its default, SimpleCommentedConfig:{}. 
[06Aug2026 20:28:10.983] [Server thread/WARN] [net.minecraftforge.common.ForgeConfigSpec/CORE]: Incorrect key server.smeltingUpgrade.smeltingSpeedMultiplier was corrected from null to its default, 1.0. 
[06Aug2026 20:28:10.996] [Server thread/WARN] [net.minecraftforge.common.ForgeConfigSpec/CORE]: Incorrect key server.smeltingUpgrade.fuelEfficiencyMultiplier was corrected from null to its default, 1.0. 
[06Aug2026 20:28:11.000] [Server thread/WARN] [net.minecraftforge.common.ForgeConfigSpec/CORE]: Incorrect key server.smokingUpgrade was corrected from null to its default, SimpleCommentedConfig:{}. 
[06Aug2026 20:28:11.000] [Server thread/WARN] [net.minecraftforge.common.ForgeConfigSpec/CORE]: Incorrect key server.smokingUpgrade.smeltingSpeedMultiplier was corrected from null to its default, 1.0. 
[06Aug2026 20:28:11.000] [Server thread/WARN] [net.minecraftforge.common.ForgeConfigSpec/CORE]: Incorrect key server.smokingUpgrade.fuelEfficiencyMultiplier was corrected from null to its default, 1.0. 
[06Aug2026 20:28:11.012] [Server thread/WARN] [net.minecraftforge.common.ForgeConfigSpec/CORE]: Incorrect key server.blastingUpgrade was corrected from null to its default, SimpleCommentedConfig:{}. 
[06Aug2026 20:28:11.016] [Server thread/WARN] [net.minecraftforge.common.ForgeConfigSpec/CORE]: Incorrect key server.blastingUpgrade.smeltingSpeedMultiplier was corrected from null to its default, 1.0. 
[06Aug2026 20:28:11.016] [Server thread/WARN] [net.minecraftforge.common.ForgeConfigSpec/CORE]: Incorrect key server.blastingUpgrade.fuelEfficiencyMultiplier was corrected from null to its default, 1.0. 
[06Aug2026 20:28:11.028] [Server thread/WARN] [net.minecraftforge.common.ForgeConfigSpec/CORE]: Incorrect key server.autoSmeltingUpgrade was corrected from null to its default, SimpleCommentedConfig:{}. 
[06Aug2026 20:28:11.033] [Server thread/WARN] [net.minecraftforge.common.ForgeConfigSpec/CORE]: Incorrect key server.autoSmeltingUpgrade.smeltingSpeedMultiplier was corrected from null to its default, 1.0. 
[06Aug2026 20:28:11.033] [Server thread/WARN] [net.minecraftforge.common.ForgeConfigSpec/CORE]: Incorrect key server.autoSmeltingUpgrade.fuelEfficiencyMultiplier was corrected from null to its default, 1.0. 
[06Aug2026 20:28:11.033] [Server thread/WARN] [net.minecraftforge.common.ForgeConfigSpec/CORE]: Incorrect key server.autoSmeltingUpgrade.inputFilterSlots was corrected from null to its default, 8. 
[06Aug2026 20:28:11.045] [Server thread/WARN] [net.minecraftforge.common.ForgeConfigSpec/CORE]: Incorrect key server.autoSmeltingUpgrade.inputFilterSlotsInRow was corrected from null to its default, 4. 
[06Aug2026 20:28:11.049] [Server thread/WARN] [net.minecraftforge.common.ForgeConfigSpec/CORE]: Incorrect key server.autoSmeltingUpgrade.fuelFilterSlots was corrected from null to its default, 4. 
[06Aug2026 20:28:11.050] [Server thread/WARN] [net.minecraftforge.common.ForgeConfigSpec/CORE]: Incorrect key server.autoSmeltingUpgrade.fuelFilterSlotsInRow was corrected from null to its default, 4. 
[06Aug2026 20:28:11.051] [Server thread/WARN] [net.minecraftforge.common.ForgeConfigSpec/CORE]: Incorrect key server.autoSmokingUpgrade was corrected from null to its default, SimpleCommentedConfig:{}. 
[06Aug2026 20:28:11.051] [Server thread/WARN] [net.minecraftforge.common.ForgeConfigSpec/CORE]: Incorrect key server.autoSmokingUpgrade.smeltingSpeedMultiplier was corrected from null to its default, 1.0. 
[06Aug2026 20:28:11.051] [Server thread/WARN] [net.minecraftforge.common.ForgeConfigSpec/CORE]: Incorrect key server.autoSmokingUpgrade.fuelEfficiencyMultiplier was corrected from null to its default, 1.0. 
[06Aug2026 20:28:11.052] [Server thread/WARN] [net.minecraftforge.common.ForgeConfigSpec/CORE]: Incorrect key server.autoSmokingUpgrade.inputFilterSlots was corrected from null to its default, 8. 
[06Aug2026 20:28:11.075] [Server thread/WARN] [net.minecraftforge.common.ForgeConfigSpec/CORE]: Incorrect key server.autoSmokingUpgrade.inputFilterSlotsInRow was corrected from null to its default, 4. 
[06Aug2026 20:28:11.081] [Server thread/WARN] [net.minecraftforge.common.ForgeConfigSpec/CORE]: Incorrect key server.autoSmokingUpgrade.fuelFilterSlots was corrected from null to its default, 4. 
[06Aug2026 20:28:11.093] [Server thread/WARN] [net.minecraftforge.common.ForgeConfigSpec/CORE]: Incorrect key server.autoSmokingUpgrade.fuelFilterSlotsInRow was corrected from null to its default, 4. 
[06Aug2026 20:28:11.101] [Server thread/WARN] [net.minecraftforge.common.ForgeConfigSpec/CORE]: Incorrect key server.autoBlastingUpgrade was corrected from null to its default, SimpleCommentedConfig:{}. 
[06Aug2026 20:28:11.112] [Server thread/WARN] [net.minecraftforge.common.ForgeConfigSpec/CORE]: Incorrect key server.autoBlastingUpgrade.smeltingSpeedMultiplier was corrected from null to its default, 1.0. 
[06Aug2026 20:28:11.120] [Server thread/WARN] [net.minecraftforge.common.ForgeConfigSpec/CORE]: Incorrect key server.autoBlastingUpgrade.fuelEfficiencyMultiplier was corrected from null to its default, 1.0. 
[06Aug2026 20:28:11.130] [Server thread/WARN] [net.minecraftforge.common.ForgeConfigSpec/CORE]: Incorrect key server.autoBlastingUpgrade.inputFilterSlots was corrected from null to its default, 8. 
[06Aug2026 20:28:11.138] [Server thread/WARN] [net.minecraftforge.common.ForgeConfigSpec/CORE]: Incorrect key server.autoBlastingUpgrade.inputFilterSlotsInRow was corrected from null to its default, 4. 
[06Aug2026 20:28:11.147] [Server thread/WARN] [net.minecraftforge.common.ForgeConfigSpec/CORE]: Incorrect key server.autoBlastingUpgrade.fuelFilterSlots was corrected from null to its default, 4. 
[06Aug2026 20:28:11.158] [Server thread/WARN] [net.minecraftforge.common.ForgeConfigSpec/CORE]: Incorrect key server.autoBlastingUpgrade.fuelFilterSlotsInRow was corrected from null to its default, 4. 
[06Aug2026 20:28:11.166] [Server thread/WARN] [net.minecraftforge.common.ForgeConfigSpec/CORE]: Incorrect key server.inceptionUpgrade was corrected from null to its default, SimpleCommentedConfig:{}. 
[06Aug2026 20:28:11.176] [Server thread/WARN] [net.minecraftforge.common.ForgeConfigSpec/CORE]: Incorrect key server.inceptionUpgrade.upgradesUseInventoriesOfBackpacksInBackpack was corrected from null to its default, true. 
[06Aug2026 20:28:11.182] [Server thread/WARN] [net.minecraftforge.common.ForgeConfigSpec/CORE]: Incorrect key server.inceptionUpgrade.upgradesInContainedBackpacksAreFunctional was corrected from null to its default, true. 
[06Aug2026 20:28:11.196] [Server thread/WARN] [net.minecraftforge.common.ForgeConfigSpec/CORE]: Incorrect key server.toolSwapperUpgrade was corrected from null to its default, SimpleCommentedConfig:{}. 
[06Aug2026 20:28:11.203] [Server thread/WARN] [net.minecraftforge.common.ForgeConfigSpec/CORE]: Incorrect key server.toolSwapperUpgrade.filterSlots was corrected from null to its default, 8. 
[06Aug2026 20:28:11.213] [Server thread/WARN] [net.minecraftforge.common.ForgeConfigSpec/CORE]: Incorrect key server.toolSwapperUpgrade.slotsInRow was corrected from null to its default, 4. 
[06Aug2026 20:28:11.223] [Server thread/WARN] [net.minecraftforge.common.ForgeConfigSpec/CORE]: Incorrect key server.tankUpgrade was corrected from null to its default, SimpleCommentedConfig:{}. 
[06Aug2026 20:28:11.231] [Server thread/WARN] [net.minecraftforge.common.ForgeConfigSpec/CORE]: Incorrect key server.tankUpgrade.capacityPerSlotRow was corrected from null to its default, 4000. 
[06Aug2026 20:28:11.236] [Server thread/WARN] [net.minecraftforge.common.ForgeConfigSpec/CORE]: Incorrect key server.tankUpgrade.stackMultiplierRatio was corrected from null to its default, 1.0. 
[06Aug2026 20:28:11.237] [Server thread/WARN] [net.minecraftforge.common.ForgeConfigSpec/CORE]: Incorrect key server.tankUpgrade.autoFillDrainContainerCooldown was corrected from null to its default, 20. 
[06Aug2026 20:28:11.241] [Server thread/WARN] [net.minecraftforge.common.ForgeConfigSpec/CORE]: Incorrect key server.tankUpgrade.maxInputOutput was corrected from null to its default, 20. 
[06Aug2026 20:28:11.242] [Server thread/WARN] [net.minecraftforge.common.ForgeConfigSpec/CORE]: Incorrect key server.tankUpgrade.energyPerSlotRow was corrected from null to its default, 10000. 
[06Aug2026 20:28:11.244] [Server thread/WARN] [net.minecraftforge.common.ForgeConfigSpec/CORE]: Incorrect key server.pumpUpgrade was corrected from null to its default, SimpleCommentedConfig:{}. 
[06Aug2026 20:28:11.245] [Server thread/WARN] [net.minecraftforge.common.ForgeConfigSpec/CORE]: Incorrect key server.pumpUpgrade.filterSlots was corrected from null to its default, 4. 
[06Aug2026 20:28:11.268] [Server thread/WARN] [net.minecraftforge.common.ForgeConfigSpec/CORE]: Incorrect key server.pumpUpgrade.maxInputOutput was corrected from null to its default, 20. 
[06Aug2026 20:28:11.277] [Server thread/WARN] [net.minecraftforge.common.ForgeConfigSpec/CORE]: Incorrect key server.pumpUpgrade.stackMultiplierRatio was corrected from null to its default, 1.0. 
[06Aug2026 20:28:11.437] [Server thread/WARN] [net.minecraftforge.common.ForgeConfigSpec/CORE]: Incorrect key server.xpPumpUpgrade was corrected from null to its default, SimpleCommentedConfig:{}. 
[06Aug2026 20:28:11.445] [Server thread/WARN] [net.minecraftforge.common.ForgeConfigSpec/CORE]: Incorrect key server.xpPumpUpgrade.mendingOn was corrected from null to its default, true. 
[06Aug2026 20:28:11.453] [Server thread/WARN] [net.minecraftforge.common.ForgeConfigSpec/CORE]: Incorrect key server.xpPumpUpgrade.maxXpPointsPerMending was corrected from null to its default, 5. 
[06Aug2026 20:28:11.463] [Server thread/WARN] [net.minecraftforge.common.ForgeConfigSpec/CORE]: Incorrect key server.advancedJukeboxUpgrade was corrected from null to its default, SimpleCommentedConfig:{}. 
[06Aug2026 20:28:11.465] [Server thread/WARN] [net.minecraftforge.common.ForgeConfigSpec/CORE]: Incorrect key server.advancedJukeboxUpgrade.numberOfSlots was corrected from null to its default, 12. 
[06Aug2026 20:28:11.465] [Server thread/WARN] [net.minecraftforge.common.ForgeConfigSpec/CORE]: Incorrect key server.advancedJukeboxUpgrade.slotsInRow was corrected from null to its default, 4. 
[06Aug2026 20:28:11.465] [Server thread/WARN] [net.minecraftforge.common.ForgeConfigSpec/CORE]: Incorrect key server.alchemyUpgrade was corrected from null to its default, SimpleCommentedConfig:{}. 
[06Aug2026 20:28:11.465] [Server thread/WARN] [net.minecraftforge.common.ForgeConfigSpec/CORE]: Incorrect key server.alchemyUpgrade.filterSlots was corrected from null to its default, 4. 
[06Aug2026 20:28:11.466] [Server thread/WARN] [net.minecraftforge.common.ForgeConfigSpec/CORE]: Incorrect key server.advancedAlchemyUpgrade was corrected from null to its default, SimpleCommentedConfig:{}. 
[06Aug2026 20:28:11.466] [Server thread/WARN] [net.minecraftforge.common.ForgeConfigSpec/CORE]: Incorrect key server.advancedAlchemyUpgrade.filterSlots was corrected from null to its default, 8. 
[06Aug2026 20:28:11.484] [Server thread/WARN] [net.minecraftforge.common.ForgeConfigSpec/CORE]: Incorrect key server.mobCatcherUpgrade was corrected from null to its default, SimpleCommentedConfig:{}. 
[06Aug2026 20:28:11.485] [Server thread/WARN] [net.minecraftforge.common.ForgeConfigSpec/CORE]: Incorrect key server.mobCatcherUpgrade.basicMaxSlotCost was corrected from null to its default, 18. 
[06Aug2026 20:28:11.487] [Server thread/WARN] [net.minecraftforge.common.ForgeConfigSpec/CORE]: Incorrect key server.mobCatcherUpgrade.advancedMaxSlotCost was corrected from null to its default, 72. 
[06Aug2026 20:28:11.487] [Server thread/WARN] [net.minecraftforge.common.ForgeConfigSpec/CORE]: Incorrect key server.mobCatcherUpgrade.animalMultiplier was corrected from null to its default, 1.0. 
[06Aug2026 20:28:11.488] [Server thread/WARN] [net.minecraftforge.common.ForgeConfigSpec/CORE]: Incorrect key server.mobCatcherUpgrade.hostileMultiplier was corrected from null to its default, 2.0. 
[06Aug2026 20:28:11.489] [Server thread/WARN] [net.minecraftforge.common.ForgeConfigSpec/CORE]: Incorrect key server.mobCatcherUpgrade.disallowInventoryEntities was corrected from null to its default, false. 
[06Aug2026 20:28:11.490] [Server thread/WARN] [net.minecraftforge.common.ForgeConfigSpec/CORE]: Incorrect key server.mobCatcherUpgrade.entityBlockList was corrected from null to its default, [minecraft:wither]. 
[06Aug2026 20:28:11.490] [Server thread/WARN] [net.minecraftforge.common.ForgeConfigSpec/CORE]: Incorrect key server.mobCatcherUpgrade.hostileOverrides was corrected from null to its default, [minecraft:enderman]. 
[06Aug2026 20:28:11.490] [Server thread/WARN] [net.minecraftforge.common.ForgeConfigSpec/CORE]: Incorrect key server.mobCatcherUpgrade.passiveOverrides was corrected from null to its default, [minecraft:villager]. 
[06Aug2026 20:28:11.490] [Server thread/WARN] [net.minecraftforge.common.ForgeConfigSpec/CORE]: Incorrect key server.entityBackpackAdditions was corrected from null to its default, SimpleCommentedConfig:{}. 
[06Aug2026 20:28:11.491] [Server thread/WARN] [net.minecraftforge.common.ForgeConfigSpec/CORE]: Incorrect key server.entityBackpackAdditions.chance was corrected from null to its default, 0.01. 
[06Aug2026 20:28:11.491] [Server thread/WARN] [net.minecraftforge.common.ForgeConfigSpec/CORE]: Incorrect key server.entityBackpackAdditions.addLoot was corrected from null to its default, true. 
[06Aug2026 20:28:11.491] [Server thread/WARN] [net.minecraftforge.common.ForgeConfigSpec/CORE]: Incorrect key server.entityBackpackAdditions.buffWithPotionEffects was corrected from null to its default, true. 
[06Aug2026 20:28:11.491] [Server thread/WARN] [net.minecraftforge.common.ForgeConfigSpec/CORE]: Incorrect key server.entityBackpackAdditions.buffHealth was corrected from null to its default, true. 
[06Aug2026 20:28:11.491] [Server thread/WARN] [net.minecraftforge.common.ForgeConfigSpec/CORE]: Incorrect key server.entityBackpackAdditions.equipWithArmor was corrected from null to its default, true. 
[06Aug2026 20:28:11.507] [Server thread/WARN] [net.minecraftforge.common.ForgeConfigSpec/CORE]: Incorrect key server.entityBackpackAdditions.entityLootTableList was corrected from null to its default, [minecraft:creeper|minecraft:chests/desert_pyramid, minecraft:drowned|minecraft:chests/shipwreck_treasure, minecraft:enderman|minecraft:chests/end_city_treasure, minecraft:evoker|minecraft:chests/woodland_mansion, minecraft:husk|minecraft:chests/desert_pyramid, minecraft:piglin|minecraft:chests/bastion_bridge, minecraft:piglin_brute|minecraft:chests/bastion_treasure, minecraft:pillager|minecraft:chests/pillager_outpost, minecraft:skeleton|minecraft:chests/simple_dungeon, minecraft:stray|minecraft:chests/igloo_chest, minecraft:vex|minecraft:chests/woodland_mansion, minecraft:vindicator|minecraft:chests/woodland_mansion, minecraft:witch|minecraft:chests/buried_treasure, minecraft:wither_skeleton|minecraft:chests/nether_bridge, minecraft:zombie|minecraft:chests/simple_dungeon, minecraft:zombie_villager|minecraft:chests/village/village_armorer, minecraft:zombified_piglin|minecraft:chests/bastion_other]. 
[06Aug2026 20:28:11.512] [Server thread/WARN] [net.minecraftforge.common.ForgeConfigSpec/CORE]: Incorrect key server.entityBackpackAdditions.discBlockList was corrected from null to its default, [botania:record_gaia_1, botania:record_gaia_2]. 
[06Aug2026 20:28:11.514] [Server thread/WARN] [net.minecraftforge.common.ForgeConfigSpec/CORE]: Incorrect key server.entityBackpackAdditions.playJukebox was corrected from null to its default, true. 
[06Aug2026 20:28:11.516] [Server thread/WARN] [net.minecraftforge.common.ForgeConfigSpec/CORE]: Incorrect key server.entityBackpackAdditions.dropToFakePlayers was corrected from null to its default, false. 
[06Aug2026 20:28:11.518] [Server thread/WARN] [net.minecraftforge.common.ForgeConfigSpec/CORE]: Incorrect key server.entityBackpackAdditions.backpackDropChance was corrected from null to its default, 0.5. 
[06Aug2026 20:28:11.520] [Server thread/WARN] [net.minecraftforge.common.ForgeConfigSpec/CORE]: Incorrect key server.entityBackpackAdditions.lootingChanceIncreasePerLevel was corrected from null to its default, 0.15. 
[06Aug2026 20:28:11.523] [Server thread/WARN] [net.minecraftforge.common.ForgeConfigSpec/CORE]: Incorrect key server.entityBackpackAdditions.leatherWeight was corrected from null to its default, 625. 
[06Aug2026 20:28:11.525] [Server thread/WARN] [net.minecraftforge.common.ForgeConfigSpec/CORE]: Incorrect key server.entityBackpackAdditions.copperWeight was corrected from null to its default, 250. 
[06Aug2026 20:28:11.527] [Server thread/WARN] [net.minecraftforge.common.ForgeConfigSpec/CORE]: Incorrect key server.entityBackpackAdditions.ironWeight was corrected from null to its default, 125. 
[06Aug2026 20:28:11.529] [Server thread/WARN] [net.minecraftforge.common.ForgeConfigSpec/CORE]: Incorrect key server.entityBackpackAdditions.goldWeight was corrected from null to its default, 25. 
[06Aug2026 20:28:11.531] [Server thread/WARN] [net.minecraftforge.common.ForgeConfigSpec/CORE]: Incorrect key server.entityBackpackAdditions.diamondWeight was corrected from null to its default, 5. 
[06Aug2026 20:28:11.533] [Server thread/WARN] [net.minecraftforge.common.ForgeConfigSpec/CORE]: Incorrect key server.entityBackpackAdditions.netheriteWeight was corrected from null to its default, 1. 
[06Aug2026 20:28:11.535] [Server thread/WARN] [net.minecraftforge.common.ForgeConfigSpec/CORE]: Incorrect key server.entityBackpackAdditions.minBackpackTierMidDifficulty was corrected from null to its default, 1. 
[06Aug2026 20:28:11.537] [Server thread/WARN] [net.minecraftforge.common.ForgeConfigSpec/CORE]: Incorrect key server.entityBackpackAdditions.minBackpackTierHighDifficulty was corrected from null to its default, 2. 
[06Aug2026 20:28:11.541] [Server thread/WARN] [net.minecraftforge.common.ForgeConfigSpec/CORE]: Incorrect key server.entityBackpackAdditions.localDifficultyEffectsBackpackSpawns was corrected from null to its default, true. 
[06Aug2026 20:28:11.543] [Server thread/WARN] [net.minecraftforge.common.ForgeConfigSpec/CORE]: Incorrect key server.nerfs was corrected from null to its default, SimpleCommentedConfig:{}. 
[06Aug2026 20:28:11.544] [Server thread/WARN] [net.minecraftforge.common.ForgeConfigSpec/CORE]: Incorrect key server.nerfs.tooManyBackpacksSlowness was corrected from null to its default, false. 
[06Aug2026 20:28:11.546] [Server thread/WARN] [net.minecraftforge.common.ForgeConfigSpec/CORE]: Incorrect key server.nerfs.maxNumberOfBackpacks was corrected from null to its default, 3. 
[06Aug2026 20:28:11.548] [Server thread/WARN] [net.minecraftforge.common.ForgeConfigSpec/CORE]: Incorrect key server.nerfs.slownessLevelsPerAdditionalBackpack was corrected from null to its default, 1.0. 
[06Aug2026 20:28:11.549] [Server thread/WARN] [net.minecraftforge.common.ForgeConfigSpec/CORE]: Incorrect key server.nerfs.onlyWornBackpackTriggersUpgrades was corrected from null to its default, false. 
[06Aug2026 20:28:11.551] [Server thread/WARN] [net.minecraftforge.common.ForgeConfigSpec/CORE]: Incorrect key server.nerfs.nerfEffect was corrected from null to its default, minecraft:slowness. 
[06Aug2026 20:28:11.553] [Server thread/WARN] [net.minecraftforge.common.ForgeConfigSpec/CORE]: Incorrect key server.maxUpgradesPerStorage was corrected from null to its default, [jukebox_upgrades|1, furnace_upgrades|1, stack_upgrades|3]. 
[06Aug2026 20:28:11.556] [Server thread/WARN] [net.minecraftforge.common.ForgeConfigSpec/CORE]: Incorrect key server.itemFluidHandlerEnabled was corrected from null to its default, true. 
[06Aug2026 20:28:11.557] [Server thread/WARN] [net.minecraftforge.common.ForgeConfigSpec/CORE]: Incorrect key server.allowOpeningOtherPlayerBackpacks was corrected from null to its default, true. 
[06Aug2026 20:28:11.559] [Server thread/WARN] [net.minecraftforge.common.ForgeConfigSpec/CORE]: Incorrect key server.itemDisplayDisabled was corrected from null to its default, false. 
[06Aug2026 20:28:11.562] [Server thread/WARN] [net.minecraftforge.common.ForgeConfigSpec/CORE]: Incorrect key server.tickDedupeLogicDisabled was corrected from null to its default, false. 
[06Aug2026 20:28:11.564] [Server thread/WARN] [net.minecraftforge.common.ForgeConfigSpec/CORE]: Incorrect key server.canBePlacedInContainerItems was corrected from null to its default, false. 
[06Aug2026 20:28:11.578] [Server thread/WARN] [net.minecraftforge.common.ForgeConfigSpec/CORE]: Configuration file .\world\serverconfig\skinstalker-server.toml is not correct. Correcting
[06Aug2026 20:28:11.581] [Server thread/WARN] [net.minecraftforge.common.ForgeConfigSpec/CORE]: Incorrect key Timers was corrected from null to its default, SimpleCommentedConfig:{}. 
[06Aug2026 20:28:11.583] [Server thread/WARN] [net.minecraftforge.common.ForgeConfigSpec/CORE]: Incorrect key Timers.Spawn was corrected from null to its default, SimpleCommentedConfig:{}. 
[06Aug2026 20:28:11.585] [Server thread/WARN] [net.minecraftforge.common.ForgeConfigSpec/CORE]: Incorrect key Timers.Spawn.can_spawn_min was corrected from null to its default, 100. 
[06Aug2026 20:28:11.586] [Server thread/WARN] [net.minecraftforge.common.ForgeConfigSpec/CORE]: Incorrect key Timers.Spawn.can_spawn_max was corrected from null to its default, 200. 
[06Aug2026 20:28:11.590] [Server thread/WARN] [net.minecraftforge.common.ForgeConfigSpec/CORE]: Incorrect key Timers.Spawn.can_spawn_cooldown_chance was corrected from null to its default, 0.4. 
[06Aug2026 20:28:11.591] [Server thread/WARN] [net.minecraftforge.common.ForgeConfigSpec/CORE]: Incorrect key Timers.Spawn.can_spawn_cooldown was corrected from null to its default, 700. 
[06Aug2026 20:28:11.593] [Server thread/WARN] [net.minecraftforge.common.ForgeConfigSpec/CORE]: Incorrect key Timers.Noise was corrected from null to its default, SimpleCommentedConfig:{}. 
[06Aug2026 20:28:11.595] [Server thread/WARN] [net.minecraftforge.common.ForgeConfigSpec/CORE]: Incorrect key Timers.Noise.reset_noise_min was corrected from null to its default, 80. 
[06Aug2026 20:28:11.596] [Server thread/WARN] [net.minecraftforge.common.ForgeConfigSpec/CORE]: Incorrect key Timers.Noise.reset_noise_max was corrected from null to its default, 120. 
[06Aug2026 20:28:11.598] [Server thread/WARN] [net.minecraftforge.common.ForgeConfigSpec/CORE]: Incorrect key Timers.Leave was corrected from null to its default, SimpleCommentedConfig:{}. 
[06Aug2026 20:28:11.600] [Server thread/WARN] [net.minecraftforge.common.ForgeConfigSpec/CORE]: Incorrect key Timers.Leave.time_until_leave was corrected from null to its default, 500. 
[06Aug2026 20:28:11.601] [Server thread/WARN] [net.minecraftforge.common.ForgeConfigSpec/CORE]: Incorrect key Timers.Leave.time_until_leave_chase was corrected from null to its default, 30. 
[06Aug2026 20:28:11.604] [Server thread/WARN] [net.minecraftforge.common.ForgeConfigSpec/CORE]: Incorrect key Timers.surface_timer_multiplier was corrected from null to its default, 1.0. 
[06Aug2026 20:28:11.608] [Server thread/WARN] [net.minecraftforge.common.ForgeConfigSpec/CORE]: Incorrect key Spawn Conditions was corrected from null to its default, SimpleCommentedConfig:{}. 
[06Aug2026 20:28:11.610] [Server thread/WARN] [net.minecraftforge.common.ForgeConfigSpec/CORE]: Incorrect key Spawn Conditions.spawn_chance_per_tick was corrected from null to its default, 0.005. 
[06Aug2026 20:28:11.612] [Server thread/WARN] [net.minecraftforge.common.ForgeConfigSpec/CORE]: Incorrect key Spawn Conditions.spawn_height was corrected from null to its default, 500. 
[06Aug2026 20:28:11.613] [Server thread/WARN] [net.minecraftforge.common.ForgeConfigSpec/CORE]: Incorrect key Spawn Conditions.allow_surface_spawn was corrected from null to its default, true. 
[06Aug2026 20:28:11.615] [Server thread/WARN] [net.minecraftforge.common.ForgeConfigSpec/CORE]: Incorrect key Spawn Conditions.sky_light_level was corrected from null to its default, 15. 
[06Aug2026 20:28:11.617] [Server thread/WARN] [net.minecraftforge.common.ForgeConfigSpec/CORE]: Incorrect key Spawn Conditions.block_light_level was corrected from null to its default, 15. 
[06Aug2026 20:28:11.619] [Server thread/WARN] [net.minecraftforge.common.ForgeConfigSpec/CORE]: Incorrect key Spawn Conditions.maximum_amount was corrected from null to its default, 1. 
[06Aug2026 20:28:11.621] [Server thread/WARN] [net.minecraftforge.common.ForgeConfigSpec/CORE]: Incorrect key Spawn Conditions.spawn_distance was corrected from null to its default, 16. 
[06Aug2026 20:28:11.624] [Server thread/WARN] [net.minecraftforge.common.ForgeConfigSpec/CORE]: Incorrect key Spawn Conditions.check_path_to_spawn was corrected from null to its default, true. 
[06Aug2026 20:28:11.626] [Server thread/WARN] [net.minecraftforge.common.ForgeConfigSpec/CORE]: Incorrect key Spawn Conditions.Dimensions was corrected from null to its default, SimpleCommentedConfig:{}. 
[06Aug2026 20:28:11.628] [Server thread/WARN] [net.minecraftforge.common.ForgeConfigSpec/CORE]: Incorrect key Spawn Conditions.Dimensions.dimension_whitelist was corrected from null to its default, [minecraft:overworld]. 
[06Aug2026 20:28:11.630] [Server thread/WARN] [net.minecraftforge.common.ForgeConfigSpec/CORE]: Incorrect key Spawn Conditions.Biomes was corrected from null to its default, SimpleCommentedConfig:{}. 
[06Aug2026 20:28:11.632] [Server thread/WARN] [net.minecraftforge.common.ForgeConfigSpec/CORE]: Incorrect key Spawn Conditions.Biomes.override_biome_datapack_config was corrected from null to its default, true. 
[06Aug2026 20:28:11.634] [Server thread/WARN] [net.minecraftforge.common.ForgeConfigSpec/CORE]: Incorrect key Spawn Conditions.Biomes.surface_biomes_is_whitelist was corrected from null to its default, false. 
[06Aug2026 20:28:11.636] [Server thread/WARN] [net.minecraftforge.common.ForgeConfigSpec/CORE]: Incorrect key Spawn Conditions.Biomes.surface_biomes was corrected from null to its default, []. 
[06Aug2026 20:28:11.641] [Server thread/WARN] [net.minecraftforge.common.ForgeConfigSpec/CORE]: Incorrect key Behaviour was corrected from null to its default, SimpleCommentedConfig:{}. 
[06Aug2026 20:28:11.644] [Server thread/WARN] [net.minecraftforge.common.ForgeConfigSpec/CORE]: Incorrect key Behaviour.spotting_range was corrected from null to its default, 60. 
[06Aug2026 20:28:11.646] [Server thread/WARN] [net.minecraftforge.common.ForgeConfigSpec/CORE]: Incorrect key Behaviour.can_disable_shields was corrected from null to its default, true. 
[06Aug2026 20:28:11.648] [Server thread/WARN] [net.minecraftforge.common.ForgeConfigSpec/CORE]: Incorrect key Behaviour.can_climb was corrected from null to its default, true. 
[06Aug2026 20:28:11.650] [Server thread/WARN] [net.minecraftforge.common.ForgeConfigSpec/CORE]: Incorrect key Behaviour.can_break_door was corrected from null to its default, true. 
[06Aug2026 20:28:11.652] [Server thread/WARN] [net.minecraftforge.common.ForgeConfigSpec/CORE]: Incorrect key Behaviour.break_door_time was corrected from null to its default, 1. 
[06Aug2026 20:28:11.654] [Server thread/WARN] [net.minecraftforge.common.ForgeConfigSpec/CORE]: Incorrect key Behaviour.allow_riding was corrected from null to its default, false. 
[06Aug2026 20:28:11.657] [Server thread/WARN] [net.minecraftforge.common.ForgeConfigSpec/CORE]: Incorrect key Behaviour.target_invisible was corrected from null to its default, true. 
[06Aug2026 20:28:11.659] [Server thread/WARN] [net.minecraftforge.common.ForgeConfigSpec/CORE]: Incorrect key Attributes was corrected from null to its default, SimpleCommentedConfig:{}. 
[06Aug2026 20:28:11.661] [Server thread/WARN] [net.minecraftforge.common.ForgeConfigSpec/CORE]: Incorrect key Attributes.maximum_health was corrected from null to its default, 500.0. 
[06Aug2026 20:28:11.663] [Server thread/WARN] [net.minecraftforge.common.ForgeConfigSpec/CORE]: Incorrect key Attributes.attack_damage was corrected from null to its default, 6.0. 
[06Aug2026 20:28:11.664] [Server thread/WARN] [net.minecraftforge.common.ForgeConfigSpec/CORE]: Incorrect key Attributes.attack_speed was corrected from null to its default, 0.35. 
[06Aug2026 20:28:11.666] [Server thread/WARN] [net.minecraftforge.common.ForgeConfigSpec/CORE]: Incorrect key Attributes.movement_speed was corrected from null to its default, 0.5. 
[06Aug2026 20:28:11.668] [Server thread/WARN] [net.minecraftforge.common.ForgeConfigSpec/CORE]: Incorrect key Attributes.depth_strider_bonus was corrected from null to its default, 2.5. 
[06Aug2026 20:28:11.670] [Server thread/WARN] [net.minecraftforge.common.ForgeConfigSpec/CORE]: Incorrect key Misc was corrected from null to its default, SimpleCommentedConfig:{}. 
[06Aug2026 20:28:11.674] [Server thread/WARN] [net.minecraftforge.common.ForgeConfigSpec/CORE]: Incorrect key Misc.only_play_noise_to_target was corrected from null to its default, false. 
[06Aug2026 20:28:11.682] [Server thread/WARN] [net.minecraftforge.common.ForgeConfigSpec/CORE]: Configuration file .\world\serverconfig\create-server.toml is not correct. Correcting
[06Aug2026 20:28:11.685] [Server thread/WARN] [net.minecraftforge.common.ForgeConfigSpec/CORE]: Incorrect key infrastructure was corrected from null to its default, SimpleCommentedConfig:{}. 
[06Aug2026 20:28:11.687] [Server thread/WARN] [net.minecraftforge.common.ForgeConfigSpec/CORE]: Incorrect key infrastructure.tickrateSyncTimer was corrected from null to its default, 20. 
[06Aug2026 20:28:11.690] [Server thread/WARN] [net.minecraftforge.common.ForgeConfigSpec/CORE]: Incorrect key recipes was corrected from null to its default, SimpleCommentedConfig:{}. 
[06Aug2026 20:28:11.693] [Server thread/WARN] [net.minecraftforge.common.ForgeConfigSpec/CORE]: Incorrect key recipes.bulkPressing was corrected from null to its default, false. 
[06Aug2026 20:28:11.695] [Server thread/WARN] [net.minecraftforge.common.ForgeConfigSpec/CORE]: Incorrect key recipes.bulkCutting was corrected from null to its default, false. 
[06Aug2026 20:28:11.697] [Server thread/WARN] [net.minecraftforge.common.ForgeConfigSpec/CORE]: Incorrect key recipes.allowBrewingInMixer was corrected from null to its default, true. 
[06Aug2026 20:28:11.698] [Server thread/WARN] [net.minecraftforge.common.ForgeConfigSpec/CORE]: Incorrect key recipes.allowShapelessInMixer was corrected from null to its default, true. 
[06Aug2026 20:28:11.700] [Server thread/WARN] [net.minecraftforge.common.ForgeConfigSpec/CORE]: Incorrect key recipes.allowShapedSquareInPress was corrected from null to its default, true. 
[06Aug2026 20:28:11.701] [Server thread/WARN] [net.minecraftforge.common.ForgeConfigSpec/CORE]: Incorrect key recipes.allowRegularCraftingInCrafter was corrected from null to its default, true. 
[06Aug2026 20:28:11.712] [Server thread/WARN] [net.minecraftforge.common.ForgeConfigSpec/CORE]: Incorrect key recipes.maxFireworkIngredientsInCrafter was corrected from null to its default, 9. 
[06Aug2026 20:28:11.714] [Server thread/WARN] [net.minecraftforge.common.ForgeConfigSpec/CORE]: Incorrect key recipes.allowStonecuttingOnSaw was corrected from null to its default, true. 
[06Aug2026 20:28:11.715] [Server thread/WARN] [net.minecraftforge.common.ForgeConfigSpec/CORE]: Incorrect key recipes.allowCastingBySpout was corrected from null to its default, true. 
[06Aug2026 20:28:11.718] [Server thread/WARN] [net.minecraftforge.common.ForgeConfigSpec/CORE]: Incorrect key recipes.displayLogStrippingRecipes was corrected from null to its default, true. 
[06Aug2026 20:28:11.720] [Server thread/WARN] [net.minecraftforge.common.ForgeConfigSpec/CORE]: Incorrect key recipes.lightSourceCountForRefinedRadiance was corrected from null to its default, 10. 
[06Aug2026 20:28:11.723] [Server thread/WARN] [net.minecraftforge.common.ForgeConfigSpec/CORE]: Incorrect key recipes.enableRefinedRadianceRecipe was corrected from null to its default, true. 
[06Aug2026 20:28:11.725] [Server thread/WARN] [net.minecraftforge.common.ForgeConfigSpec/CORE]: Incorrect key recipes.enableShadowSteelRecipe was corrected from null to its default, true. 
[06Aug2026 20:28:11.729] [Server thread/WARN] [net.minecraftforge.common.ForgeConfigSpec/CORE]: Incorrect key kinetics was corrected from null to its default, SimpleCommentedConfig:{}. 
[06Aug2026 20:28:11.731] [Server thread/WARN] [net.minecraftforge.common.ForgeConfigSpec/CORE]: Incorrect key kinetics.disableStress was corrected from null to its default, false. 
[06Aug2026 20:28:11.733] [Server thread/WARN] [net.minecraftforge.common.ForgeConfigSpec/CORE]: Incorrect key kinetics.maxBeltLength was corrected from null to its default, 20. 
[06Aug2026 20:28:11.735] [Server thread/WARN] [net.minecraftforge.common.ForgeConfigSpec/CORE]: Incorrect key kinetics.maxChainConveyorLength was corrected from null to its default, 32. 
[06Aug2026 20:28:11.736] [Server thread/WARN] [net.minecraftforge.common.ForgeConfigSpec/CORE]: Incorrect key kinetics.maxChainConveyorConnections was corrected from null to its default, 4. 
[06Aug2026 20:28:11.740] [Server thread/WARN] [net.minecraftforge.common.ForgeConfigSpec/CORE]: Incorrect key kinetics.crushingDamage was corrected from null to its default, 4. 
[06Aug2026 20:28:11.742] [Server thread/WARN] [net.minecraftforge.common.ForgeConfigSpec/CORE]: Incorrect key kinetics.maxRotationSpeed was corrected from null to its default, 256. 
[06Aug2026 20:28:11.743] [Server thread/WARN] [net.minecraftforge.common.ForgeConfigSpec/CORE]: Incorrect key kinetics.ignoreDeployerAttacks was corrected from null to its default, CREEPERS. 
[06Aug2026 20:28:11.745] [Server thread/WARN] [net.minecraftforge.common.ForgeConfigSpec/CORE]: Incorrect key kinetics.kineticValidationFrequency was corrected from null to its default, 60. 
[06Aug2026 20:28:11.747] [Server thread/WARN] [net.minecraftforge.common.ForgeConfigSpec/CORE]: Incorrect key kinetics.crankHungerMultiplier was corrected from null to its default, 0.009999999776482582. 
[06Aug2026 20:28:11.749] [Server thread/WARN] [net.minecraftforge.common.ForgeConfigSpec/CORE]: Incorrect key kinetics.minimumWindmillSails was corrected from null to its default, 8. 
[06Aug2026 20:28:11.750] [Server thread/WARN] [net.minecraftforge.common.ForgeConfigSpec/CORE]: Incorrect key kinetics.windmillSailsPerRPM was corrected from null to its default, 8. 
[06Aug2026 20:28:11.752] [Server thread/WARN] [net.minecraftforge.common.ForgeConfigSpec/CORE]: Incorrect key kinetics.maxEjectorDistance was corrected from null to its default, 32. 
[06Aug2026 20:28:11.754] [Server thread/WARN] [net.minecraftforge.common.ForgeConfigSpec/CORE]: Incorrect key kinetics.ejectorScanInterval was corrected from null to its default, 120. 
[06Aug2026 20:28:11.757] [Server thread/WARN] [net.minecraftforge.common.ForgeConfigSpec/CORE]: Incorrect key kinetics.encasedFan was corrected from null to its default, SimpleCommentedConfig:{}. 
[06Aug2026 20:28:11.758] [Server thread/WARN] [net.minecraftforge.common.ForgeConfigSpec/CORE]: Incorrect key kinetics.encasedFan.fanPushDistance was corrected from null to its default, 20. 
[06Aug2026 20:28:11.760] [Server thread/WARN] [net.minecraftforge.common.ForgeConfigSpec/CORE]: Incorrect key kinetics.encasedFan.fanPullDistance was corrected from null to its default, 20. 
[06Aug2026 20:28:11.762] [Server thread/WARN] [net.minecraftforge.common.ForgeConfigSpec/CORE]: Incorrect key kinetics.encasedFan.fanBlockCheckRate was corrected from null to its default, 30. 
[06Aug2026 20:28:11.764] [Server thread/WARN] [net.minecraftforge.common.ForgeConfigSpec/CORE]: Incorrect key kinetics.encasedFan.fanRotationArgmax was corrected from null to its default, 256. 
[06Aug2026 20:28:11.765] [Server thread/WARN] [net.minecraftforge.common.ForgeConfigSpec/CORE]: Incorrect key kinetics.encasedFan.fanProcessingTime was corrected from null to its default, 150. 
[06Aug2026 20:28:11.767] [Server thread/WARN] [net.minecraftforge.common.ForgeConfigSpec/CORE]: Incorrect key kinetics.contraptions was corrected from null to its default, SimpleCommentedConfig:{}. 
[06Aug2026 20:28:11.769] [Server thread/WARN] [net.minecraftforge.common.ForgeConfigSpec/CORE]: Incorrect key kinetics.contraptions.maxBlocksMoved was corrected from null to its default, 2048. 
[06Aug2026 20:28:11.770] [Server thread/WARN] [net.minecraftforge.common.ForgeConfigSpec/CORE]: Incorrect key kinetics.contraptions.maxChassisRange was corrected from null to its default, 16. 
[06Aug2026 20:28:11.774] [Server thread/WARN] [net.minecraftforge.common.ForgeConfigSpec/CORE]: Incorrect key kinetics.contraptions.maxPistonPoles was corrected from null to its default, 64. 
[06Aug2026 20:28:11.775] [Server thread/WARN] [net.minecraftforge.common.ForgeConfigSpec/CORE]: Incorrect key kinetics.contraptions.maxRopeLength was corrected from null to its default, 384. 
[06Aug2026 20:28:11.777] [Server thread/WARN] [net.minecraftforge.common.ForgeConfigSpec/CORE]: Incorrect key kinetics.contraptions.maxCartCouplingLength was corrected from null to its default, 32. 
[06Aug2026 20:28:11.778] [Server thread/WARN] [net.minecraftforge.common.ForgeConfigSpec/CORE]: Incorrect key kinetics.contraptions.rollerFillDepth was corrected from null to its default, 12. 
[06Aug2026 20:28:11.780] [Server thread/WARN] [net.minecraftforge.common.ForgeConfigSpec/CORE]: Incorrect key kinetics.contraptions.survivalContraptionPickup was corrected from null to its default, true. 
[06Aug2026 20:28:11.782] [Server thread/WARN] [net.minecraftforge.common.ForgeConfigSpec/CORE]: Incorrect key kinetics.contraptions.movableSpawners was corrected from null to its default, NO_PICKUP. 
[06Aug2026 20:28:11.783] [Server thread/WARN] [net.minecraftforge.common.ForgeConfigSpec/CORE]: Incorrect key kinetics.contraptions.amethystMovement was corrected from null to its default, NO_PICKUP. 
[06Aug2026 20:28:11.786] [Server thread/WARN] [net.minecraftforge.common.ForgeConfigSpec/CORE]: Incorrect key kinetics.contraptions.movableObsidian was corrected from null to its default, UNMOVABLE. 
[06Aug2026 20:28:11.788] [Server thread/WARN] [net.minecraftforge.common.ForgeConfigSpec/CORE]: Incorrect key kinetics.contraptions.movableReinforcedDeepslate was corrected from null to its default, UNMOVABLE. 
[06Aug2026 20:28:11.791] [Server thread/WARN] [net.minecraftforge.common.ForgeConfigSpec/CORE]: Incorrect key kinetics.contraptions.moveItemsToStorage was corrected from null to its default, true. 
[06Aug2026 20:28:11.792] [Server thread/WARN] [net.minecraftforge.common.ForgeConfigSpec/CORE]: Incorrect key kinetics.contraptions.harvestPartiallyGrown was corrected from null to its default, false. 
[06Aug2026 20:28:11.793] [Server thread/WARN] [net.minecraftforge.common.ForgeConfigSpec/CORE]: Incorrect key kinetics.contraptions.harvesterReplants was corrected from null to its default, true. 
[06Aug2026 20:28:11.795] [Server thread/WARN] [net.minecraftforge.common.ForgeConfigSpec/CORE]: Incorrect key kinetics.contraptions.minecartContraptionInContainers was corrected from null to its default, false. 
[06Aug2026 20:28:11.796] [Server thread/WARN] [net.minecraftforge.common.ForgeConfigSpec/CORE]: Incorrect key kinetics.contraptions.stabiliseStableContraptions was corrected from null to its default, false. 
[06Aug2026 20:28:11.797] [Server thread/WARN] [net.minecraftforge.common.ForgeConfigSpec/CORE]: Incorrect key kinetics.contraptions.syncPlayerPickupHitboxWithContraptionHitbox was corrected from null to its default, false. 
[06Aug2026 20:28:11.799] [Server thread/WARN] [net.minecraftforge.common.ForgeConfigSpec/CORE]: Incorrect key kinetics.contraptions.noDropWhenContraptionReplaceBlocks was corrected from null to its default, false. 
[06Aug2026 20:28:11.801] [Server thread/WARN] [net.minecraftforge.common.ForgeConfigSpec/CORE]: Incorrect key kinetics.stats was corrected from null to its default, SimpleCommentedConfig:{}. 
[06Aug2026 20:28:11.802] [Server thread/WARN] [net.minecraftforge.common.ForgeConfigSpec/CORE]: Incorrect key kinetics.stats.mediumSpeed was corrected from null to its default, 30.0. 
[06Aug2026 20:28:11.804] [Server thread/WARN] [net.minecraftforge.common.ForgeConfigSpec/CORE]: Incorrect key kinetics.stats.fastSpeed was corrected from null to its default, 100.0. 
[06Aug2026 20:28:11.806] [Server thread/WARN] [net.minecraftforge.common.ForgeConfigSpec/CORE]: Incorrect key kinetics.stats.mediumStressImpact was corrected from null to its default, 4.0. 
[06Aug2026 20:28:11.808] [Server thread/WARN] [net.minecraftforge.common.ForgeConfigSpec/CORE]: Incorrect key kinetics.stats.highStressImpact was corrected from null to its default, 8.0. 
[06Aug2026 20:28:11.809] [Server thread/WARN] [net.minecraftforge.common.ForgeConfigSpec/CORE]: Incorrect key kinetics.stats.mediumCapacity was corrected from null to its default, 256.0. 
[06Aug2026 20:28:11.810] [Server thread/WARN] [net.minecraftforge.common.ForgeConfigSpec/CORE]: Incorrect key kinetics.stats.highCapacity was corrected from null to its default, 1024.0. 
[06Aug2026 20:28:11.811] [Server thread/WARN] [net.minecraftforge.common.ForgeConfigSpec/CORE]: Incorrect key kinetics.stressValues was corrected from null to its default, SimpleCommentedConfig:{}. 
[06Aug2026 20:28:11.812] [Server thread/WARN] [net.minecraftforge.common.ForgeConfigSpec/CORE]: Incorrect key kinetics.stressValues.v2 was corrected from null to its default, SimpleCommentedConfig:{}. 
[06Aug2026 20:28:11.815] [Server thread/WARN] [net.minecraftforge.common.ForgeConfigSpec/CORE]: Incorrect key kinetics.stressValues.v2.impact was corrected from null to its default, SimpleCommentedConfig:{}. 
[06Aug2026 20:28:11.816] [Server thread/WARN] [net.minecraftforge.common.ForgeConfigSpec/CORE]: Incorrect key kinetics.stressValues.v2.impact.brass_encased_shaft was corrected from null to its default, 0.0. 
[06Aug2026 20:28:11.817] [Server thread/WARN] [net.minecraftforge.common.ForgeConfigSpec/CORE]: Incorrect key kinetics.stressValues.v2.impact.turntable was corrected from null to its default, 4.0. 
[06Aug2026 20:28:11.818] [Server thread/WARN] [net.minecraftforge.common.ForgeConfigSpec/CORE]: Incorrect key kinetics.stressValues.v2.impact.clutch was corrected from null to its default, 0.0. 
[06Aug2026 20:28:11.819] [Server thread/WARN] [net.minecraftforge.common.ForgeConfigSpec/CORE]: Incorrect key kinetics.stressValues.v2.impact.mechanical_mixer was corrected from null to its default, 4.0. 
[06Aug2026 20:28:11.821] [Server thread/WARN] [net.minecraftforge.common.ForgeConfigSpec/CORE]: Incorrect key kinetics.stressValues.v2.impact.gearbox was corrected from null to its default, 0.0. 
[06Aug2026 20:28:11.824] [Server thread/WARN] [net.minecraftforge.common.ForgeConfigSpec/CORE]: Incorrect key kinetics.stressValues.v2.impact.mechanical_bearing was corrected from null to its default, 4.0. 
[06Aug2026 20:28:11.829] [Server thread/WARN] [net.minecraftforge.common.ForgeConfigSpec/CORE]: Incorrect key kinetics.stressValues.v2.impact.copper_backtank was corrected from null to its default, 4.0. 
[06Aug2026 20:28:11.831] [Server thread/WARN] [net.minecraftforge.common.ForgeConfigSpec/CORE]: Incorrect key kinetics.stressValues.v2.impact.hose_pulley was corrected from null to its default, 4.0. 
[06Aug2026 20:28:11.833] [Server thread/WARN] [net.minecraftforge.common.ForgeConfigSpec/CORE]: Incorrect key kinetics.stressValues.v2.impact.display_board was corrected from null to its default, 0.0. 
[06Aug2026 20:28:11.836] [Server thread/WARN] [net.minecraftforge.common.ForgeConfigSpec/CORE]: Incorrect key kinetics.stressValues.v2.impact.crushing_wheel was corrected from null to its default, 8.0. 
[06Aug2026 20:28:11.837] [Server thread/WARN] [net.minecraftforge.common.ForgeConfigSpec/CORE]: Incorrect key kinetics.stressValues.v2.impact.adjustable_chain_gearshift was corrected from null to its default, 0.0. 
[06Aug2026 20:28:11.840] [Server thread/WARN] [net.minecraftforge.common.ForgeConfigSpec/CORE]: Incorrect key kinetics.stressValues.v2.impact.millstone was corrected from null to its default, 4.0. 
[06Aug2026 20:28:11.841] [Server thread/WARN] [net.minecraftforge.common.ForgeConfigSpec/CORE]: Incorrect key kinetics.stressValues.v2.impact.rotation_speed_controller was corrected from null to its default, 0.0. 
[06Aug2026 20:28:11.842] [Server thread/WARN] [net.minecraftforge.common.ForgeConfigSpec/CORE]: Incorrect key kinetics.stressValues.v2.impact.sticky_mechanical_piston was corrected from null to its default, 4.0. 
[06Aug2026 20:28:11.844] [Server thread/WARN] [net.minecraftforge.common.ForgeConfigSpec/CORE]: Incorrect key kinetics.stressValues.v2.impact.mechanical_crafter was corrected from null to its default, 2.0. 
[06Aug2026 20:28:11.845] [Server thread/WARN] [net.minecraftforge.common.ForgeConfigSpec/CORE]: Incorrect key kinetics.stressValues.v2.impact.deployer was corrected from null to its default, 4.0. 
[06Aug2026 20:28:11.846] [Server thread/WARN] [net.minecraftforge.common.ForgeConfigSpec/CORE]: Incorrect key kinetics.stressValues.v2.impact.elevator_pulley was corrected from null to its default, 4.0. 
[06Aug2026 20:28:11.847] [Server thread/WARN] [net.minecraftforge.common.ForgeConfigSpec/CORE]: Incorrect key kinetics.stressValues.v2.impact.stressometer was corrected from null to its default, 0.0. 
[06Aug2026 20:28:11.848] [Server thread/WARN] [net.minecraftforge.common.ForgeConfigSpec/CORE]: Incorrect key kinetics.stressValues.v2.impact.cogwheel was corrected from null to its default, 0.0. 
[06Aug2026 20:28:11.849] [Server thread/WARN] [net.minecraftforge.common.ForgeConfigSpec/CORE]: Incorrect key kinetics.stressValues.v2.impact.encased_chain_drive was corrected from null to its default, 0.0. 
[06Aug2026 20:28:11.851] [Server thread/WARN] [net.minecraftforge.common.ForgeConfigSpec/CORE]: Incorrect key kinetics.stressValues.v2.impact.belt was corrected from null to its default, 0.0. 
[06Aug2026 20:28:11.852] [Server thread/WARN] [net.minecraftforge.common.ForgeConfigSpec/CORE]: Incorrect key kinetics.stressValues.v2.impact.brass_encased_large_cogwheel was corrected from null to its default, 0.0. 
[06Aug2026 20:28:11.853] [Server thread/WARN] [net.minecraftforge.common.ForgeConfigSpec/CORE]: Incorrect key kinetics.stressValues.v2.impact.weighted_ejector was corrected from null to its default, 2.0. 
[06Aug2026 20:28:11.854] [Server thread/WARN] [net.minecraftforge.common.ForgeConfigSpec/CORE]: Incorrect key kinetics.stressValues.v2.impact.chain_conveyor was corrected from null to its default, 1.0. 
[06Aug2026 20:28:11.856] [Server thread/WARN] [net.minecraftforge.common.ForgeConfigSpec/CORE]: Incorrect key kinetics.stressValues.v2.impact.mechanical_saw was corrected from null to its default, 4.0. 
[06Aug2026 20:28:11.858] [Server thread/WARN] [net.minecraftforge.common.ForgeConfigSpec/CORE]: Incorrect key kinetics.stressValues.v2.impact.flywheel was corrected from null to its default, 0.0. 
[06Aug2026 20:28:11.859] [Server thread/WARN] [net.minecraftforge.common.ForgeConfigSpec/CORE]: Incorrect key kinetics.stressValues.v2.impact.mechanical_piston was corrected from null to its default, 4.0. 
[06Aug2026 20:28:11.860] [Server thread/WARN] [net.minecraftforge.common.ForgeConfigSpec/CORE]: Incorrect key kinetics.stressValues.v2.impact.speedometer was corrected from null to its default, 0.0. 
[06Aug2026 20:28:11.861] [Server thread/WARN] [net.minecraftforge.common.ForgeConfigSpec/CORE]: Incorrect key kinetics.stressValues.v2.impact.brass_encased_cogwheel was corrected from null to its default, 0.0. 
[06Aug2026 20:28:11.862] [Server thread/WARN] [net.minecraftforge.common.ForgeConfigSpec/CORE]: Incorrect key kinetics.stressValues.v2.impact.clockwork_bearing was corrected from null to its default, 4.0. 
[06Aug2026 20:28:11.864] [Server thread/WARN] [net.minecraftforge.common.ForgeConfigSpec/CORE]: Incorrect key kinetics.stressValues.v2.impact.mechanical_press was corrected from null to its default, 8.0. 
[06Aug2026 20:28:11.866] [Server thread/WARN] [net.minecraftforge.common.ForgeConfigSpec/CORE]: Incorrect key kinetics.stressValues.v2.impact.mechanical_drill was corrected from null to its default, 4.0. 
[06Aug2026 20:28:11.867] [Server thread/WARN] [net.minecraftforge.common.ForgeConfigSpec/CORE]: Incorrect key kinetics.stressValues.v2.impact.andesite_encased_shaft was corrected from null to its default, 0.0. 
[06Aug2026 20:28:11.869] [Server thread/WARN] [net.minecraftforge.common.ForgeConfigSpec/CORE]: Incorrect key kinetics.stressValues.v2.impact.netherite_backtank was corrected from null to its default, 4.0. 
[06Aug2026 20:28:11.870] [Server thread/WARN] [net.minecraftforge.common.ForgeConfigSpec/CORE]: Incorrect key kinetics.stressValues.v2.impact.mechanical_arm was corrected from null to its default, 2.0. 
[06Aug2026 20:28:11.872] [Server thread/WARN] [net.minecraftforge.common.ForgeConfigSpec/CORE]: Incorrect key kinetics.stressValues.v2.impact.sequenced_gearshift was corrected from null to its default, 0.0. 
[06Aug2026 20:28:11.874] [Server thread/WARN] [net.minecraftforge.common.ForgeConfigSpec/CORE]: Incorrect key kinetics.stressValues.v2.impact.andesite_encased_large_cogwheel was corrected from null to its default, 0.0. 
[06Aug2026 20:28:11.876] [Server thread/WARN] [net.minecraftforge.common.ForgeConfigSpec/CORE]: Incorrect key kinetics.stressValues.v2.impact.shaft was corrected from null to its default, 0.0. 
[06Aug2026 20:28:11.877] [Server thread/WARN] [net.minecraftforge.common.ForgeConfigSpec/CORE]: Incorrect key kinetics.stressValues.v2.impact.cuckoo_clock was corrected from null to its default, 1.0. 
[06Aug2026 20:28:11.878] [Server thread/WARN] [net.minecraftforge.common.ForgeConfigSpec/CORE]: Incorrect key kinetics.stressValues.v2.impact.gearshift was corrected from null to its default, 0.0. 
[06Aug2026 20:28:11.879] [Server thread/WARN] [net.minecraftforge.common.ForgeConfigSpec/CORE]: Incorrect key kinetics.stressValues.v2.impact.rope_pulley was corrected from null to its default, 4.0. 
[06Aug2026 20:28:11.880] [Server thread/WARN] [net.minecraftforge.common.ForgeConfigSpec/CORE]: Incorrect key kinetics.stressValues.v2.impact.andesite_encased_cogwheel was corrected from null to its default, 0.0. 
[06Aug2026 20:28:11.882] [Server thread/WARN] [net.minecraftforge.common.ForgeConfigSpec/CORE]: Incorrect key kinetics.stressValues.v2.impact.large_cogwheel was corrected from null to its default, 0.0. 
[06Aug2026 20:28:11.883] [Server thread/WARN] [net.minecraftforge.common.ForgeConfigSpec/CORE]: Incorrect key kinetics.stressValues.v2.impact.encased_fan was corrected from null to its default, 2.0. 
[06Aug2026 20:28:11.884] [Server thread/WARN] [net.minecraftforge.common.ForgeConfigSpec/CORE]: Incorrect key kinetics.stressValues.v2.impact.mysterious_cuckoo_clock was corrected from null to its default, 1.0. 
[06Aug2026 20:28:11.885] [Server thread/WARN] [net.minecraftforge.common.ForgeConfigSpec/CORE]: Incorrect key kinetics.stressValues.v2.impact.gantry_shaft was corrected from null to its default, 0.0. 
[06Aug2026 20:28:11.887] [Server thread/WARN] [net.minecraftforge.common.ForgeConfigSpec/CORE]: Incorrect key kinetics.stressValues.v2.impact.mechanical_pump was corrected from null to its default, 4.0. 
[06Aug2026 20:28:11.889] [Server thread/WARN] [net.minecraftforge.common.ForgeConfigSpec/CORE]: Incorrect key kinetics.stressValues.v2.capacity was corrected from null to its default, SimpleCommentedConfig:{}. 
[06Aug2026 20:28:11.897] [Server thread/WARN] [net.minecraftforge.common.ForgeConfigSpec/CORE]: Incorrect key kinetics.stressValues.v2.capacity.steam_engine was corrected from null to its default, 1024.0. 
[06Aug2026 20:28:11.897] [Server thread/WARN] [net.minecraftforge.common.ForgeConfigSpec/CORE]: Incorrect key kinetics.stressValues.v2.capacity.water_wheel was corrected from null to its default, 32.0. 
[06Aug2026 20:28:11.897] [Server thread/WARN] [net.minecraftforge.common.ForgeConfigSpec/CORE]: Incorrect key kinetics.stressValues.v2.capacity.copper_valve_handle was corrected from null to its default, 8.0. 
[06Aug2026 20:28:11.898] [Server thread/WARN] [net.minecraftforge.common.ForgeConfigSpec/CORE]: Incorrect key kinetics.stressValues.v2.capacity.hand_crank was corrected from null to its default, 8.0. 
[06Aug2026 20:28:11.898] [Server thread/WARN] [net.minecraftforge.common.ForgeConfigSpec/CORE]: Incorrect key kinetics.stressValues.v2.capacity.creative_motor was corrected from null to its default, 16384.0. 
[06Aug2026 20:28:11.900] [Server thread/WARN] [net.minecraftforge.common.ForgeConfigSpec/CORE]: Incorrect key kinetics.stressValues.v2.capacity.large_water_wheel was corrected from null to its default, 128.0. 
[06Aug2026 20:28:11.920] [Server thread/WARN] [net.minecraftforge.common.ForgeConfigSpec/CORE]: Incorrect key kinetics.stressValues.v2.capacity.windmill_bearing was corrected from null to its default, 512.0. 
[06Aug2026 20:28:11.949] [Server thread/WARN] [net.minecraftforge.common.ForgeConfigSpec/CORE]: Incorrect key fluids was corrected from null to its default, SimpleCommentedConfig:{}. 
[06Aug2026 20:28:11.953] [Server thread/WARN] [net.minecraftforge.common.ForgeConfigSpec/CORE]: Incorrect key fluids.fluidTankCapacity was corrected from null to its default, 8. 
[06Aug2026 20:28:11.962] [Server thread/WARN] [net.minecraftforge.common.ForgeConfigSpec/CORE]: Incorrect key fluids.fluidTankMaxHeight was corrected from null to its default, 32. 
[06Aug2026 20:28:11.966] [Server thread/WARN] [net.minecraftforge.common.ForgeConfigSpec/CORE]: Incorrect key fluids.mechanicalPumpRange was corrected from null to its default, 16. 
[06Aug2026 20:28:11.967] [Server thread/WARN] [net.minecraftforge.common.ForgeConfigSpec/CORE]: Incorrect key fluids.hosePulleyRange was corrected from null to its default, 128. 
[06Aug2026 20:28:11.976] [Server thread/WARN] [net.minecraftforge.common.ForgeConfigSpec/CORE]: Incorrect key fluids.hosePulleyBlockThreshold was corrected from null to its default, 10000. 
[06Aug2026 20:28:11.982] [Server thread/WARN] [net.minecraftforge.common.ForgeConfigSpec/CORE]: Incorrect key fluids.fillInfinite was corrected from null to its default, false. 
[06Aug2026 20:28:11.987] [Server thread/WARN] [net.minecraftforge.common.ForgeConfigSpec/CORE]: Incorrect key fluids.bottomlessFluidMode was corrected from null to its default, ALLOW_BY_TAG. 
[06Aug2026 20:28:11.999] [Server thread/WARN] [net.minecraftforge.common.ForgeConfigSpec/CORE]: Incorrect key fluids.fluidFillPlaceFluidSourceBlocks was corrected from null to its default, true. 
[06Aug2026 20:28:12.004] [Server thread/WARN] [net.minecraftforge.common.ForgeConfigSpec/CORE]: Incorrect key fluids.pipesPlaceFluidSourceBlocks was corrected from null to its default, true. 
[06Aug2026 20:28:12.008] [Server thread/WARN] [net.minecraftforge.common.ForgeConfigSpec/CORE]: Incorrect key logistics was corrected from null to its default, SimpleCommentedConfig:{}. 
[06Aug2026 20:28:12.014] [Server thread/WARN] [net.minecraftforge.common.ForgeConfigSpec/CORE]: Incorrect key logistics.defaultExtractionTimer was corrected from null to its default, 8. 
[06Aug2026 20:28:12.014] [Server thread/WARN] [net.minecraftforge.common.ForgeConfigSpec/CORE]: Incorrect key logistics.psiTimeout was corrected from null to its default, 60. 
[06Aug2026 20:28:12.014] [Server thread/WARN] [net.minecraftforge.common.ForgeConfigSpec/CORE]: Incorrect key logistics.mechanicalArmRange was corrected from null to its default, 5. 
[06Aug2026 20:28:12.015] [Server thread/WARN] [net.minecraftforge.common.ForgeConfigSpec/CORE]: Incorrect key logistics.packagePortRange was corrected from null to its default, 5. 
[06Aug2026 20:28:12.023] [Server thread/WARN] [net.minecraftforge.common.ForgeConfigSpec/CORE]: Incorrect key logistics.linkRange was corrected from null to its default, 256. 
[06Aug2026 20:28:12.030] [Server thread/WARN] [net.minecraftforge.common.ForgeConfigSpec/CORE]: Incorrect key logistics.displayLinkRange was corrected from null to its default, 64. 
[06Aug2026 20:28:12.030] [Server thread/WARN] [net.minecraftforge.common.ForgeConfigSpec/CORE]: Incorrect key logistics.vaultCapacity was corrected from null to its default, 20. 
[06Aug2026 20:28:12.031] [Server thread/WARN] [net.minecraftforge.common.ForgeConfigSpec/CORE]: Incorrect key logistics.chainConveyorCapacity was corrected from null to its default, 20. 
[06Aug2026 20:28:12.046] [Server thread/WARN] [net.minecraftforge.common.ForgeConfigSpec/CORE]: Incorrect key logistics.brassTunnelTimer was corrected from null to its default, 10. 
[06Aug2026 20:28:12.050] [Server thread/WARN] [net.minecraftforge.common.ForgeConfigSpec/CORE]: Incorrect key logistics.factoryGaugeTimer was corrected from null to its default, 100. 
[06Aug2026 20:28:12.050] [Server thread/WARN] [net.minecraftforge.common.ForgeConfigSpec/CORE]: Incorrect key logistics.seatHostileMobs was corrected from null to its default, true. 
[06Aug2026 20:28:12.062] [Server thread/WARN] [net.minecraftforge.common.ForgeConfigSpec/CORE]: Incorrect key schematics was corrected from null to its default, SimpleCommentedConfig:{}. 
[06Aug2026 20:28:12.063] [Server thread/WARN] [net.minecraftforge.common.ForgeConfigSpec/CORE]: Incorrect key schematics.creativePrintIncludesAir was corrected from null to its default, false. 
[06Aug2026 20:28:12.067] [Server thread/WARN] [net.minecraftforge.common.ForgeConfigSpec/CORE]: Incorrect key schematics.maxSchematics was corrected from null to its default, 10. 
[06Aug2026 20:28:12.068] [Server thread/WARN] [net.minecraftforge.common.ForgeConfigSpec/CORE]: Incorrect key schematics.maxTotalSchematicSize was corrected from null to its default, 256. 
[06Aug2026 20:28:12.068] [Server thread/WARN] [net.minecraftforge.common.ForgeConfigSpec/CORE]: Incorrect key schematics.maxSchematicPacketSize was corrected from null to its default, 1024. 
[06Aug2026 20:28:12.080] [Server thread/WARN] [net.minecraftforge.common.ForgeConfigSpec/CORE]: Incorrect key schematics.schematicIdleTimeout was corrected from null to its default, 600. 
[06Aug2026 20:28:12.085] [Server thread/WARN] [net.minecraftforge.common.ForgeConfigSpec/CORE]: Incorrect key schematics.schematicannon was corrected from null to its default, SimpleCommentedConfig:{}. 
[06Aug2026 20:28:12.085] [Server thread/WARN] [net.minecraftforge.common.ForgeConfigSpec/CORE]: Incorrect key schematics.schematicannon.schematicannonDelay was corrected from null to its default, 10. 
[06Aug2026 20:28:12.085] [Server thread/WARN] [net.minecraftforge.common.ForgeConfigSpec/CORE]: Incorrect key schematics.schematicannon.schematicannonShotsPerGunpowder was corrected from null to its default, 400. 
[06Aug2026 20:28:12.101] [Server thread/WARN] [net.minecraftforge.common.ForgeConfigSpec/CORE]: Incorrect key equipment was corrected from null to its default, SimpleCommentedConfig:{}. 
[06Aug2026 20:28:12.104] [Server thread/WARN] [net.minecraftforge.common.ForgeConfigSpec/CORE]: Incorrect key equipment.maxSymmetryWandRange was corrected from null to its default, 50. 
[06Aug2026 20:28:12.106] [Server thread/WARN] [net.minecraftforge.common.ForgeConfigSpec/CORE]: Incorrect key equipment.placementAssistRange was corrected from null to its default, 12. 
[06Aug2026 20:28:12.111] [Server thread/WARN] [net.minecraftforge.common.ForgeConfigSpec/CORE]: Incorrect key equipment.toolboxRange was corrected from null to its default, 10. 
[06Aug2026 20:28:12.112] [Server thread/WARN] [net.minecraftforge.common.ForgeConfigSpec/CORE]: Incorrect key equipment.airInBacktank was corrected from null to its default, 900. 
[06Aug2026 20:28:12.112] [Server thread/WARN] [net.minecraftforge.common.ForgeConfigSpec/CORE]: Incorrect key equipment.enchantedBacktankCapacity was corrected from null to its default, 300. 
[06Aug2026 20:28:12.112] [Server thread/WARN] [net.minecraftforge.common.ForgeConfigSpec/CORE]: Incorrect key equipment.maxExtendoGripActions was corrected from null to its default, 1000. 
[06Aug2026 20:28:12.119] [Server thread/WARN] [net.minecraftforge.common.ForgeConfigSpec/CORE]: Incorrect key equipment.maxPotatoCannonShots was corrected from null to its default, 200. 
[06Aug2026 20:28:12.124] [Server thread/WARN] [net.minecraftforge.common.ForgeConfigSpec/CORE]: Incorrect key trains was corrected from null to its default, SimpleCommentedConfig:{}. 
[06Aug2026 20:28:12.132] [Server thread/WARN] [net.minecraftforge.common.ForgeConfigSpec/CORE]: Incorrect key trains.trainsCauseDamage was corrected from null to its default, true. 
[06Aug2026 20:28:12.140] [Server thread/WARN] [net.minecraftforge.common.ForgeConfigSpec/CORE]: Incorrect key trains.maxTrackPlacementLength was corrected from null to its default, 32. 
[06Aug2026 20:28:12.142] [Server thread/WARN] [net.minecraftforge.common.ForgeConfigSpec/CORE]: Incorrect key trains.maxAssemblyLength was corrected from null to its default, 128. 
[06Aug2026 20:28:12.142] [Server thread/WARN] [net.minecraftforge.common.ForgeConfigSpec/CORE]: Incorrect key trains.maxBogeyCount was corrected from null to its default, 20. 
[06Aug2026 20:28:12.142] [Server thread/WARN] [net.minecraftforge.common.ForgeConfigSpec/CORE]: Incorrect key trains.manualTrainSpeedModifier was corrected from null to its default, 0.75. 
[06Aug2026 20:28:12.143] [Server thread/WARN] [net.minecraftforge.common.ForgeConfigSpec/CORE]: Incorrect key trains.trainStats was corrected from null to its default, SimpleCommentedConfig:{}. 
[06Aug2026 20:28:12.143] [Server thread/WARN] [net.minecraftforge.common.ForgeConfigSpec/CORE]: Incorrect key trains.trainStats.trainTopSpeed was corrected from null to its default, 28.0. 
[06Aug2026 20:28:12.143] [Server thread/WARN] [net.minecraftforge.common.ForgeConfigSpec/CORE]: Incorrect key trains.trainStats.trainTurningTopSpeed was corrected from null to its default, 14.0. 
[06Aug2026 20:28:12.144] [Server thread/WARN] [net.minecraftforge.common.ForgeConfigSpec/CORE]: Incorrect key trains.trainStats.trainAcceleration was corrected from null to its default, 3.0. 
[06Aug2026 20:28:12.144] [Server thread/WARN] [net.minecraftforge.common.ForgeConfigSpec/CORE]: Incorrect key trains.poweredTrainStats was corrected from null to its default, SimpleCommentedConfig:{}. 
[06Aug2026 20:28:12.144] [Server thread/WARN] [net.minecraftforge.common.ForgeConfigSpec/CORE]: Incorrect key trains.poweredTrainStats.poweredTrainTopSpeed was corrected from null to its default, 40.0. 
[06Aug2026 20:28:12.144] [Server thread/WARN] [net.minecraftforge.common.ForgeConfigSpec/CORE]: Incorrect key trains.poweredTrainStats.poweredTrainTurningTopSpeed was corrected from null to its default, 20.0. 
[06Aug2026 20:28:12.145] [Server thread/WARN] [net.minecraftforge.common.ForgeConfigSpec/CORE]: Incorrect key trains.poweredTrainStats.poweredTrainAcceleration was corrected from null to its default, 3.0. 
[06Aug2026 20:28:12.160] [Server thread/WARN] [net.minecraftforge.common.ForgeConfigSpec/CORE]: Configuration file .\world\serverconfig\goatman-server.toml is not correct. Correcting
[06Aug2026 20:28:12.175] [Server thread/WARN] [net.minecraftforge.common.ForgeConfigSpec/CORE]: Incorrect key Timers was corrected from null to its default, SimpleCommentedConfig:{}. 
[06Aug2026 20:28:12.176] [Server thread/WARN] [net.minecraftforge.common.ForgeConfigSpec/CORE]: Incorrect key Timers.Spawn was corrected from null to its default, SimpleCommentedConfig:{}. 
[06Aug2026 20:28:12.176] [Server thread/WARN] [net.minecraftforge.common.ForgeConfigSpec/CORE]: Incorrect key Timers.Spawn.can_spawn_min was corrected from null to its default, 80. 
[06Aug2026 20:28:12.181] [Server thread/WARN] [net.minecraftforge.common.ForgeConfigSpec/CORE]: Incorrect key Timers.Spawn.can_spawn_max was corrected from null to its default, 150. 
[06Aug2026 20:28:12.190] [Server thread/WARN] [net.minecraftforge.common.ForgeConfigSpec/CORE]: Incorrect key Timers.Spawn.can_spawn_cooldown_chance was corrected from null to its default, 0.4. 
[06Aug2026 20:28:12.195] [Server thread/WARN] [net.minecraftforge.common.ForgeConfigSpec/CORE]: Incorrect key Timers.Spawn.can_spawn_cooldown was corrected from null to its default, 100. 
[06Aug2026 20:28:12.195] [Server thread/WARN] [net.minecraftforge.common.ForgeConfigSpec/CORE]: Incorrect key Timers.Noise was corrected from null to its default, SimpleCommentedConfig:{}. 
[06Aug2026 20:28:12.196] [Server thread/WARN] [net.minecraftforge.common.ForgeConfigSpec/CORE]: Incorrect key Timers.Noise.reset_noise_min was corrected from null to its default, 160. 
[06Aug2026 20:28:12.201] [Server thread/WARN] [net.minecraftforge.common.ForgeConfigSpec/CORE]: Incorrect key Timers.Noise.reset_noise_max was corrected from null to its default, 190. 
[06Aug2026 20:28:12.201] [Server thread/WARN] [net.minecraftforge.common.ForgeConfigSpec/CORE]: Incorrect key Timers.Leave was corrected from null to its default, SimpleCommentedConfig:{}. 
[06Aug2026 20:28:12.202] [Server thread/WARN] [net.minecraftforge.common.ForgeConfigSpec/CORE]: Incorrect key Timers.Leave.time_until_leave was corrected from null to its default, 500. 
[06Aug2026 20:28:12.202] [Server thread/WARN] [net.minecraftforge.common.ForgeConfigSpec/CORE]: Incorrect key Timers.Leave.time_until_leave_chase was corrected from null to its default, 30. 
[06Aug2026 20:28:12.213] [Server thread/WARN] [net.minecraftforge.common.ForgeConfigSpec/CORE]: Incorrect key Timers.surface_timer_multiplier was corrected from null to its default, 1.0. 
[06Aug2026 20:28:12.221] [Server thread/WARN] [net.minecraftforge.common.ForgeConfigSpec/CORE]: Incorrect key Spawn Conditions was corrected from null to its default, SimpleCommentedConfig:{}. 
[06Aug2026 20:28:12.229] [Server thread/WARN] [net.minecraftforge.common.ForgeConfigSpec/CORE]: Incorrect key Spawn Conditions.spawn_chance_per_tick was corrected from null to its default, 0.005. 
[06Aug2026 20:28:12.234] [Server thread/WARN] [net.minecraftforge.common.ForgeConfigSpec/CORE]: Incorrect key Spawn Conditions.spawn_height was corrected from null to its default, 500. 
[06Aug2026 20:28:12.234] [Server thread/WARN] [net.minecraftforge.common.ForgeConfigSpec/CORE]: Incorrect key Spawn Conditions.allow_surface_spawn was corrected from null to its default, true. 
[06Aug2026 20:28:12.234] [Server thread/WARN] [net.minecraftforge.common.ForgeConfigSpec/CORE]: Incorrect key Spawn Conditions.sky_light_level was corrected from null to its default, 15. 
[06Aug2026 20:28:12.234] [Server thread/WARN] [net.minecraftforge.common.ForgeConfigSpec/CORE]: Incorrect key Spawn Conditions.block_light_level was corrected from null to its default, 15. 
[06Aug2026 20:28:12.244] [Server thread/WARN] [net.minecraftforge.common.ForgeConfigSpec/CORE]: Incorrect key Spawn Conditions.maximum_amount was corrected from null to its default, 1. 
[06Aug2026 20:28:12.248] [Server thread/WARN] [net.minecraftforge.common.ForgeConfigSpec/CORE]: Incorrect key Spawn Conditions.spawn_distance was corrected from null to its default, 16. 
[06Aug2026 20:28:12.249] [Server thread/WARN] [net.minecraftforge.common.ForgeConfigSpec/CORE]: Incorrect key Spawn Conditions.check_path_to_spawn was corrected from null to its default, true. 
[06Aug2026 20:28:12.254] [Server thread/WARN] [net.minecraftforge.common.ForgeConfigSpec/CORE]: Incorrect key Spawn Conditions.Dimensions was corrected from null to its default, SimpleCommentedConfig:{}. 
[06Aug2026 20:28:12.261] [Server thread/WARN] [net.minecraftforge.common.ForgeConfigSpec/CORE]: Incorrect key Spawn Conditions.Dimensions.dimension_whitelist was corrected from null to its default, [minecraft:overworld]. 
[06Aug2026 20:28:12.262] [Server thread/WARN] [net.minecraftforge.common.ForgeConfigSpec/CORE]: Incorrect key Spawn Conditions.Biomes was corrected from null to its default, SimpleCommentedConfig:{}. 
[06Aug2026 20:28:12.262] [Server thread/WARN] [net.minecraftforge.common.ForgeConfigSpec/CORE]: Incorrect key Spawn Conditions.Biomes.override_biome_datapack_config was corrected from null to its default, true. 
[06Aug2026 20:28:12.262] [Server thread/WARN] [net.minecraftforge.common.ForgeConfigSpec/CORE]: Incorrect key Spawn Conditions.Biomes.surface_biomes_is_whitelist was corrected from null to its default, false. 
[06Aug2026 20:28:12.262] [Server thread/WARN] [net.minecraftforge.common.ForgeConfigSpec/CORE]: Incorrect key Spawn Conditions.Biomes.surface_biomes was corrected from null to its default, []. 
[06Aug2026 20:28:12.264] [Server thread/WARN] [net.minecraftforge.common.ForgeConfigSpec/CORE]: Incorrect key Behaviour was corrected from null to its default, SimpleCommentedConfig:{}. 
[06Aug2026 20:28:12.264] [Server thread/WARN] [net.minecraftforge.common.ForgeConfigSpec/CORE]: Incorrect key Behaviour.spotting_range was corrected from null to its default, 60. 
[06Aug2026 20:28:12.265] [Server thread/WARN] [net.minecraftforge.common.ForgeConfigSpec/CORE]: Incorrect key Behaviour.can_disable_shields was corrected from null to its default, true. 
[06Aug2026 20:28:12.265] [Server thread/WARN] [net.minecraftforge.common.ForgeConfigSpec/CORE]: Incorrect key Behaviour.can_climb was corrected from null to its default, true. 
[06Aug2026 20:28:12.265] [Server thread/WARN] [net.minecraftforge.common.ForgeConfigSpec/CORE]: Incorrect key Behaviour.can_break_door was corrected from null to its default, true. 
[06Aug2026 20:28:12.265] [Server thread/WARN] [net.minecraftforge.common.ForgeConfigSpec/CORE]: Incorrect key Behaviour.break_door_time was corrected from null to its default, 1. 
[06Aug2026 20:28:12.266] [Server thread/WARN] [net.minecraftforge.common.ForgeConfigSpec/CORE]: Incorrect key Behaviour.allow_riding was corrected from null to its default, false. 
[06Aug2026 20:28:12.266] [Server thread/WARN] [net.minecraftforge.common.ForgeConfigSpec/CORE]: Incorrect key Behaviour.target_invisible was corrected from null to its default, true. 
[06Aug2026 20:28:12.268] [Server thread/WARN] [net.minecraftforge.common.ForgeConfigSpec/CORE]: Incorrect key Attributes was corrected from null to its default, SimpleCommentedConfig:{}. 
[06Aug2026 20:28:12.270] [Server thread/WARN] [net.minecraftforge.common.ForgeConfigSpec/CORE]: Incorrect key Attributes.maximum_health was corrected from null to its default, 500.0. 
[06Aug2026 20:28:12.270] [Server thread/WARN] [net.minecraftforge.common.ForgeConfigSpec/CORE]: Incorrect key Attributes.attack_damage was corrected from null to its default, 6.0. 
[06Aug2026 20:28:12.271] [Server thread/WARN] [net.minecraftforge.common.ForgeConfigSpec/CORE]: Incorrect key Attributes.attack_speed was corrected from null to its default, 0.35. 
[06Aug2026 20:28:12.271] [Server thread/WARN] [net.minecraftforge.common.ForgeConfigSpec/CORE]: Incorrect key Attributes.movement_speed was corrected from null to its default, 0.5. 
[06Aug2026 20:28:12.279] [Server thread/WARN] [net.minecraftforge.common.ForgeConfigSpec/CORE]: Incorrect key Attributes.depth_strider_bonus was corrected from null to its default, 2.5. 
[06Aug2026 20:28:12.281] [Server thread/WARN] [net.minecraftforge.common.ForgeConfigSpec/CORE]: Incorrect key Misc was corrected from null to its default, SimpleCommentedConfig:{}. 
[06Aug2026 20:28:12.377] [Server thread/WARN] [net.minecraftforge.common.ForgeConfigSpec/CORE]: Incorrect key Misc.only_play_noise_to_target was corrected from null to its default, false. 
[06Aug2026 20:28:12.400] [Server thread/WARN] [net.minecraftforge.common.ForgeConfigSpec/CORE]: Configuration file .\world\serverconfig\the_boiled_one_reimagined-server.toml is not correct. Correcting
[06Aug2026 20:28:12.432] [Server thread/WARN] [net.minecraftforge.common.ForgeConfigSpec/CORE]: Incorrect key Delay Between Spawns was corrected from null to its default, SimpleCommentedConfig:{}. 
[06Aug2026 20:28:12.433] [Server thread/WARN] [net.minecraftforge.common.ForgeConfigSpec/CORE]: Incorrect key Delay Between Spawns.spawn_delay was corrected from null to its default, 6000.0. 
[06Aug2026 20:28:12.447] [Server thread/WARN] [net.minecraftforge.common.ForgeConfigSpec/CORE]: Incorrect key Daytime Spawning was corrected from null to its default, SimpleCommentedConfig:{}. 
[06Aug2026 20:28:12.448] [Server thread/WARN] [net.minecraftforge.common.ForgeConfigSpec/CORE]: Incorrect key Daytime Spawning.spawn_daytime was corrected from null to its default, false. 
[06Aug2026 20:28:12.459] [Server thread/WARN] [net.minecraftforge.common.ForgeConfigSpec/CORE]: Incorrect key Attack Delay After Spawn was corrected from null to its default, SimpleCommentedConfig:{}. 
[06Aug2026 20:28:12.463] [Server thread/WARN] [net.minecraftforge.common.ForgeConfigSpec/CORE]: Incorrect key Attack Delay After Spawn.min_attack_delay was corrected from null to its default, 1500.0. 
[06Aug2026 20:28:12.463] [Server thread/WARN] [net.minecraftforge.common.ForgeConfigSpec/CORE]: Incorrect key Attack Delay After Spawn.max_attack_delay was corrected from null to its default, 2000.0. 
[06Aug2026 20:28:12.470] [Server thread/WARN] [net.minecraftforge.common.ForgeConfigSpec/CORE]: Incorrect key Set Attack Damage was corrected from null to its default, SimpleCommentedConfig:{}. 
[06Aug2026 20:28:12.479] [Server thread/WARN] [net.minecraftforge.common.ForgeConfigSpec/CORE]: Incorrect key Set Attack Damage.attack_damage was corrected from null to its default, 200.0. 
[06Aug2026 20:28:12.480] [Server thread/WARN] [net.minecraftforge.common.ForgeConfigSpec/CORE]: Incorrect key Blood Rain Chance was corrected from null to its default, SimpleCommentedConfig:{}. 
[06Aug2026 20:28:12.484] [Server thread/WARN] [net.minecraftforge.common.ForgeConfigSpec/CORE]: Incorrect key Blood Rain Chance.blood_rain_chance was corrected from null to its default, 5000.0. 
[06Aug2026 20:28:12.498] [Server thread/WARN] [net.minecraftforge.common.ForgeConfigSpec/CORE]: Incorrect key Despawn Timer was corrected from null to its default, SimpleCommentedConfig:{}. 
[06Aug2026 20:28:12.506] [Server thread/WARN] [net.minecraftforge.common.ForgeConfigSpec/CORE]: Incorrect key Despawn Timer.despawn_time was corrected from null to its default, 800.0. 
[06Aug2026 20:28:12.514] [Server thread/WARN] [net.minecraftforge.common.ForgeConfigSpec/CORE]: Incorrect key Spawn Chance was corrected from null to its default, SimpleCommentedConfig:{}. 
[06Aug2026 20:28:12.524] [Server thread/WARN] [net.minecraftforge.common.ForgeConfigSpec/CORE]: Incorrect key Spawn Chance.spawn_chance was corrected from null to its default, 4000.0. 
[06Aug2026 20:28:12.533] [Server thread/WARN] [net.minecraftforge.common.ForgeConfigSpec/CORE]: Incorrect key Step Height was corrected from null to its default, SimpleCommentedConfig:{}. 
[06Aug2026 20:28:12.543] [Server thread/WARN] [net.minecraftforge.common.ForgeConfigSpec/CORE]: Incorrect key Step Height.step_height was corrected from null to its default, 10.0. 
[06Aug2026 20:28:12.550] [Server thread/WARN] [net.minecraftforge.common.ForgeConfigSpec/CORE]: Incorrect key Watching Chance When Player Sleeps was corrected from null to its default, SimpleCommentedConfig:{}. 
[06Aug2026 20:28:12.565] [Server thread/WARN] [net.minecraftforge.common.ForgeConfigSpec/CORE]: Incorrect key Watching Chance When Player Sleeps.watch_chance was corrected from null to its default, 0.2. 
[06Aug2026 20:28:12.576] [Server thread/WARN] [net.minecraftforge.common.ForgeConfigSpec/CORE]: Incorrect key Set Paralysis Effect Ticks after Watching was corrected from null to its default, SimpleCommentedConfig:{}. 
[06Aug2026 20:28:12.616] [Server thread/WARN] [net.minecraftforge.common.ForgeConfigSpec/CORE]: Incorrect key Set Paralysis Effect Ticks after Watching.paralysis_tick was corrected from null to its default, 300.0. 
[06Aug2026 20:28:22.090] [Server thread/INFO] [me.kall.duplicationless.data.EntityTracker/]: Duplicationless Entity Tracker has initialized successfully.
[06Aug2026 20:28:22.114] [Server thread/INFO] [Framework/]: Loading server configs...
[06Aug2026 20:28:23.975] [Server thread/INFO] [terrablender/]: Initialized TerraBlender biomes for level stem minecraft:overworld
[06Aug2026 20:28:23.993] [Server thread/INFO] [terrablender/]: Initialized TerraBlender biomes for level stem aether:the_aether
[06Aug2026 20:28:24.005] [Server thread/INFO] [terrablender/]: Initialized TerraBlender biomes for level stem minecraft:the_nether
[06Aug2026 20:28:24.031] [Server thread/INFO] [net.jadenxgamer.elysium_api.Elysium/]: ElysiumBiomeSource successfully initialized for minecraft:overworld
[06Aug2026 20:28:24.038] [Server thread/INFO] [net.jadenxgamer.elysium_api.Elysium/]: ElysiumBiomeSource successfully initialized for minecraft:the_nether
[06Aug2026 20:28:24.057] [Server thread/INFO] [net.minecraft.server.dedicated.DedicatedServer/]: Preparing level "world"
[06Aug2026 20:28:28.059] [Server thread/WARN] [net.arphex.ArphexMod/]: [WORLD LOAD] Dimension: minecraft:overworld
[06Aug2026 20:28:29.942] [Server thread/WARN] [mixin/]: Method overwrite conflict for removeIf in lithium.mixins.json:world.chunk_tickets.SortedArraySetMixin, previously written by org.embeddedt.modernfix.common.mixin.bugfix.paper_chunk_patches.SortedArraySetMixin. Skipping method.
[06Aug2026 20:29:56.011] [Worker-Main-1/WARN] [net.minecraft.world.level.levelgen.heightproviders.UniformHeight/]: Empty height range: [30 absolute--40 absolute]
[06Aug2026 20:30:29.088] [Worker-Main-1/INFO] [dev.corgitaco.featurerecycler.FeatureRecycler/]: Starting feature recycler...
[06Aug2026 20:31:12.976] [Worker-Main-1/INFO] [dev.corgitaco.featurerecycler.FeatureRecycler/]: Finished recycling features. Took 43873ms
[06Aug2026 20:31:17.753] [Worker-Main-1/WARN] [net.minecraft.world.entity.EntityType/]: Skipping Entity with id the_crystalized_geodes:ignotus_shard
[06Aug2026 20:31:17.777] [Worker-Main-1/WARN] [net.minecraft.world.entity.EntityType/]: Skipping Entity with id the_crystalized_geodes:ignotus_shard
[06Aug2026 20:31:17.784] [Worker-Main-1/WARN] [net.minecraft.world.entity.EntityType/]: Skipping Entity with id the_crystalized_geodes:ignotus_shard
[06Aug2026 20:31:17.803] [Worker-Main-1/WARN] [net.minecraft.world.entity.EntityType/]: Skipping Entity with id the_crystalized_geodes:ignotus_shard
[06Aug2026 20:31:17.817] [Worker-Main-1/WARN] [net.minecraft.world.entity.EntityType/]: Skipping Entity with id the_crystalized_geodes:ignotus_shard
[06Aug2026 20:31:17.820] [Worker-Main-1/WARN] [net.minecraft.world.entity.EntityType/]: Skipping Entity with id the_crystalized_geodes:ignotus_shard
[06Aug2026 20:31:23.962] [Server thread/INFO] [STDOUT/]: [com.st0x0ef.beyond_earth.common.util.Planets$CelestialBody:addChild:406]: Adding child phobos to mars
[06Aug2026 20:31:23.963] [Server thread/INFO] [STDOUT/]: [com.st0x0ef.beyond_earth.common.util.Planets$CelestialBody:addChild:406]: Adding child deimos to mars
[06Aug2026 20:31:23.972] [Server thread/INFO] [STDOUT/]: [com.st0x0ef.beyond_earth.common.util.Planets$CelestialBody:addChild:406]: Adding child moon to earth
[06Aug2026 20:31:23.981] [Server thread/INFO] [STDOUT/]: [com.st0x0ef.beyond_earth.common.util.Planets$CelestialBody:addChild:406]: Adding child mercury to sun
[06Aug2026 20:31:23.995] [Server thread/INFO] [STDOUT/]: [com.st0x0ef.beyond_earth.common.util.Planets$CelestialBody:addChild:406]: Adding child venus to sun
[06Aug2026 20:31:23.999] [Server thread/INFO] [STDOUT/]: [com.st0x0ef.beyond_earth.common.util.Planets$CelestialBody:addChild:406]: Adding child earth to sun
[06Aug2026 20:31:24.007] [Server thread/INFO] [STDOUT/]: [com.st0x0ef.beyond_earth.common.util.Planets$CelestialBody:addChild:406]: Adding child mars to sun
[06Aug2026 20:31:24.017] [Server thread/INFO] [STDOUT/]: [com.st0x0ef.beyond_earth.common.util.Planets$CelestialBody:addChild:406]: Adding child glacio to proxima_centauri
[06Aug2026 20:31:37.111] [Worker-Main-1/WARN] [net.minecraft.world.entity.EntityType/]: Skipping Entity with id the_crystalized_geodes:ignotus_shard
[06Aug2026 20:31:37.131] [Worker-Main-1/WARN] [net.minecraft.world.entity.EntityType/]: Skipping Entity with id the_crystalized_geodes:ignotus_shard
[06Aug2026 20:31:37.173] [Worker-Main-1/WARN] [net.minecraft.world.entity.EntityType/]: Skipping Entity with id the_crystalized_geodes:ignotus_shard
[06Aug2026 20:31:37.182] [Worker-Main-1/WARN] [net.minecraft.world.entity.EntityType/]: Skipping Entity with id the_crystalized_geodes:ignotus_shard
[06Aug2026 20:31:37.191] [Worker-Main-1/WARN] [net.minecraft.world.entity.EntityType/]: Skipping Entity with id the_crystalized_geodes:ignotus_shard
[06Aug2026 20:31:37.191] [Worker-Main-1/WARN] [net.minecraft.world.entity.EntityType/]: Skipping Entity with id the_crystalized_geodes:ignotus_shard
[06Aug2026 20:31:43.561] [Worker-Main-1/WARN] [net.minecraft.world.entity.EntityType/]: Skipping Entity with id cheese_cave:periculum_3
[06Aug2026 20:31:43.894] [Worker-Main-1/WARN] [net.minecraft.world.entity.EntityType/]: Skipping Entity with id cheese_cave:periculum_2
[06Aug2026 20:31:43.901] [Worker-Main-1/WARN] [net.minecraft.world.entity.EntityType/]: Skipping Entity with id cheese_cave:periculum_2
[06Aug2026 20:31:43.909] [Worker-Main-1/WARN] [net.minecraft.world.entity.EntityType/]: Skipping Entity with id cheese_cave:periculum_3
[06Aug2026 20:31:43.926] [Worker-Main-1/WARN] [net.minecraft.world.entity.EntityType/]: Skipping Entity with id cheese_cave:periculum_2
[06Aug2026 20:31:43.947] [Worker-Main-1/WARN] [net.minecraft.world.entity.EntityType/]: Skipping Entity with id cheese_cave:periculum_2
[06Aug2026 20:31:45.129] [Server thread/INFO] [incontrol/]: Reading rules from areas.json
[06Aug2026 20:31:45.152] [Server thread/INFO] [incontrol/]: Reading rules from spawn.json
[06Aug2026 20:31:45.167] [Server thread/INFO] [incontrol/]: Reading rules from summonaid.json
[06Aug2026 20:31:45.184] [Server thread/INFO] [incontrol/]: Reading rules from loot.json
[06Aug2026 20:31:45.194] [Server thread/INFO] [incontrol/]: Reading rules from experience.json
[06Aug2026 20:31:45.211] [Server thread/INFO] [incontrol/]: Reading rules from phases.json
[06Aug2026 20:31:45.235] [Server thread/INFO] [incontrol/]: Reading rules from effects.json
[06Aug2026 20:31:45.250] [Server thread/INFO] [incontrol/]: Reading rules from breakevents.json
[06Aug2026 20:31:45.261] [Server thread/INFO] [incontrol/]: Reading rules from placeevents.json
[06Aug2026 20:31:45.274] [Server thread/INFO] [incontrol/]: Reading rules from rightclicks.json
[06Aug2026 20:31:45.364] [Server thread/INFO] [incontrol/]: Reading rules from leftclicks.json
[06Aug2026 20:31:45.420] [Server thread/INFO] [incontrol/]: Reading rules from spawner.json
[06Aug2026 20:31:45.441] [Server thread/INFO] [incontrol/]: Reading rules from events.json
[06Aug2026 20:32:30.121] [Server thread/INFO] [biolith/]: Ignoring world 'feur_dimensional_skyland:dimensional_skyland'; unknown dimension type: feur_dimensional_skyland:dimensional_skyland
[06Aug2026 20:32:30.228] [Server thread/WARN] [net.arphex.ArphexMod/]: [WORLD LOAD] Dimension: feur_dimensional_skyland:dimensional_skyland
[06Aug2026 20:32:30.399] [Server thread/INFO] [biolith/]: Ignoring world 'good_nights_sleep:dream'; unknown dimension type: good_nights_sleep:dream
[06Aug2026 20:32:30.407] [Server thread/WARN] [net.arphex.ArphexMod/]: [WORLD LOAD] Dimension: good_nights_sleep:dream
[06Aug2026 20:32:30.459] [Server thread/INFO] [biolith/]: Ignoring world 'beyond_the_nether:beyond'; unknown dimension type: beyond_the_nether:beyond
[06Aug2026 20:32:30.472] [Server thread/WARN] [net.arphex.ArphexMod/]: [WORLD LOAD] Dimension: beyond_the_nether:beyond
[06Aug2026 20:32:30.563] [Server thread/INFO] [biolith/]: Ignoring world 'shadowlands:blood_forest'; unknown dimension type: shadowlands:blood_forest
[06Aug2026 20:32:30.573] [Server thread/WARN] [net.arphex.ArphexMod/]: [WORLD LOAD] Dimension: shadowlands:blood_forest
[06Aug2026 20:32:30.637] [Server thread/INFO] [biolith/]: Ignoring world 'elysiumjar:endlessdreamtp'; unknown dimension type: elysiumjar:endlessdreamtp
[06Aug2026 20:32:30.650] [Server thread/WARN] [net.arphex.ArphexMod/]: [WORLD LOAD] Dimension: elysiumjar:endlessdreamtp
[06Aug2026 20:32:30.750] [Server thread/INFO] [biolith/]: Ignoring world 'beyond_earth:mercury'; unknown dimension type: beyond_earth:mercury
[06Aug2026 20:32:30.768] [Server thread/WARN] [net.arphex.ArphexMod/]: [WORLD LOAD] Dimension: beyond_earth:mercury
[06Aug2026 20:32:30.886] [Server thread/INFO] [biolith/]: Ignoring world 'prehistoricfauna:jurassic'; unknown dimension type: prehistoricfauna:jurassic
[06Aug2026 20:32:30.899] [Server thread/WARN] [net.arphex.ArphexMod/]: [WORLD LOAD] Dimension: prehistoricfauna:jurassic
[06Aug2026 20:32:31.087] [Server thread/INFO] [biolith/]: Ignoring world 'beyond_earth:deimos'; unknown dimension type: beyond_earth:moon
[06Aug2026 20:32:31.130] [Server thread/WARN] [net.arphex.ArphexMod/]: [WORLD LOAD] Dimension: beyond_earth:deimos
[06Aug2026 20:32:31.179] [Server thread/INFO] [biolith/]: Ignoring world 'elysiumjar:heaventp'; unknown dimension type: elysiumjar:heaventp
[06Aug2026 20:32:31.240] [Server thread/WARN] [net.arphex.ArphexMod/]: [WORLD LOAD] Dimension: elysiumjar:heaventp
[06Aug2026 20:32:31.339] [Server thread/INFO] [biolith/]: Ignoring world 'elysiumjar:shallowtp'; unknown dimension type: elysiumjar:shallowtp
[06Aug2026 20:32:31.431] [Server thread/WARN] [net.arphex.ArphexMod/]: [WORLD LOAD] Dimension: elysiumjar:shallowtp
[06Aug2026 20:32:31.583] [Server thread/INFO] [biolith/]: Ignoring world 'the_bumblezone:the_bumblezone'; unknown dimension type: the_bumblezone:the_bumblezone
[06Aug2026 20:32:31.605] [Server thread/WARN] [net.arphex.ArphexMod/]: [WORLD LOAD] Dimension: the_bumblezone:the_bumblezone
[06Aug2026 20:32:31.691] [Server thread/INFO] [biolith/]: Ignoring world 'infinite_abyss:sixth_layer'; unknown dimension type: infinite_abyss:sixth_layer
[06Aug2026 20:32:31.700] [Server thread/WARN] [net.arphex.ArphexMod/]: [WORLD LOAD] Dimension: infinite_abyss:sixth_layer
[06Aug2026 20:32:31.915] [Server thread/INFO] [biolith/]: Ignoring world 'alex_caves_dimensions:magnetic_caves'; unknown dimension type: alex_caves_dimensions:magnetic_caves
[06Aug2026 20:32:31.925] [Server thread/WARN] [net.arphex.ArphexMod/]: [WORLD LOAD] Dimension: alex_caves_dimensions:magnetic_caves
[06Aug2026 20:32:31.982] [Server thread/INFO] [biolith/]: Ignoring world 'beyond_earth:moon_orbit'; unknown dimension type: beyond_earth:moon_orbit
[06Aug2026 20:32:32.012] [Server thread/WARN] [net.arphex.ArphexMod/]: [WORLD LOAD] Dimension: beyond_earth:moon_orbit
[06Aug2026 20:32:32.079] [Server thread/INFO] [biolith/]: Ignoring world 'elysiumjar:pitytp'; unknown dimension type: elysiumjar:pitytp
[06Aug2026 20:32:32.163] [Server thread/WARN] [net.arphex.ArphexMod/]: [WORLD LOAD] Dimension: elysiumjar:pitytp
[06Aug2026 20:32:32.562] [Server thread/INFO] [biolith/]: Ignoring world 'elysiumjar:churchtp'; unknown dimension type: elysiumjar:churchtp
[06Aug2026 20:32:32.580] [Server thread/WARN] [net.arphex.ArphexMod/]: [WORLD LOAD] Dimension: elysiumjar:churchtp
[06Aug2026 20:32:32.653] [Server thread/INFO] [biolith/]: Ignoring world 'beyond_earth:mars'; unknown dimension type: beyond_earth:mars
[06Aug2026 20:32:32.663] [Server thread/WARN] [net.arphex.ArphexMod/]: [WORLD LOAD] Dimension: beyond_earth:mars
[06Aug2026 20:32:32.687] [Server thread/INFO] [biolith/]: Ignoring world 'beyond_earth:earth_orbit'; unknown dimension type: beyond_earth:earth_orbit
[06Aug2026 20:32:32.699] [Server thread/WARN] [net.arphex.ArphexMod/]: [WORLD LOAD] Dimension: beyond_earth:earth_orbit
[06Aug2026 20:32:32.731] [Server thread/INFO] [biolith/]: Ignoring world 'elysiumjar:fleshtp'; unknown dimension type: elysiumjar:fleshtp
[06Aug2026 20:32:32.736] [Server thread/WARN] [net.arphex.ArphexMod/]: [WORLD LOAD] Dimension: elysiumjar:fleshtp
[06Aug2026 20:32:32.794] [Server thread/INFO] [biolith/]: Ignoring world 'elysiumjar:truegenesistp'; unknown dimension type: elysiumjar:truegenesistp
[06Aug2026 20:32:32.806] [Server thread/WARN] [net.arphex.ArphexMod/]: [WORLD LOAD] Dimension: elysiumjar:truegenesistp
[06Aug2026 20:32:32.880] [Server thread/INFO] [biolith/]: Ignoring world 'kostinas_the_underneath:underneath'; unknown dimension type: kostinas_the_underneath:underneath
[06Aug2026 20:32:32.938] [Server thread/WARN] [net.arphex.ArphexMod/]: [WORLD LOAD] Dimension: kostinas_the_underneath:underneath
[06Aug2026 20:32:33.065] [Server thread/INFO] [biolith/]: Ignoring world 'infinite_abyss:first_layer'; unknown dimension type: infinite_abyss:first_layer
[06Aug2026 20:32:33.125] [Server thread/WARN] [net.arphex.ArphexMod/]: [WORLD LOAD] Dimension: infinite_abyss:first_layer
[06Aug2026 20:32:33.225] [Server thread/INFO] [biolith/]: Ignoring world 'fallout_wastelands_:wastelands'; unknown dimension type: fallout_wastelands_:wastelands
[06Aug2026 20:32:33.240] [Server thread/WARN] [net.arphex.ArphexMod/]: [WORLD LOAD] Dimension: fallout_wastelands_:wastelands
[06Aug2026 20:32:33.430] [Server thread/INFO] [biolith/]: Ignoring world 'graveyard:past'; unknown dimension type: graveyard:past
[06Aug2026 20:32:38.028] [Server thread/WARN] [net.arphex.ArphexMod/]: [WORLD LOAD] Dimension: graveyard:past
[06Aug2026 20:32:38.242] [Server thread/INFO] [biolith/]: Ignoring world 'prehistoricfauna:cretaceous'; unknown dimension type: prehistoricfauna:cretaceous
[06Aug2026 20:32:38.263] [Server thread/WARN] [net.arphex.ArphexMod/]: [WORLD LOAD] Dimension: prehistoricfauna:cretaceous
[06Aug2026 20:32:38.951] [Server thread/INFO] [biolith/]: Ignoring world 'alex_caves_dimensions:toxic_caves'; unknown dimension type: alex_caves_dimensions:toxic_caves
[06Aug2026 20:32:39.716] [Server thread/WARN] [net.arphex.ArphexMod/]: [WORLD LOAD] Dimension: alex_caves_dimensions:toxic_caves
[06Aug2026 20:32:39.854] [Server thread/INFO] [biolith/]: Ignoring world 'infinite_abyss:fourth_layer'; unknown dimension type: infinite_abyss:fourth_layer
[06Aug2026 20:32:39.966] [Server thread/WARN] [net.arphex.ArphexMod/]: [WORLD LOAD] Dimension: infinite_abyss:fourth_layer
[06Aug2026 20:32:40.250] [Server thread/INFO] [biolith/]: Ignoring world 'theabyss:pocket_dimension'; unknown dimension type: theabyss:pocket_dimension
[06Aug2026 20:32:40.468] [Server thread/WARN] [net.arphex.ArphexMod/]: [WORLD LOAD] Dimension: theabyss:pocket_dimension
[06Aug2026 20:32:40.567] [Server thread/INFO] [biolith/]: Ignoring world 'the_starved_stalker:a_famished_world'; unknown dimension type: the_starved_stalker:a_famished_world
[06Aug2026 20:32:40.665] [Server thread/WARN] [net.arphex.ArphexMod/]: [WORLD LOAD] Dimension: the_starved_stalker:a_famished_world
[06Aug2026 20:32:40.847] [Server thread/INFO] [biolith/]: Ignoring world 'elysiumjar:demonstrationscenariotp'; unknown dimension type: elysiumjar:demonstrationscenariotp
[06Aug2026 20:32:40.858] [Server thread/WARN] [net.arphex.ArphexMod/]: [WORLD LOAD] Dimension: elysiumjar:demonstrationscenariotp
[06Aug2026 20:32:41.021] [Server thread/INFO] [biolith/]: Ignoring world 'elysiumjar:elysiu_mtp'; unknown dimension type: elysiumjar:elysiu_mtp
[06Aug2026 20:32:41.717] [Server thread/WARN] [net.arphex.ArphexMod/]: [WORLD LOAD] Dimension: elysiumjar:elysiu_mtp
[06Aug2026 20:32:42.070] [Server thread/INFO] [biolith/]: Ignoring world 'moolands:moolands'; unknown dimension type: moolands:moolands
[06Aug2026 20:32:42.648] [Server thread/WARN] [net.arphex.ArphexMod/]: [WORLD LOAD] Dimension: moolands:moolands
[06Aug2026 20:32:42.771] [Server thread/INFO] [biolith/]: Ignoring world 'elysiumjar:storeroomtp'; unknown dimension type: elysiumjar:storeroomtp
[06Aug2026 20:32:42.781] [Server thread/WARN] [net.arphex.ArphexMod/]: [WORLD LOAD] Dimension: elysiumjar:storeroomtp
[06Aug2026 20:32:42.806] [Server thread/INFO] [biolith/]: Ignoring world 'elysiumjar:shacklestp'; unknown dimension type: elysiumjar:shacklestp
[06Aug2026 20:32:42.817] [Server thread/WARN] [net.arphex.ArphexMod/]: [WORLD LOAD] Dimension: elysiumjar:shacklestp
[06Aug2026 20:32:42.963] [Server thread/INFO] [biolith/]: Ignoring world 'ror:the_factory'; unknown dimension type: ror:the_factory
[06Aug2026 20:32:42.977] [Server thread/WARN] [net.arphex.ArphexMod/]: [WORLD LOAD] Dimension: ror:the_factory
[06Aug2026 20:32:43.151] [Server thread/INFO] [biolith/]: Ignoring world 'beyond_earth:glacio'; unknown dimension type: beyond_earth:glacio
[06Aug2026 20:32:43.289] [Server thread/WARN] [net.arphex.ArphexMod/]: [WORLD LOAD] Dimension: beyond_earth:glacio
[06Aug2026 20:32:43.699] [Server thread/INFO] [biolith/]: Ignoring world 'elysiumjar:genesisphase_3tp'; unknown dimension type: elysiumjar:genesisphase_3tp
[06Aug2026 20:32:43.704] [Server thread/WARN] [net.arphex.ArphexMod/]: [WORLD LOAD] Dimension: elysiumjar:genesisphase_3tp
[06Aug2026 20:32:44.163] [Server thread/INFO] [biolith/]: Ignoring world 'beyond_earth:moon'; unknown dimension type: beyond_earth:moon
[06Aug2026 20:32:44.567] [Server thread/WARN] [net.arphex.ArphexMod/]: [WORLD LOAD] Dimension: beyond_earth:moon
[06Aug2026 20:32:45.546] [Server thread/INFO] [biolith/]: Ignoring world 'elysiumjar:suburbtp'; unknown dimension type: elysiumjar:suburbtp
[06Aug2026 20:32:45.927] [Server thread/WARN] [net.arphex.ArphexMod/]: [WORLD LOAD] Dimension: elysiumjar:suburbtp
[06Aug2026 20:32:46.156] [Server thread/INFO] [biolith/]: Ignoring world 'elysiumjar:gardentp'; unknown dimension type: elysiumjar:gardentp
[06Aug2026 20:32:46.172] [Server thread/WARN] [net.arphex.ArphexMod/]: [WORLD LOAD] Dimension: elysiumjar:gardentp
[06Aug2026 20:32:46.666] [Server thread/INFO] [biolith/]: Ignoring world 'the_afterdark:afterdark'; unknown dimension type: the_afterdark:afterdark
[06Aug2026 20:32:46.678] [Server thread/WARN] [net.arphex.ArphexMod/]: [WORLD LOAD] Dimension: the_afterdark:afterdark
[06Aug2026 20:32:47.020] [Server thread/INFO] [biolith/]: Ignoring world 'shadowlands:glowshroom_forest'; unknown dimension type: shadowlands:glowshroom_forest
[06Aug2026 20:32:47.941] [Server thread/WARN] [net.arphex.ArphexMod/]: [WORLD LOAD] Dimension: shadowlands:glowshroom_forest
[06Aug2026 20:32:48.069] [Server thread/INFO] [biolith/]: Ignoring world 'ror:neon_city'; unknown dimension type: ror:neon_city
[06Aug2026 20:32:48.617] [Server thread/WARN] [net.arphex.ArphexMod/]: [WORLD LOAD] Dimension: ror:neon_city
[06Aug2026 20:32:48.750] [Server thread/INFO] [biolith/]: Ignoring world 'elysiumjar:past_tp'; unknown dimension type: elysiumjar:past_tp
[06Aug2026 20:32:48.808] [Server thread/WARN] [net.arphex.ArphexMod/]: [WORLD LOAD] Dimension: elysiumjar:past_tp
[06Aug2026 20:32:49.449] [Server thread/WARN] [net.arphex.ArphexMod/]: [WORLD LOAD] Dimension: minecraft:the_end
[06Aug2026 20:32:49.580] [Server thread/INFO] [biolith/]: Ignoring world 'beyond_earth:deimos_orbit'; unknown dimension type: beyond_earth:moon_orbit
[06Aug2026 20:32:49.587] [Server thread/WARN] [net.arphex.ArphexMod/]: [WORLD LOAD] Dimension: beyond_earth:deimos_orbit
[06Aug2026 20:32:49.672] [Server thread/INFO] [biolith/]: Ignoring world 'elysiumjar:genesi_sphase_4tp'; unknown dimension type: elysiumjar:genesi_sphase_4tp
[06Aug2026 20:32:49.678] [Server thread/WARN] [net.arphex.ArphexMod/]: [WORLD LOAD] Dimension: elysiumjar:genesi_sphase_4tp
[06Aug2026 20:32:49.715] [Server thread/INFO] [biolith/]: Ignoring world 'elysiumjar:greenhousetp'; unknown dimension type: elysiumjar:greenhousetp
[06Aug2026 20:32:49.719] [Server thread/WARN] [net.arphex.ArphexMod/]: [WORLD LOAD] Dimension: elysiumjar:greenhousetp
[06Aug2026 20:32:49.808] [Server thread/INFO] [biolith/]: Ignoring world 'arphex:the_webrooms'; unknown dimension type: arphex:the_webrooms
[06Aug2026 20:32:49.812] [Server thread/WARN] [net.arphex.ArphexMod/]: [WORLD LOAD] Dimension: arphex:the_webrooms
[06Aug2026 20:32:49.862] [Server thread/INFO] [biolith/]: Ignoring world 'astral_dimension:setback'; unknown dimension type: astral_dimension:setback
[06Aug2026 20:32:49.872] [Server thread/WARN] [net.arphex.ArphexMod/]: [WORLD LOAD] Dimension: astral_dimension:setback
[06Aug2026 20:32:49.999] [Server thread/INFO] [biolith/]: Ignoring world 'elysiumjar:hallucinationtp'; unknown dimension type: elysiumjar:hallucinationtp
[06Aug2026 20:32:50.007] [Server thread/WARN] [net.arphex.ArphexMod/]: [WORLD LOAD] Dimension: elysiumjar:hallucinationtp
[06Aug2026 20:32:50.139] [Server thread/INFO] [biolith/]: Ignoring world 'alex_caves_dimensions:candy_cavity'; unknown dimension type: alex_caves_dimensions:candy_cavity
[06Aug2026 20:32:50.393] [Server thread/WARN] [net.arphex.ArphexMod/]: [WORLD LOAD] Dimension: alex_caves_dimensions:candy_cavity
[06Aug2026 20:32:50.731] [Server thread/INFO] [biolith/]: Ignoring world 'midnightlurker:the_void'; unknown dimension type: midnightlurker:the_void
[06Aug2026 20:32:50.740] [Server thread/WARN] [net.arphex.ArphexMod/]: [WORLD LOAD] Dimension: midnightlurker:the_void
[06Aug2026 20:32:50.907] [Server thread/INFO] [biolith/]: Ignoring world 'ror:flowerbed'; unknown dimension type: ror:flowerbed
[06Aug2026 20:32:50.985] [Server thread/WARN] [net.arphex.ArphexMod/]: [WORLD LOAD] Dimension: ror:flowerbed
[06Aug2026 20:32:51.031] [Server thread/INFO] [biolith/]: Ignoring world 'beyond_earth:glacio_orbit'; unknown dimension type: beyond_earth:glacio_orbit
[06Aug2026 20:32:51.117] [Server thread/WARN] [net.arphex.ArphexMod/]: [WORLD LOAD] Dimension: beyond_earth:glacio_orbit
[06Aug2026 20:32:51.403] [Server thread/INFO] [biolith/]: Ignoring world 'cheese_cave:good_hallucination'; unknown dimension type: cheese_cave:good_hallucination
[06Aug2026 20:32:51.423] [Server thread/WARN] [net.arphex.ArphexMod/]: [WORLD LOAD] Dimension: cheese_cave:good_hallucination
[06Aug2026 20:32:51.768] [Server thread/INFO] [biolith/]: Ignoring world 'theabyss:frost_world'; unknown dimension type: theabyss:frost_world
[06Aug2026 20:32:51.998] [Server thread/WARN] [net.arphex.ArphexMod/]: [WORLD LOAD] Dimension: theabyss:frost_world
[06Aug2026 20:32:52.167] [Server thread/INFO] [biolith/]: Ignoring world 'aerialhell:aerial_hell'; unknown dimension type: aerialhell:aerial_hell
[06Aug2026 20:32:52.171] [Server thread/WARN] [net.arphex.ArphexMod/]: [WORLD LOAD] Dimension: aerialhell:aerial_hell
[06Aug2026 20:32:52.248] [Server thread/INFO] [biolith/]: Ignoring world 'elysiumjar:peacefultp'; unknown dimension type: elysiumjar:peacefultp
[06Aug2026 20:32:52.253] [Server thread/WARN] [net.arphex.ArphexMod/]: [WORLD LOAD] Dimension: elysiumjar:peacefultp
[06Aug2026 20:32:52.296] [Server thread/INFO] [biolith/]: Ignoring world 'elysiumjar:eternaltp'; unknown dimension type: elysiumjar:eternaltp
[06Aug2026 20:32:52.300] [Server thread/WARN] [net.arphex.ArphexMod/]: [WORLD LOAD] Dimension: elysiumjar:eternaltp
[06Aug2026 20:32:52.380] [Server thread/INFO] [biolith/]: Ignoring world 'blue_skies:everdawn'; unknown dimension type: blue_skies:everdawn
[06Aug2026 20:32:52.384] [Server thread/WARN] [net.arphex.ArphexMod/]: [WORLD LOAD] Dimension: blue_skies:everdawn
[06Aug2026 20:32:52.446] [Server thread/INFO] [biolith/]: Ignoring world 'alex_caves_dimensions:primordial_caves'; unknown dimension type: alex_caves_dimensions:primordial_caves
[06Aug2026 20:32:52.451] [Server thread/WARN] [net.arphex.ArphexMod/]: [WORLD LOAD] Dimension: alex_caves_dimensions:primordial_caves
[06Aug2026 20:32:52.551] [Server thread/INFO] [biolith/]: Ignoring world 'nue:biome_test'; unknown dimension type: nue:biome_test
[06Aug2026 20:32:53.731] [Server thread/WARN] [net.arphex.ArphexMod/]: [WORLD LOAD] Dimension: nue:biome_test
[06Aug2026 20:32:54.338] [Server thread/INFO] [biolith/]: Ignoring world 'elysiumjar:demisetp'; unknown dimension type: elysiumjar:demisetp
[06Aug2026 20:32:54.438] [Server thread/WARN] [net.arphex.ArphexMod/]: [WORLD LOAD] Dimension: elysiumjar:demisetp
[06Aug2026 20:32:54.576] [Server thread/INFO] [biolith/]: Ignoring world 'elysiumjar:forever'; unknown dimension type: elysiumjar:forever
[06Aug2026 20:32:54.668] [Server thread/WARN] [net.arphex.ArphexMod/]: [WORLD LOAD] Dimension: elysiumjar:forever
[06Aug2026 20:32:55.043] [Server thread/INFO] [biolith/]: Ignoring world 'the_deep_void:deep_void'; unknown dimension type: the_deep_void:deep_void
[06Aug2026 20:32:55.135] [Server thread/WARN] [net.arphex.ArphexMod/]: [WORLD LOAD] Dimension: the_deep_void:deep_void
[06Aug2026 20:33:11.831] [Worker-Main-12/INFO] [dev.corgitaco.featurerecycler.FeatureRecycler/]: Starting feature recycler...
[06Aug2026 20:33:11.877] [Worker-Main-12/INFO] [dev.corgitaco.featurerecycler.FeatureRecycler/]: Finished recycling features. Took 44ms
[06Aug2026 20:33:25.404] [Server thread/INFO] [biolith/]: Ignoring world 'shadowlands:vellium'; unknown dimension type: shadowlands:vellium
[06Aug2026 20:33:25.415] [Server thread/WARN] [net.arphex.ArphexMod/]: [WORLD LOAD] Dimension: shadowlands:vellium
[06Aug2026 20:33:25.439] [Server thread/INFO] [biolith/]: Ignoring world 'beyond_earth:venus_orbit'; unknown dimension type: beyond_earth:venus_orbit
[06Aug2026 20:33:25.447] [Server thread/WARN] [net.arphex.ArphexMod/]: [WORLD LOAD] Dimension: beyond_earth:venus_orbit
[06Aug2026 20:33:25.475] [Server thread/INFO] [biolith/]: Ignoring world 'elysiumjar:tearingtp'; unknown dimension type: elysiumjar:tearingtp
[06Aug2026 20:33:25.484] [Server thread/WARN] [net.arphex.ArphexMod/]: [WORLD LOAD] Dimension: elysiumjar:tearingtp
[06Aug2026 20:33:25.503] [Server thread/INFO] [biolith/]: Ignoring world 'beyond_earth:mars_orbit'; unknown dimension type: beyond_earth:mars_orbit
[06Aug2026 20:33:25.516] [Server thread/WARN] [net.arphex.ArphexMod/]: [WORLD LOAD] Dimension: beyond_earth:mars_orbit
[06Aug2026 20:33:25.539] [Server thread/INFO] [biolith/]: Ignoring world 'elysiumjar:stonetunneltp'; unknown dimension type: elysiumjar:stonetunneltp
[06Aug2026 20:33:25.549] [Server thread/WARN] [net.arphex.ArphexMod/]: [WORLD LOAD] Dimension: elysiumjar:stonetunneltp
[06Aug2026 20:33:25.569] [Server thread/INFO] [biolith/]: Ignoring world 'ror:cyberland'; unknown dimension type: ror:cyberland
[06Aug2026 20:33:25.580] [Server thread/WARN] [net.arphex.ArphexMod/]: [WORLD LOAD] Dimension: ror:cyberland
[06Aug2026 20:33:25.601] [Server thread/INFO] [biolith/]: Ignoring world 'infinite_abyss:fifth_layer'; unknown dimension type: infinite_abyss:fifth_layer
[06Aug2026 20:33:25.612] [Server thread/WARN] [net.arphex.ArphexMod/]: [WORLD LOAD] Dimension: infinite_abyss:fifth_layer
[06Aug2026 20:33:25.643] [Server thread/INFO] [biolith/]: Ignoring world 'aether:the_aether'; unknown dimension type: aether:the_aether
[06Aug2026 20:33:25.719] [Server thread/WARN] [net.arphex.ArphexMod/]: [WORLD LOAD] Dimension: aether:the_aether
[06Aug2026 20:33:25.779] [Server thread/INFO] [biolith/]: Ignoring world 'elysiumjar:promisedlandofmemorytp'; unknown dimension type: elysiumjar:promisedlandofmemorytp
[06Aug2026 20:33:25.782] [Server thread/WARN] [net.arphex.ArphexMod/]: [WORLD LOAD] Dimension: elysiumjar:promisedlandofmemorytp
[06Aug2026 20:33:25.801] [Server thread/INFO] [biolith/]: Ignoring world 'undergarden:undergarden'; unknown dimension type: undergarden:undergarden
[06Aug2026 20:33:25.815] [Server thread/WARN] [net.arphex.ArphexMod/]: [WORLD LOAD] Dimension: undergarden:undergarden
[06Aug2026 20:33:25.862] [Server thread/INFO] [biolith/]: Ignoring world 'the_deep_void:the_pit'; unknown dimension type: the_deep_void:the_pit
[06Aug2026 20:33:25.866] [Server thread/WARN] [net.arphex.ArphexMod/]: [WORLD LOAD] Dimension: the_deep_void:the_pit
[06Aug2026 20:33:25.926] [Server thread/INFO] [biolith/]: Ignoring world 'astral_dimension:astral_dimension'; unknown dimension type: astral_dimension:astral_dimension
[06Aug2026 20:33:25.930] [Server thread/WARN] [net.arphex.ArphexMod/]: [WORLD LOAD] Dimension: astral_dimension:astral_dimension
[06Aug2026 20:33:25.956] [Server thread/INFO] [biolith/]: Ignoring world 'elysiumjar:chinesetombtp'; unknown dimension type: elysiumjar:chinesetombtp
[06Aug2026 20:33:25.968] [Server thread/WARN] [net.arphex.ArphexMod/]: [WORLD LOAD] Dimension: elysiumjar:chinesetombtp
[06Aug2026 20:33:25.999] [Server thread/INFO] [biolith/]: Ignoring world 'elysiumjar:endlesshousetp'; unknown dimension type: elysiumjar:endlesshousetp
[06Aug2026 20:33:26.011] [Server thread/WARN] [net.arphex.ArphexMod/]: [WORLD LOAD] Dimension: elysiumjar:endlesshousetp
[06Aug2026 20:33:26.072] [Server thread/INFO] [biolith/]: Ignoring world 'tr_slender:slender_gamemode'; unknown dimension type: tr_slender:slender_gamemode
[06Aug2026 20:33:26.088] [Server thread/WARN] [net.arphex.ArphexMod/]: [WORLD LOAD] Dimension: tr_slender:slender_gamemode
[06Aug2026 20:33:26.112] [Server thread/INFO] [biolith/]: Ignoring world 'elysiumjar:librarytp'; unknown dimension type: elysiumjar:librarytp
[06Aug2026 20:33:26.120] [Server thread/WARN] [net.arphex.ArphexMod/]: [WORLD LOAD] Dimension: elysiumjar:librarytp
[06Aug2026 20:33:26.148] [Server thread/INFO] [biolith/]: Ignoring world 'the_obsessed:obsessed_lair'; unknown dimension type: the_obsessed:obsessed_lair
[06Aug2026 20:33:26.171] [Server thread/WARN] [net.arphex.ArphexMod/]: [WORLD LOAD] Dimension: the_obsessed:obsessed_lair
[06Aug2026 20:33:26.308] [Server thread/INFO] [biolith/]: Ignoring world 'midnight:the_midnight'; unknown dimension type: midnight:the_midnight
[06Aug2026 20:33:26.351] [Server thread/WARN] [net.arphex.ArphexMod/]: [WORLD LOAD] Dimension: midnight:the_midnight
[06Aug2026 20:33:26.538] [Server thread/INFO] [biolith/]: Ignoring world 'ror:prismacon'; unknown dimension type: ror:prismacon
[06Aug2026 20:33:26.543] [Server thread/WARN] [net.arphex.ArphexMod/]: [WORLD LOAD] Dimension: ror:prismacon
[06Aug2026 20:33:26.788] [Server thread/INFO] [biolith/]: Ignoring world 'elysiumjar:mazetp'; unknown dimension type: elysiumjar:mazetp
[06Aug2026 20:33:26.827] [Server thread/WARN] [net.arphex.ArphexMod/]: [WORLD LOAD] Dimension: elysiumjar:mazetp
[06Aug2026 20:33:26.898] [Server thread/INFO] [biolith/]: Ignoring world 'elysiumjar:schooltp'; unknown dimension type: elysiumjar:schooltp
[06Aug2026 20:33:26.997] [Server thread/WARN] [net.arphex.ArphexMod/]: [WORLD LOAD] Dimension: elysiumjar:schooltp
[06Aug2026 20:33:27.071] [Server thread/INFO] [biolith/]: Ignoring world 'porkyslegacy_eoc:samside'; unknown dimension type: porkyslegacy_eoc:samside
[06Aug2026 20:33:27.076] [Server thread/WARN] [net.arphex.ArphexMod/]: [WORLD LOAD] Dimension: porkyslegacy_eoc:samside
[06Aug2026 20:33:27.220] [Server thread/INFO] [biolith/]: Ignoring world 'theabyss:the_abyss'; unknown dimension type: theabyss:the_abyss
[06Aug2026 20:33:27.481] [Server thread/WARN] [net.arphex.ArphexMod/]: [WORLD LOAD] Dimension: theabyss:the_abyss
[06Aug2026 20:33:27.593] [Server thread/INFO] [biolith/]: Ignoring world 'aliencraft_kepler:kepler_22b'; unknown dimension type: aliencraft_kepler:kepler_22b
[06Aug2026 20:33:27.595] [Server thread/WARN] [net.arphex.ArphexMod/]: [WORLD LOAD] Dimension: aliencraft_kepler:kepler_22b
[06Aug2026 20:33:27.642] [Server thread/INFO] [biolith/]: Ignoring world 'elysiumjar:spacioustp'; unknown dimension type: elysiumjar:spacioustp
[06Aug2026 20:33:27.645] [Server thread/WARN] [net.arphex.ArphexMod/]: [WORLD LOAD] Dimension: elysiumjar:spacioustp
[06Aug2026 20:33:27.771] [Server thread/INFO] [biolith/]: Ignoring world 'alex_caves_dimensions:forlorn_hollows'; unknown dimension type: alex_caves_dimensions:forlorn_hollows
[06Aug2026 20:33:27.774] [Server thread/WARN] [net.arphex.ArphexMod/]: [WORLD LOAD] Dimension: alex_caves_dimensions:forlorn_hollows
[06Aug2026 20:33:27.839] [Server thread/INFO] [biolith/]: Ignoring world 'infinite_abyss:seventh_layer'; unknown dimension type: infinite_abyss:seventh_layer
[06Aug2026 20:33:27.843] [Server thread/WARN] [net.arphex.ArphexMod/]: [WORLD LOAD] Dimension: infinite_abyss:seventh_layer
[06Aug2026 20:33:27.935] [Server thread/INFO] [biolith/]: Ignoring world 'twilightforest:twilight_forest'; unknown dimension type: twilightforest:twilight_forest_type
[06Aug2026 20:33:27.937] [Server thread/WARN] [net.arphex.ArphexMod/]: [WORLD LOAD] Dimension: twilightforest:twilight_forest
[06Aug2026 20:33:28.087] [Server thread/INFO] [biolith/]: Ignoring world 'good_nights_sleep:nightmare'; unknown dimension type: good_nights_sleep:nightmare
[06Aug2026 20:33:28.090] [Server thread/WARN] [net.arphex.ArphexMod/]: [WORLD LOAD] Dimension: good_nights_sleep:nightmare
[06Aug2026 20:33:28.139] [Server thread/INFO] [biolith/]: Ignoring world 'elysiumjar:torturetp'; unknown dimension type: elysiumjar:torturetp
[06Aug2026 20:33:28.141] [Server thread/WARN] [net.arphex.ArphexMod/]: [WORLD LOAD] Dimension: elysiumjar:torturetp
[06Aug2026 20:33:28.183] [Server thread/INFO] [biolith/]: Ignoring world 'elysiumjar:existtp'; unknown dimension type: elysiumjar:existtp
[06Aug2026 20:33:28.185] [Server thread/WARN] [net.arphex.ArphexMod/]: [WORLD LOAD] Dimension: elysiumjar:existtp
[06Aug2026 20:33:28.274] [Server thread/INFO] [biolith/]: Ignoring world 'blue_skies:everbright'; unknown dimension type: blue_skies:everbright
[06Aug2026 20:33:28.277] [Server thread/WARN] [net.arphex.ArphexMod/]: [WORLD LOAD] Dimension: blue_skies:everbright
[06Aug2026 20:33:28.331] [Server thread/INFO] [biolith/]: Ignoring world 'beyond_earth:phobos_orbit'; unknown dimension type: beyond_earth:moon_orbit
[06Aug2026 20:33:28.333] [Server thread/WARN] [net.arphex.ArphexMod/]: [WORLD LOAD] Dimension: beyond_earth:phobos_orbit
[06Aug2026 20:33:28.425] [Server thread/INFO] [biolith/]: Ignoring world 'elysiumjar:genesisphase_2tp'; unknown dimension type: elysiumjar:genesisphase_2tp
[06Aug2026 20:33:28.428] [Server thread/WARN] [net.arphex.ArphexMod/]: [WORLD LOAD] Dimension: elysiumjar:genesisphase_2tp
[06Aug2026 20:33:28.605] [Server thread/INFO] [biolith/]: Ignoring world 'elysiumjar:genesisphase_1tp'; unknown dimension type: elysiumjar:genesisphase_1tp
[06Aug2026 20:33:28.615] [Server thread/WARN] [net.arphex.ArphexMod/]: [WORLD LOAD] Dimension: elysiumjar:genesisphase_1tp
[06Aug2026 20:33:28.655] [Server thread/INFO] [biolith/]: Ignoring world 'prehistoricfauna:triassic'; unknown dimension type: prehistoricfauna:triassic
[06Aug2026 20:33:28.659] [Server thread/WARN] [net.arphex.ArphexMod/]: [WORLD LOAD] Dimension: prehistoricfauna:triassic
[06Aug2026 20:33:28.709] [Server thread/INFO] [biolith/]: Ignoring world 'elysiumjar:comfortzonetp'; unknown dimension type: elysiumjar:comfortzonetp
[06Aug2026 20:33:28.712] [Server thread/WARN] [net.arphex.ArphexMod/]: [WORLD LOAD] Dimension: elysiumjar:comfortzonetp
[06Aug2026 20:33:28.763] [Server thread/INFO] [biolith/]: Ignoring world 'deeperdarker:otherside'; unknown dimension type: deeperdarker:otherside
[06Aug2026 20:33:28.765] [Server thread/WARN] [net.arphex.ArphexMod/]: [WORLD LOAD] Dimension: deeperdarker:otherside
[06Aug2026 20:33:28.848] [Server thread/INFO] [biolith/]: Ignoring world 'arphex:the_crawling'; unknown dimension type: arphex:the_crawling
[06Aug2026 20:33:28.851] [Server thread/WARN] [net.arphex.ArphexMod/]: [WORLD LOAD] Dimension: arphex:the_crawling
[06Aug2026 20:33:28.984] [Server thread/INFO] [biolith/]: Ignoring world 'thelunaris:lunarisdim'; unknown dimension type: thelunaris:lunarisdim_type
[06Aug2026 20:33:28.986] [Server thread/WARN] [net.arphex.ArphexMod/]: [WORLD LOAD] Dimension: thelunaris:lunarisdim
[06Aug2026 20:33:29.041] [Server thread/INFO] [biolith/]: Ignoring world 'elysiumjar:perfectiontp'; unknown dimension type: elysiumjar:perfectiontp
[06Aug2026 20:33:29.044] [Server thread/WARN] [net.arphex.ArphexMod/]: [WORLD LOAD] Dimension: elysiumjar:perfectiontp
[06Aug2026 20:33:29.104] [Server thread/INFO] [biolith/]: Ignoring world 'beyond_earth:venus'; unknown dimension type: beyond_earth:venus
[06Aug2026 20:33:29.107] [Server thread/WARN] [net.arphex.ArphexMod/]: [WORLD LOAD] Dimension: beyond_earth:venus
[06Aug2026 20:33:29.185] [Server thread/INFO] [biolith/]: Ignoring world 'toybox:toybox'; unknown dimension type: toybox:toybox
[06Aug2026 20:33:29.187] [Server thread/WARN] [net.arphex.ArphexMod/]: [WORLD LOAD] Dimension: toybox:toybox
[06Aug2026 20:33:29.272] [Server thread/INFO] [biolith/]: Ignoring world 'alex_caves_dimensions:abyssal_chasm'; unknown dimension type: alex_caves_dimensions:abyssal_chasm
[06Aug2026 20:33:29.280] [Server thread/WARN] [net.arphex.ArphexMod/]: [WORLD LOAD] Dimension: alex_caves_dimensions:abyssal_chasm
[06Aug2026 20:33:29.343] [Server thread/INFO] [biolith/]: Ignoring world 'voidscape:void'; unknown dimension type: voidscape:void
[06Aug2026 20:33:29.346] [Server thread/WARN] [net.arphex.ArphexMod/]: [WORLD LOAD] Dimension: voidscape:void
[06Aug2026 20:33:29.600] [Server thread/INFO] [biolith/]: Ignoring world 'beyond_earth:mercury_orbit'; unknown dimension type: beyond_earth:mercury_orbit
[06Aug2026 20:33:29.602] [Server thread/WARN] [net.arphex.ArphexMod/]: [WORLD LOAD] Dimension: beyond_earth:mercury_orbit
[06Aug2026 20:33:29.665] [Server thread/INFO] [biolith/]: Ignoring world 'elysiumjar:endlesscavetp'; unknown dimension type: elysiumjar:endlesscavetp
[06Aug2026 20:33:29.667] [Server thread/WARN] [net.arphex.ArphexMod/]: [WORLD LOAD] Dimension: elysiumjar:endlesscavetp
[06Aug2026 20:33:29.712] [Server thread/INFO] [biolith/]: Ignoring world 'elysiumjar:mourningtp'; unknown dimension type: elysiumjar:mourningtp
[06Aug2026 20:33:29.714] [Server thread/WARN] [net.arphex.ArphexMod/]: [WORLD LOAD] Dimension: elysiumjar:mourningtp
[06Aug2026 20:33:29.873] [Server thread/INFO] [biolith/]: Ignoring world 'elysiumjar:wormtunneltp'; unknown dimension type: elysiumjar:wormtunneltp
[06Aug2026 20:33:29.909] [Server thread/WARN] [net.arphex.ArphexMod/]: [WORLD LOAD] Dimension: elysiumjar:wormtunneltp
[06Aug2026 20:33:30.014] [Server thread/INFO] [biolith/]: Ignoring world 'beyond_earth:phobos'; unknown dimension type: beyond_earth:moon
[06Aug2026 20:33:30.061] [Server thread/WARN] [net.arphex.ArphexMod/]: [WORLD LOAD] Dimension: beyond_earth:phobos
[06Aug2026 20:33:30.190] [Server thread/INFO] [biolith/]: Ignoring world 'shadowlands:shadow_forest'; unknown dimension type: shadowlands:shadow_forest
[06Aug2026 20:33:30.193] [Server thread/WARN] [net.arphex.ArphexMod/]: [WORLD LOAD] Dimension: shadowlands:shadow_forest
[06Aug2026 20:33:30.264] [Server thread/WARN] [net.arphex.ArphexMod/]: [WORLD LOAD] Dimension: minecraft:the_nether
[06Aug2026 20:33:30.349] [Server thread/INFO] [biolith/]: Ignoring world 'elysiumjar:liminaltp'; unknown dimension type: elysiumjar:liminaltp
[06Aug2026 20:33:30.351] [Server thread/WARN] [net.arphex.ArphexMod/]: [WORLD LOAD] Dimension: elysiumjar:liminaltp
[06Aug2026 20:33:30.531] [Server thread/INFO] [biolith/]: Ignoring world 'theabyss:spectral_world'; unknown dimension type: theabyss:spectral_world
[06Aug2026 20:33:30.534] [Server thread/WARN] [net.arphex.ArphexMod/]: [WORLD LOAD] Dimension: theabyss:spectral_world
[06Aug2026 20:33:30.585] [Server thread/INFO] [biolith/]: Ignoring world 'elysiumjar:sewertp'; unknown dimension type: elysiumjar:sewertp
[06Aug2026 20:33:30.587] [Server thread/WARN] [net.arphex.ArphexMod/]: [WORLD LOAD] Dimension: elysiumjar:sewertp
[06Aug2026 20:33:30.708] [Server thread/INFO] [biolith/]: Ignoring world 'infinite_abyss:second_layer'; unknown dimension type: infinite_abyss:second_layer
[06Aug2026 20:33:30.712] [Server thread/WARN] [net.arphex.ArphexMod/]: [WORLD LOAD] Dimension: infinite_abyss:second_layer
[06Aug2026 20:33:30.892] [Server thread/WARN] [com.structureessentials.StructureEssentials/]: Non-unique structure_set salt:0 potentially creating overlapping structures detected. Structure sets: [twilightforest:dark_tower, twilightforest:final_castle, twilightforest:large_hollow_hill, twilightforest:mushroom_tower, twilightforest:hedge_maze, twilightforest:aurora_palace, twilightforest:labyrinth, twilightforest:naga_courtyard, twilightforest:lich_tower, twilightforest:yeti_cave, twilightforest:quest_grove, twilightforest:small_hollow_hill, minecraft:strongholds, twilightforest:troll_cave, twilightforest:medium_hollow_hill, twilightforest:knight_stronghold, twilightforest:hydra_lair]
[06Aug2026 20:33:31.003] [Server thread/INFO] [net.regions_unexplored.RegionsUnexploredMod/]: Loading dimension "minecraft:the_nether" with biome source: "blueprint:modded".
[06Aug2026 20:33:31.015] [Server thread/INFO] [Ksyxis/MinecraftServerMixin/MOD_KSYXIS]: Ksyxis: Speeding up the world loading... Delete the mod, if it got stuck after this message. (net.minecraft.server.dedicated.DedicatedServer m_129940_)
[06Aug2026 20:33:31.038] [Server thread/INFO] [net.minecraft.server.MinecraftServer/]: Preparing start region for dimension minecraft:overworld
[06Aug2026 20:33:31.274] [Server thread/INFO] [net.minecraft.server.level.progress.LoggerChunkProgressListener/]: Time elapsed: 189 ms
[06Aug2026 20:33:31.280] [Server thread/INFO] [net.minecraft.server.dedicated.DedicatedServer/]: Done (325.147s)! For help, type "help"
[06Aug2026 20:33:33.261] [Server thread/INFO] [net.minecraftforge.server.permission.PermissionAPI/]: Successfully initialized permission handler forge:default_handler
[06Aug2026 20:33:33.386] [Server thread/INFO] [blueduck.blighted_beasts.BlightedBeasts/]: HELLO from server starting
[06Aug2026 20:33:33.409] [Server thread/INFO] [net.ttttoooo.thelunaris.TheLunaris/]: HELLO from Lunaris server starting
[06Aug2026 20:33:33.426] [Server thread/INFO] [net.witherbean.mistmod.TheyWatchFromTheMist/]: HELLO from server starting
[06Aug2026 20:33:33.430] [Server thread/INFO] [com.va11halla.casualness_delight.Casualness_Delight/]: HELLO from server starting
[06Aug2026 20:33:33.563] [Server thread/INFO] [evilcraft/]: Loading infobook /data/evilcraft/info/book.xml
[06Aug2026 20:33:34.257] [Server thread/WARN] [evilcraft/]: Invalid appendix info_book.evilcraft.second_age.tools.broom from mod evilcraft in an infobook: The broom modifier evilcraft:witherer has no valid items
[06Aug2026 20:33:34.338] [Server thread/WARN] [evilcraft/]: Invalid appendix info_book.evilcraft.second_age.tools.broom from mod evilcraft in an infobook: The broom modifier evilcraft:hungerer has no valid items
[06Aug2026 20:33:34.451] [Server thread/WARN] [evilcraft/]: Invalid appendix info_book.evilcraft.second_age.tools.broom from mod evilcraft in an infobook: The broom modifier evilcraft:kamikaze has no valid items
[06Aug2026 20:33:34.559] [Server thread/WARN] [evilcraft/]: Invalid appendix info_book.evilcraft.second_age.tools.broom from mod evilcraft in an infobook: The broom modifier evilcraft:withershield has no valid items
[06Aug2026 20:33:35.365] [Server thread/INFO] [cyclopscore/]: Loading infobook /data/cyclopscore/info/test.xml
[06Aug2026 20:33:35.489] [Server thread/INFO] [com.cupboard.Cupboard/]: Loaded config for: smoothchunk.json
[06Aug2026 20:33:35.497] [Server thread/INFO] [com.cupboard.Cupboard/]: Loaded config for: chunksending.json
[06Aug2026 20:33:38.584] [Server thread/WARN] [net.arphex.ArphexMod/]: [WORLD UNLOAD] Dimension: minecraft:server_faucet_test_level
[06Aug2026 20:33:38.682] [Server thread/INFO] [superlord.prehistoricfauna.common.recipes.PaleontologyTableRecipeJsonManager/]: Registered 3 jsons with items!
[06Aug2026 20:33:38.757] [Server thread/INFO] [patchouli/]: Sending reload packet to clients
[06Aug2026 20:33:38.780] [Server thread/WARN] [ModernFix/]: Dedicated server took 674.844 seconds to load
[06Aug2026 20:33:38.980] [Server thread/INFO] [neruina/]: Auto report config loaded for mod: "the_bumblezone"
[06Aug2026 20:33:39.091] [Server thread/INFO] [neruina/]: Blacklist loaded for namespace: "the_bumblezone"
[06Aug2026 20:33:40.600] [Server thread/INFO] [net.minecraft.server.MinecraftServer/]: [Not Secure] [Server] loaded
[06Aug2026 20:33:41.459] [Server thread/INFO] [com.github.sculkhorde.core.SculkHorde/]: AutoPerformanceSystem | New Performance Mode = Medium
[06Aug2026 20:33:41.461] [Server thread/INFO] [com.github.sculkhorde.core.SculkHorde/]: AutoPerformanceSystem | Max Sculk Unit Population = 150
[06Aug2026 20:33:41.503] [Server thread/INFO] [com.github.sculkhorde.core.SculkHorde/]: AutoPerformanceSystem | Max Nodes Active = 1
[06Aug2026 20:33:41.555] [Server thread/INFO] [com.github.sculkhorde.core.SculkHorde/]: AutoPerformanceSystem | Max Infector Cursor Population = 150
[06Aug2026 20:33:41.557] [Server thread/INFO] [com.github.sculkhorde.core.SculkHorde/]: AutoPerformanceSystem | Cursor population threshold to activate cursor performance mode = 125
[06Aug2026 20:33:41.615] [Server thread/INFO] [com.github.sculkhorde.core.SculkHorde/]: AutoPerformanceSystem | Cursors to tick per tick when cursor performance mode is active = 25
[06Aug2026 20:33:41.663] [Server thread/INFO] [com.github.sculkhorde.core.SculkHorde/]: AutoPerformanceSystem | Delay between cursor ticks when cursor performance mode is active = 1
[06Aug2026 20:33:41.727] [Server thread/INFO] [com.github.sculkhorde.core.SculkHorde/]: AutoPerformanceSystem | Thanos Snap Cursors = false
[06Aug2026 20:33:50.747] [Server thread/WARN] [net.minecraft.server.MinecraftServer/]: Can't keep up! Is the server overloaded? Running 11897ms or 237 ticks behind
[06Aug2026 20:36:39.275] [Server thread/INFO] [com.github.alexthe666.alexsmobs.AlexsMobs/]: Found Pupfish chunk at 607 ~ -448 after 597 tries
[06Aug2026 20:36:47.489] [Server thread/WARN] [net.minecraft.server.MinecraftServer/]: Can't keep up! Is the server overloaded? Running 161788ms or 3235 ticks behind
[06Aug2026 20:38:34.645] [Server thread/WARN] [net.minecraft.server.MinecraftServer/]: Can't keep up! Is the server overloaded? Running 2945ms or 58 ticks behind
[06Aug2026 20:39:24.824] [Server thread/INFO] [net.minecraft.server.players.PlayerList/]: Baven11[/192.168.100.37:53077] logged in with entity id 235 at (357.5, 72.0, 10.5)
[06Aug2026 20:39:25.517] [Server thread/INFO] [ModdingLegacy/blue_skies/]: Sending ToolHandleTypeManager to Baven11
[06Aug2026 20:39:25.557] [Server thread/INFO] [ModdingLegacy/blue_skies/]: Sending SnowcapOvenFreezingManager to Baven11
[06Aug2026 20:39:25.578] [Server thread/INFO] [ModdingLegacy/blue_skies/]: Sending HorizoniteForgeFuelManager to Baven11
[06Aug2026 20:39:25.585] [Server thread/INFO] [ModdingLegacy/blue_skies/]: Sending AlchemyRecipeManager to Baven11
[06Aug2026 20:39:25.656] [Server thread/INFO] [ModdingLegacy/blue_skies/]: Sending JournalEntryManager to Baven11
[06Aug2026 20:39:25.705] [Server thread/INFO] [ModdingLegacy/blue_skies/]: Sending JournalSectionManager to Baven11
[06Aug2026 20:39:25.718] [Server thread/INFO] [ModdingLegacy/blue_skies/]: Sending JournalRequirementManager to Baven11
[06Aug2026 20:39:29.057] [Server thread/INFO] [ModernFix/]: Using enhanced recipe sync for player Baven11
[06Aug2026 20:39:29.658] [Server thread/INFO] [net.minecraft.server.MinecraftServer/]: Baven11 joined the game
[06Aug2026 20:39:30.146] [Server thread/INFO] [net.minecraft.server.MinecraftServer/]: Baven11 has made the advancement [Nether's Exoticism]
[06Aug2026 20:40:04.206] [Server thread/WARN] [net.minecraft.network.syncher.SynchedEntityData/]: defineId called for: class com.alexander.rootoffear.entities.Wilted from class com.alexander.rootoffear.entities.LightExtinguisher
[06Aug2026 20:40:04.207] [Server thread/WARN] [net.minecraft.network.syncher.SynchedEntityData/]: defineId called for: class com.alexander.rootoffear.entities.Wilted from class com.alexander.rootoffear.entities.LightExtinguisher
[06Aug2026 20:40:04.207] [Server thread/WARN] [net.minecraft.network.syncher.SynchedEntityData/]: defineId called for: class com.alexander.rootoffear.entities.Wilted from class com.alexander.rootoffear.entities.LightExtinguisher
[06Aug2026 20:40:05.751] [Server thread/WARN] [net.minecraft.network.syncher.SynchedEntityData/]: defineId called for: class net.minecraft.world.entity.projectile.Fireball from class net.ttttoooo.thelunaris.entity.custom.HexProjectile
[06Aug2026 20:42:51.794] [Worker-Main-15/WARN] [net.minecraft.world.entity.EntityType/]: Skipping Entity with id the_crystalized_geodes:ignotus_shard
[06Aug2026 20:42:51.816] [Worker-Main-15/WARN] [net.minecraft.world.entity.EntityType/]: Skipping Entity with id the_crystalized_geodes:ignotus_shard
[06Aug2026 20:42:51.817] [Worker-Main-15/WARN] [net.minecraft.world.entity.EntityType/]: Skipping Entity with id the_crystalized_geodes:ignotus_shard
[06Aug2026 20:42:51.821] [Worker-Main-15/WARN] [net.minecraft.world.entity.EntityType/]: Skipping Entity with id the_crystalized_geodes:ignotus_shard
[06Aug2026 20:42:51.825] [Worker-Main-15/WARN] [net.minecraft.world.entity.EntityType/]: Skipping Entity with id the_crystalized_geodes:ignotus_shard
[06Aug2026 20:42:51.826] [Worker-Main-15/WARN] [net.minecraft.world.entity.EntityType/]: Skipping Entity with id the_crystalized_geodes:ignotus_shard
[06Aug2026 20:42:53.078] [Server thread/WARN] [net.minecraft.network.syncher.SynchedEntityData/]: defineId called for: class net.minecraft.world.entity.TamableAnimal from interface com.hollingsworth.arsnouveau.common.entity.IFollowingSummon
[06Aug2026 20:42:56.991] [Server thread/WARN] [net.minecraft.network.syncher.SynchedEntityData/]: defineId called for: class net.minecraft.world.entity.AreaEffectCloud from class com.github.sculkhorde.common.entity.AreaEffectSphericalCloudEntity
[06Aug2026 20:42:56.995] [Server thread/WARN] [net.minecraft.network.syncher.SynchedEntityData/]: defineId called for: class net.minecraft.world.entity.AreaEffectCloud from class com.github.sculkhorde.common.entity.AreaEffectSphericalCloudEntity
[06Aug2026 20:42:56.998] [Server thread/WARN] [net.minecraft.network.syncher.SynchedEntityData/]: defineId called for: class net.minecraft.world.entity.AreaEffectCloud from class com.github.sculkhorde.common.entity.AreaEffectSphericalCloudEntity
[06Aug2026 20:42:57.000] [Server thread/WARN] [net.minecraft.network.syncher.SynchedEntityData/]: defineId called for: class net.minecraft.world.entity.AreaEffectCloud from class com.github.sculkhorde.common.entity.AreaEffectSphericalCloudEntity
[06Aug2026 20:43:04.037] [Server thread/WARN] [net.minecraft.network.syncher.SynchedEntityData/]: defineId called for: class net.minecraft.world.entity.vehicle.Boat from class net.mehdinoui.ramadandelight.common.entity.custom.RDBoatEntity
[06Aug2026 20:43:04.056] [Server thread/WARN] [net.minecraft.network.syncher.SynchedEntityData/]: defineId called for: class net.minecraft.world.entity.vehicle.Boat from class net.mehdinoui.ramadandelight.common.entity.custom.RDBoatChestEntity
[06Aug2026 20:43:09.370] [Server thread/INFO] [net.minecraft.server.MinecraftServer/]: Baven11 has made the advancement [A New Profession]
[06Aug2026 20:43:10.266] [Server thread/INFO] [STDERR/]: [net.mcreator.masked.procedures.HeartSpawningProcedure:getLevel119x:106]: Error getting level in 1.19.x: level
[06Aug2026 20:43:10.482] [Server thread/INFO] [net.minecraft.server.network.ServerGamePacketListenerImpl/]: Baven11 lost connection: Timed out
[06Aug2026 20:43:10.509] [Server thread/INFO] [net.minecraft.server.MinecraftServer/]: Baven11 left the game
[06Aug2026 20:43:10.766] [Server thread/INFO] [net.minecraft.server.MinecraftServer/]: Unknown or incomplete command, see below for error
[06Aug2026 20:43:10.774] [Server thread/INFO] [net.minecraft.server.MinecraftServer/]: jjj<--[HERE]
[06Aug2026 20:43:13.655] [Server thread/WARN] [net.minecraft.network.Connection/]: handleDisconnection() called twice
[06Aug2026 20:43:27.784] [Server thread/WARN] [net.minecraft.server.MinecraftServer/]: Can't keep up! Is the server overloaded? Running 278182ms or 5563 ticks behind
[06Aug2026 20:43:49.434] [Server thread/INFO] [net.minecraft.server.players.PlayerList/]: Baven11[/192.168.100.37:54016] logged in with entity id 3740 at (357.5, 72.0, 10.5)
[06Aug2026 20:43:49.679] [Server thread/INFO] [ModdingLegacy/blue_skies/]: Sending ToolHandleTypeManager to Baven11
[06Aug2026 20:43:49.694] [Server thread/INFO] [ModdingLegacy/blue_skies/]: Sending SnowcapOvenFreezingManager to Baven11
[06Aug2026 20:43:49.703] [Server thread/INFO] [ModdingLegacy/blue_skies/]: Sending HorizoniteForgeFuelManager to Baven11
[06Aug2026 20:43:49.722] [Server thread/INFO] [ModdingLegacy/blue_skies/]: Sending AlchemyRecipeManager to Baven11
[06Aug2026 20:43:49.763] [Server thread/INFO] [ModdingLegacy/blue_skies/]: Sending JournalEntryManager to Baven11
[06Aug2026 20:43:49.787] [Server thread/INFO] [ModdingLegacy/blue_skies/]: Sending JournalSectionManager to Baven11
[06Aug2026 20:43:49.789] [Server thread/INFO] [ModdingLegacy/blue_skies/]: Sending JournalRequirementManager to Baven11
[06Aug2026 20:43:51.705] [Server thread/INFO] [ModernFix/]: Using enhanced recipe sync for player Baven11
[06Aug2026 20:43:51.976] [Server thread/INFO] [net.minecraft.server.MinecraftServer/]: Baven11 joined the game
[06Aug2026 20:45:24.680] [Server thread/INFO] [STDERR/]: [net.mcreator.masked.procedures.HeartSpawningProcedure:getLevel119x:106]: Error getting level in 1.19.x: level
[06Aug2026 20:45:24.720] [Server thread/INFO] [net.minecraft.server.network.ServerGamePacketListenerImpl/]: Baven11 lost connection: Disconnected
[06Aug2026 20:45:24.775] [Server thread/INFO] [net.minecraft.server.MinecraftServer/]: Baven11 left the game
[06Aug2026 20:45:25.022] [Server thread/INFO] [net.minecraft.server.MinecraftServer/]: Stopping the server
[06Aug2026 20:45:25.606] [Server thread/INFO] [net.minecraft.server.MinecraftServer/]: Stopping server
[06Aug2026 20:45:25.672] [Server thread/INFO] [net.minecraft.server.MinecraftServer/]: Saving players
[06Aug2026 20:45:25.673] [Server thread/INFO] [net.minecraft.server.MinecraftServer/]: Saving worlds
[06Aug2026 20:45:25.990] [Server thread/INFO] [com.hyrrx.hardcoretruedarkness.HardcoreTrueDarkness/]: Accepted Hardcore True Darkness client status from Baven11: none
[06Aug2026 20:45:39.019] [Server thread/INFO] [net.minecraft.server.MinecraftServer/]: Saving chunks for level 'ServerLevel[world]'/minecraft:overworld
[06Aug2026 20:45:41.234] [Server thread/INFO] [net.minecraft.server.MinecraftServer/]: Saving chunks for level 'ServerLevel[world]'/feur_dimensional_skyland:dimensional_skyland
[06Aug2026 20:45:41.251] [Server thread/INFO] [net.minecraft.server.MinecraftServer/]: Saving chunks for level 'ServerLevel[world]'/good_nights_sleep:dream
[06Aug2026 20:45:41.266] [Server thread/INFO] [net.minecraft.server.MinecraftServer/]: Saving chunks for level 'ServerLevel[world]'/beyond_the_nether:beyond
[06Aug2026 20:45:41.282] [Server thread/INFO] [net.minecraft.server.MinecraftServer/]: Saving chunks for level 'ServerLevel[world]'/shadowlands:blood_forest
[06Aug2026 20:45:41.286] [Server thread/INFO] [net.minecraft.server.MinecraftServer/]: Saving chunks for level 'ServerLevel[world]'/elysiumjar:endlessdreamtp
[06Aug2026 20:45:41.303] [Server thread/INFO] [net.minecraft.server.MinecraftServer/]: Saving chunks for level 'ServerLevel[world]'/beyond_earth:mercury
[06Aug2026 20:45:41.343] [Server thread/INFO] [net.minecraft.server.MinecraftServer/]: Saving chunks for level 'ServerLevel[world]'/prehistoricfauna:jurassic
[06Aug2026 20:45:41.350] [Server thread/INFO] [net.minecraft.server.MinecraftServer/]: Saving chunks for level 'ServerLevel[world]'/beyond_earth:deimos
[06Aug2026 20:45:41.364] [Server thread/INFO] [net.minecraft.server.MinecraftServer/]: Saving chunks for level 'ServerLevel[world]'/elysiumjar:heaventp
[06Aug2026 20:45:41.369] [Server thread/INFO] [net.minecraft.server.MinecraftServer/]: Saving chunks for level 'ServerLevel[world]'/elysiumjar:shallowtp
[06Aug2026 20:45:41.380] [Server thread/INFO] [net.minecraft.server.MinecraftServer/]: Saving chunks for level 'ServerLevel[world]'/the_bumblezone:the_bumblezone
[06Aug2026 20:45:41.394] [Server thread/INFO] [net.minecraft.server.MinecraftServer/]: Saving chunks for level 'ServerLevel[world]'/infinite_abyss:sixth_layer
[06Aug2026 20:45:41.423] [Server thread/INFO] [net.minecraft.server.MinecraftServer/]: Saving chunks for level 'ServerLevel[world]'/alex_caves_dimensions:magnetic_caves
[06Aug2026 20:45:41.443] [Server thread/INFO] [net.minecraft.server.MinecraftServer/]: Saving chunks for level 'ServerLevel[world]'/beyond_earth:moon_orbit
[06Aug2026 20:45:41.465] [Server thread/INFO] [net.minecraft.server.MinecraftServer/]: Saving chunks for level 'ServerLevel[world]'/elysiumjar:pitytp
[06Aug2026 20:45:41.471] [Server thread/INFO] [net.minecraft.server.MinecraftServer/]: Saving chunks for level 'ServerLevel[world]'/elysiumjar:churchtp
[06Aug2026 20:45:41.480] [Server thread/INFO] [net.minecraft.server.MinecraftServer/]: Saving chunks for level 'ServerLevel[world]'/beyond_earth:mars
[06Aug2026 20:45:41.483] [Server thread/INFO] [net.minecraft.server.MinecraftServer/]: Saving chunks for level 'ServerLevel[world]'/beyond_earth:earth_orbit
[06Aug2026 20:45:41.503] [Server thread/INFO] [net.minecraft.server.MinecraftServer/]: Saving chunks for level 'ServerLevel[world]'/elysiumjar:fleshtp
[06Aug2026 20:45:41.512] [Server thread/INFO] [net.minecraft.server.MinecraftServer/]: Saving chunks for level 'ServerLevel[world]'/elysiumjar:truegenesistp
[06Aug2026 20:45:41.520] [Server thread/INFO] [net.minecraft.server.MinecraftServer/]: Saving chunks for level 'ServerLevel[world]'/kostinas_the_underneath:underneath
[06Aug2026 20:45:41.525] [Server thread/INFO] [net.minecraft.server.MinecraftServer/]: Saving chunks for level 'ServerLevel[world]'/infinite_abyss:first_layer
[06Aug2026 20:45:41.530] [Server thread/INFO] [net.minecraft.server.MinecraftServer/]: Saving chunks for level 'ServerLevel[world]'/fallout_wastelands_:wastelands
[06Aug2026 20:45:41.540] [Server thread/INFO] [net.minecraft.server.MinecraftServer/]: Saving chunks for level 'ServerLevel[world]'/graveyard:past
[06Aug2026 20:45:41.550] [Server thread/INFO] [net.minecraft.server.MinecraftServer/]: Saving chunks for level 'ServerLevel[world]'/prehistoricfauna:cretaceous
[06Aug2026 20:45:41.555] [Server thread/INFO] [net.minecraft.server.MinecraftServer/]: Saving chunks for level 'ServerLevel[world]'/alex_caves_dimensions:toxic_caves
[06Aug2026 20:45:41.559] [Server thread/INFO] [net.minecraft.server.MinecraftServer/]: Saving chunks for level 'ServerLevel[world]'/infinite_abyss:fourth_layer
[06Aug2026 20:45:41.569] [Server thread/INFO] [net.minecraft.server.MinecraftServer/]: Saving chunks for level 'ServerLevel[world]'/theabyss:pocket_dimension
[06Aug2026 20:45:41.572] [Server thread/INFO] [net.minecraft.server.MinecraftServer/]: Saving chunks for level 'ServerLevel[world]'/the_starved_stalker:a_famished_world
[06Aug2026 20:45:41.579] [Server thread/INFO] [net.minecraft.server.MinecraftServer/]: Saving chunks for level 'ServerLevel[world]'/elysiumjar:demonstrationscenariotp
[06Aug2026 20:45:41.597] [Server thread/INFO] [net.minecraft.server.MinecraftServer/]: Saving chunks for level 'ServerLevel[world]'/elysiumjar:elysiu_mtp
[06Aug2026 20:45:41.600] [Server thread/INFO] [net.minecraft.server.MinecraftServer/]: Saving chunks for level 'ServerLevel[world]'/moolands:moolands
[06Aug2026 20:45:41.614] [Server thread/INFO] [net.minecraft.server.MinecraftServer/]: Saving chunks for level 'ServerLevel[world]'/elysiumjar:storeroomtp
[06Aug2026 20:45:41.620] [Server thread/INFO] [net.minecraft.server.MinecraftServer/]: Saving chunks for level 'ServerLevel[world]'/elysiumjar:shacklestp
[06Aug2026 20:45:41.631] [Server thread/INFO] [net.minecraft.server.MinecraftServer/]: Saving chunks for level 'ServerLevel[world]'/ror:the_factory
[06Aug2026 20:45:41.634] [Server thread/INFO] [net.minecraft.server.MinecraftServer/]: Saving chunks for level 'ServerLevel[world]'/beyond_earth:glacio
[06Aug2026 20:45:41.642] [Server thread/INFO] [net.minecraft.server.MinecraftServer/]: Saving chunks for level 'ServerLevel[world]'/elysiumjar:genesisphase_3tp
[06Aug2026 20:45:41.651] [Server thread/INFO] [net.minecraft.server.MinecraftServer/]: Saving chunks for level 'ServerLevel[world]'/beyond_earth:moon
[06Aug2026 20:45:41.662] [Server thread/INFO] [net.minecraft.server.MinecraftServer/]: Saving chunks for level 'ServerLevel[world]'/elysiumjar:suburbtp
[06Aug2026 20:45:41.667] [Server thread/INFO] [net.minecraft.server.MinecraftServer/]: Saving chunks for level 'ServerLevel[world]'/elysiumjar:gardentp
[06Aug2026 20:45:41.672] [Server thread/INFO] [net.minecraft.server.MinecraftServer/]: Saving chunks for level 'ServerLevel[world]'/the_afterdark:afterdark
[06Aug2026 20:45:41.682] [Server thread/INFO] [net.minecraft.server.MinecraftServer/]: Saving chunks for level 'ServerLevel[world]'/shadowlands:glowshroom_forest
[06Aug2026 20:45:41.685] [Server thread/INFO] [net.minecraft.server.MinecraftServer/]: Saving chunks for level 'ServerLevel[world]'/ror:neon_city
[06Aug2026 20:45:41.699] [Server thread/INFO] [net.minecraft.server.MinecraftServer/]: Saving chunks for level 'ServerLevel[world]'/elysiumjar:past_tp
[06Aug2026 20:45:41.701] [Server thread/INFO] [net.minecraft.server.MinecraftServer/]: Saving chunks for level 'ServerLevel[world]'/minecraft:the_end
[06Aug2026 20:45:41.705] [Server thread/INFO] [net.minecraft.server.MinecraftServer/]: Saving chunks for level 'ServerLevel[world]'/beyond_earth:deimos_orbit
[06Aug2026 20:45:41.710] [Server thread/INFO] [net.minecraft.server.MinecraftServer/]: Saving chunks for level 'ServerLevel[world]'/elysiumjar:genesi_sphase_4tp
[06Aug2026 20:45:41.722] [Server thread/INFO] [net.minecraft.server.MinecraftServer/]: Saving chunks for level 'ServerLevel[world]'/elysiumjar:greenhousetp
[06Aug2026 20:45:41.727] [Server thread/INFO] [net.minecraft.server.MinecraftServer/]: Saving chunks for level 'ServerLevel[world]'/arphex:the_webrooms
[06Aug2026 20:45:41.763] [Server thread/INFO] [net.minecraft.server.MinecraftServer/]: Saving chunks for level 'ServerLevel[world]'/astral_dimension:setback
[06Aug2026 20:45:41.786] [Server thread/INFO] [net.minecraft.server.MinecraftServer/]: Saving chunks for level 'ServerLevel[world]'/elysiumjar:hallucinationtp
[06Aug2026 20:45:41.809] [Server thread/INFO] [net.minecraft.server.MinecraftServer/]: Saving chunks for level 'ServerLevel[world]'/alex_caves_dimensions:candy_cavity
[06Aug2026 20:45:41.826] [Server thread/INFO] [net.minecraft.server.MinecraftServer/]: Saving chunks for level 'ServerLevel[world]'/midnightlurker:the_void
[06Aug2026 20:45:41.948] [Server thread/INFO] [net.minecraft.server.MinecraftServer/]: Saving chunks for level 'ServerLevel[world]'/ror:flowerbed
[06Aug2026 20:45:41.961] [Server thread/INFO] [net.minecraft.server.MinecraftServer/]: Saving chunks for level 'ServerLevel[world]'/beyond_earth:glacio_orbit
[06Aug2026 20:45:41.970] [Server thread/INFO] [net.minecraft.server.MinecraftServer/]: Saving chunks for level 'ServerLevel[world]'/cheese_cave:good_hallucination
[06Aug2026 20:45:42.017] [Server thread/INFO] [net.minecraft.server.MinecraftServer/]: Saving chunks for level 'ServerLevel[world]'/theabyss:frost_world
[06Aug2026 20:45:42.096] [Server thread/INFO] [net.minecraft.server.MinecraftServer/]: Saving chunks for level 'ServerLevel[world]'/aerialhell:aerial_hell
[06Aug2026 20:45:42.302] [Server thread/INFO] [net.minecraft.server.MinecraftServer/]: Saving chunks for level 'ServerLevel[world]'/elysiumjar:peacefultp
[06Aug2026 20:45:42.403] [Server thread/INFO] [net.minecraft.server.MinecraftServer/]: Saving chunks for level 'ServerLevel[world]'/elysiumjar:eternaltp
[06Aug2026 20:45:42.410] [Server thread/INFO] [net.minecraft.server.MinecraftServer/]: Saving chunks for level 'ServerLevel[world]'/blue_skies:everdawn
[06Aug2026 20:45:42.470] [Server thread/INFO] [net.minecraft.server.MinecraftServer/]: Saving chunks for level 'ServerLevel[world]'/alex_caves_dimensions:primordial_caves
[06Aug2026 20:45:42.573] [Server thread/INFO] [net.minecraft.server.MinecraftServer/]: Saving chunks for level 'ServerLevel[world]'/nue:biome_test
[06Aug2026 20:45:42.686] [Server thread/INFO] [net.minecraft.server.MinecraftServer/]: Saving chunks for level 'ServerLevel[world]'/elysiumjar:demisetp
[06Aug2026 20:45:42.736] [Server thread/INFO] [net.minecraft.server.MinecraftServer/]: Saving chunks for level 'ServerLevel[world]'/elysiumjar:forever
[06Aug2026 20:45:42.747] [Server thread/INFO] [net.minecraft.server.MinecraftServer/]: Saving chunks for level 'ServerLevel[world]'/the_deep_void:deep_void
[06Aug2026 20:45:42.797] [Server thread/INFO] [net.minecraft.server.MinecraftServer/]: Saving chunks for level 'ServerLevel[world]'/shadowlands:vellium
[06Aug2026 20:45:42.814] [Server thread/INFO] [net.minecraft.server.MinecraftServer/]: Saving chunks for level 'ServerLevel[world]'/beyond_earth:venus_orbit
[06Aug2026 20:45:42.828] [Server thread/INFO] [net.minecraft.server.MinecraftServer/]: Saving chunks for level 'ServerLevel[world]'/elysiumjar:tearingtp
[06Aug2026 20:45:42.845] [Server thread/INFO] [net.minecraft.server.MinecraftServer/]: Saving chunks for level 'ServerLevel[world]'/beyond_earth:mars_orbit
[06Aug2026 20:45:42.876] [Server thread/INFO] [net.minecraft.server.MinecraftServer/]: Saving chunks for level 'ServerLevel[world]'/elysiumjar:stonetunneltp
[06Aug2026 20:45:42.893] [Server thread/INFO] [net.minecraft.server.MinecraftServer/]: Saving chunks for level 'ServerLevel[world]'/ror:cyberland
[06Aug2026 20:45:42.898] [Server thread/INFO] [net.minecraft.server.MinecraftServer/]: Saving chunks for level 'ServerLevel[world]'/infinite_abyss:fifth_layer
[06Aug2026 20:45:42.955] [Server thread/INFO] [net.minecraft.server.MinecraftServer/]: Saving chunks for level 'ServerLevel[world]'/aether:the_aether
[06Aug2026 20:45:42.971] [Server thread/INFO] [net.minecraft.server.MinecraftServer/]: Saving chunks for level 'ServerLevel[world]'/elysiumjar:promisedlandofmemorytp
[06Aug2026 20:45:42.975] [Server thread/INFO] [net.minecraft.server.MinecraftServer/]: Saving chunks for level 'ServerLevel[world]'/undergarden:undergarden
[06Aug2026 20:45:42.994] [Server thread/INFO] [net.minecraft.server.MinecraftServer/]: Saving chunks for level 'ServerLevel[world]'/the_deep_void:the_pit
[06Aug2026 20:45:43.043] [Server thread/INFO] [net.minecraft.server.MinecraftServer/]: Saving chunks for level 'ServerLevel[world]'/astral_dimension:astral_dimension
[06Aug2026 20:45:43.052] [Server thread/INFO] [net.minecraft.server.MinecraftServer/]: Saving chunks for level 'ServerLevel[world]'/elysiumjar:chinesetombtp
[06Aug2026 20:45:43.055] [Server thread/INFO] [net.minecraft.server.MinecraftServer/]: Saving chunks for level 'ServerLevel[world]'/elysiumjar:endlesshousetp
[06Aug2026 20:45:43.070] [Server thread/INFO] [net.minecraft.server.MinecraftServer/]: Saving chunks for level 'ServerLevel[world]'/tr_slender:slender_gamemode
[06Aug2026 20:45:43.133] [Server thread/INFO] [net.minecraft.server.MinecraftServer/]: Saving chunks for level 'ServerLevel[world]'/elysiumjar:librarytp
[06Aug2026 20:45:43.148] [Server thread/INFO] [net.minecraft.server.MinecraftServer/]: Saving chunks for level 'ServerLevel[world]'/the_obsessed:obsessed_lair
[06Aug2026 20:45:43.158] [Server thread/INFO] [net.minecraft.server.MinecraftServer/]: Saving chunks for level 'ServerLevel[world]'/midnight:the_midnight
[06Aug2026 20:45:43.167] [Server thread/INFO] [net.minecraft.server.MinecraftServer/]: Saving chunks for level 'ServerLevel[world]'/ror:prismacon
[06Aug2026 20:45:43.201] [Server thread/INFO] [net.minecraft.server.MinecraftServer/]: Saving chunks for level 'ServerLevel[world]'/elysiumjar:mazetp
[06Aug2026 20:45:43.394] [Server thread/INFO] [net.minecraft.server.MinecraftServer/]: Saving chunks for level 'ServerLevel[world]'/elysiumjar:schooltp
[06Aug2026 20:45:43.404] [Server thread/INFO] [net.minecraft.server.MinecraftServer/]: Saving chunks for level 'ServerLevel[world]'/porkyslegacy_eoc:samside
[06Aug2026 20:45:43.501] [Server thread/INFO] [net.minecraft.server.MinecraftServer/]: Saving chunks for level 'ServerLevel[world]'/theabyss:the_abyss
[06Aug2026 20:45:43.543] [Server thread/INFO] [net.minecraft.server.MinecraftServer/]: Saving chunks for level 'ServerLevel[world]'/aliencraft_kepler:kepler_22b
[06Aug2026 20:45:43.595] [Server thread/INFO] [net.minecraft.server.MinecraftServer/]: Saving chunks for level 'ServerLevel[world]'/elysiumjar:spacioustp
[06Aug2026 20:45:43.611] [Server thread/INFO] [net.minecraft.server.MinecraftServer/]: Saving chunks for level 'ServerLevel[world]'/alex_caves_dimensions:forlorn_hollows
[06Aug2026 20:45:43.699] [Server thread/INFO] [net.minecraft.server.MinecraftServer/]: Saving chunks for level 'ServerLevel[world]'/infinite_abyss:seventh_layer
[06Aug2026 20:45:43.725] [Server thread/INFO] [net.minecraft.server.MinecraftServer/]: Saving chunks for level 'ServerLevel[world]'/twilightforest:twilight_forest
[06Aug2026 20:45:43.734] [Server thread/INFO] [net.minecraft.server.MinecraftServer/]: Saving chunks for level 'ServerLevel[world]'/good_nights_sleep:nightmare
[06Aug2026 20:45:43.742] [Server thread/INFO] [net.minecraft.server.MinecraftServer/]: Saving chunks for level 'ServerLevel[world]'/elysiumjar:torturetp
[06Aug2026 20:45:43.776] [Server thread/INFO] [net.minecraft.server.MinecraftServer/]: Saving chunks for level 'ServerLevel[world]'/elysiumjar:existtp
[06Aug2026 20:45:43.858] [Server thread/INFO] [net.minecraft.server.MinecraftServer/]: Saving chunks for level 'ServerLevel[world]'/blue_skies:everbright
[06Aug2026 20:45:43.985] [Server thread/INFO] [net.minecraft.server.MinecraftServer/]: Saving chunks for level 'ServerLevel[world]'/beyond_earth:phobos_orbit
[06Aug2026 20:45:44.143] [Server thread/INFO] [net.minecraft.server.MinecraftServer/]: Saving chunks for level 'ServerLevel[world]'/elysiumjar:genesisphase_2tp
[06Aug2026 20:45:44.315] [Server thread/INFO] [net.minecraft.server.MinecraftServer/]: Saving chunks for level 'ServerLevel[world]'/elysiumjar:genesisphase_1tp
[06Aug2026 20:45:44.388] [Server thread/INFO] [net.minecraft.server.MinecraftServer/]: Saving chunks for level 'ServerLevel[world]'/prehistoricfauna:triassic
[06Aug2026 20:45:44.441] [Server thread/INFO] [net.minecraft.server.MinecraftServer/]: Saving chunks for level 'ServerLevel[world]'/elysiumjar:comfortzonetp
[06Aug2026 20:45:44.458] [Server thread/INFO] [net.minecraft.server.MinecraftServer/]: Saving chunks for level 'ServerLevel[world]'/deeperdarker:otherside
[06Aug2026 20:45:44.477] [Server thread/INFO] [net.minecraft.server.MinecraftServer/]: Saving chunks for level 'ServerLevel[world]'/arphex:the_crawling
[06Aug2026 20:45:44.511] [Server thread/INFO] [net.minecraft.server.MinecraftServer/]: Saving chunks for level 'ServerLevel[world]'/thelunaris:lunarisdim
[06Aug2026 20:45:44.538] [Server thread/INFO] [net.minecraft.server.MinecraftServer/]: Saving chunks for level 'ServerLevel[world]'/elysiumjar:perfectiontp
[06Aug2026 20:45:44.554] [Server thread/INFO] [net.minecraft.server.MinecraftServer/]: Saving chunks for level 'ServerLevel[world]'/beyond_earth:venus
[06Aug2026 20:45:44.572] [Server thread/INFO] [net.minecraft.server.MinecraftServer/]: Saving chunks for level 'ServerLevel[world]'/toybox:toybox
[06Aug2026 20:45:44.600] [Server thread/INFO] [net.minecraft.server.MinecraftServer/]: Saving chunks for level 'ServerLevel[world]'/alex_caves_dimensions:abyssal_chasm
[06Aug2026 20:45:44.622] [Server thread/INFO] [net.minecraft.server.MinecraftServer/]: Saving chunks for level 'ServerLevel[world]'/voidscape:void
[06Aug2026 20:45:44.641] [Server thread/INFO] [net.minecraft.server.MinecraftServer/]: Saving chunks for level 'ServerLevel[world]'/beyond_earth:mercury_orbit
[06Aug2026 20:45:44.656] [Server thread/INFO] [net.minecraft.server.MinecraftServer/]: Saving chunks for level 'ServerLevel[world]'/elysiumjar:endlesscavetp
[06Aug2026 20:45:44.685] [Server thread/INFO] [net.minecraft.server.MinecraftServer/]: Saving chunks for level 'ServerLevel[world]'/elysiumjar:mourningtp
[06Aug2026 20:45:44.700] [Server thread/INFO] [net.minecraft.server.MinecraftServer/]: Saving chunks for level 'ServerLevel[world]'/elysiumjar:wormtunneltp
[06Aug2026 20:45:44.715] [Server thread/INFO] [net.minecraft.server.MinecraftServer/]: Saving chunks for level 'ServerLevel[world]'/beyond_earth:phobos
[06Aug2026 20:45:44.750] [Server thread/INFO] [net.minecraft.server.MinecraftServer/]: Saving chunks for level 'ServerLevel[world]'/shadowlands:shadow_forest
[06Aug2026 20:45:44.770] [Server thread/INFO] [net.minecraft.server.MinecraftServer/]: Saving chunks for level 'ServerLevel[world]'/minecraft:the_nether
[06Aug2026 20:45:44.815] [Server thread/INFO] [net.minecraft.server.MinecraftServer/]: Saving chunks for level 'ServerLevel[world]'/elysiumjar:liminaltp
[06Aug2026 20:45:44.836] [Server thread/INFO] [net.minecraft.server.MinecraftServer/]: Saving chunks for level 'ServerLevel[world]'/theabyss:spectral_world
[06Aug2026 20:45:44.921] [Server thread/INFO] [net.minecraft.server.MinecraftServer/]: Saving chunks for level 'ServerLevel[world]'/elysiumjar:sewertp
[06Aug2026 20:45:44.943] [Server thread/INFO] [net.minecraft.server.MinecraftServer/]: Saving chunks for level 'ServerLevel[world]'/infinite_abyss:second_layer
[06Aug2026 20:45:47.764] [Server thread/INFO] [net.minecraft.server.MinecraftServer/]: ThreadedAnvilChunkStorage (world): All chunks are saved
[06Aug2026 20:45:47.805] [Server thread/INFO] [net.minecraft.server.MinecraftServer/]: ThreadedAnvilChunkStorage (dimensional_skyland): All chunks are saved
[06Aug2026 20:45:47.835] [Server thread/INFO] [net.minecraft.server.MinecraftServer/]: ThreadedAnvilChunkStorage (dream): All chunks are saved
[06Aug2026 20:45:47.859] [Server thread/INFO] [net.minecraft.server.MinecraftServer/]: ThreadedAnvilChunkStorage (beyond): All chunks are saved
[06Aug2026 20:45:47.892] [Server thread/INFO] [net.minecraft.server.MinecraftServer/]: ThreadedAnvilChunkStorage (blood_forest): All chunks are saved
[06Aug2026 20:45:47.903] [Server thread/INFO] [net.minecraft.server.MinecraftServer/]: ThreadedAnvilChunkStorage (endlessdreamtp): All chunks are saved
[06Aug2026 20:45:47.946] [Server thread/INFO] [net.minecraft.server.MinecraftServer/]: ThreadedAnvilChunkStorage (mercury): All chunks are saved
[06Aug2026 20:45:47.979] [Server thread/INFO] [net.minecraft.server.MinecraftServer/]: ThreadedAnvilChunkStorage (jurassic): All chunks are saved
[06Aug2026 20:45:48.015] [Server thread/INFO] [net.minecraft.server.MinecraftServer/]: ThreadedAnvilChunkStorage (deimos): All chunks are saved
[06Aug2026 20:45:48.036] [Server thread/INFO] [net.minecraft.server.MinecraftServer/]: ThreadedAnvilChunkStorage (heaventp): All chunks are saved
[06Aug2026 20:45:48.086] [Server thread/INFO] [net.minecraft.server.MinecraftServer/]: ThreadedAnvilChunkStorage (shallowtp): All chunks are saved
[06Aug2026 20:45:48.100] [Server thread/INFO] [net.minecraft.server.MinecraftServer/]: ThreadedAnvilChunkStorage (the_bumblezone): All chunks are saved
[06Aug2026 20:45:48.137] [Server thread/INFO] [net.minecraft.server.MinecraftServer/]: ThreadedAnvilChunkStorage (sixth_layer): All chunks are saved
[06Aug2026 20:45:48.152] [Server thread/INFO] [net.minecraft.server.MinecraftServer/]: ThreadedAnvilChunkStorage (magnetic_caves): All chunks are saved
[06Aug2026 20:45:48.161] [Server thread/INFO] [net.minecraft.server.MinecraftServer/]: ThreadedAnvilChunkStorage (moon_orbit): All chunks are saved
[06Aug2026 20:45:48.169] [Server thread/INFO] [net.minecraft.server.MinecraftServer/]: ThreadedAnvilChunkStorage (pitytp): All chunks are saved
[06Aug2026 20:45:48.185] [Server thread/INFO] [net.minecraft.server.MinecraftServer/]: ThreadedAnvilChunkStorage (churchtp): All chunks are saved
[06Aug2026 20:45:48.194] [Server thread/INFO] [net.minecraft.server.MinecraftServer/]: ThreadedAnvilChunkStorage (mars): All chunks are saved
[06Aug2026 20:45:48.210] [Server thread/INFO] [net.minecraft.server.MinecraftServer/]: ThreadedAnvilChunkStorage (earth_orbit): All chunks are saved
[06Aug2026 20:45:48.216] [Server thread/INFO] [net.minecraft.server.MinecraftServer/]: ThreadedAnvilChunkStorage (fleshtp): All chunks are saved
[06Aug2026 20:45:48.229] [Server thread/INFO] [net.minecraft.server.MinecraftServer/]: ThreadedAnvilChunkStorage (truegenesistp): All chunks are saved
[06Aug2026 20:45:48.263] [Server thread/INFO] [net.minecraft.server.MinecraftServer/]: ThreadedAnvilChunkStorage (underneath): All chunks are saved
[06Aug2026 20:45:48.284] [Server thread/INFO] [net.minecraft.server.MinecraftServer/]: ThreadedAnvilChunkStorage (first_layer): All chunks are saved
[06Aug2026 20:45:48.294] [Server thread/INFO] [net.minecraft.server.MinecraftServer/]: ThreadedAnvilChunkStorage (wastelands): All chunks are saved
[06Aug2026 20:45:48.328] [Server thread/INFO] [net.minecraft.server.MinecraftServer/]: ThreadedAnvilChunkStorage (past): All chunks are saved
[06Aug2026 20:45:48.341] [Server thread/INFO] [net.minecraft.server.MinecraftServer/]: ThreadedAnvilChunkStorage (cretaceous): All chunks are saved
[06Aug2026 20:45:48.350] [Server thread/INFO] [net.minecraft.server.MinecraftServer/]: ThreadedAnvilChunkStorage (toxic_caves): All chunks are saved
[06Aug2026 20:45:48.354] [Server thread/INFO] [net.minecraft.server.MinecraftServer/]: ThreadedAnvilChunkStorage (fourth_layer): All chunks are saved
[06Aug2026 20:45:48.366] [Server thread/INFO] [net.minecraft.server.MinecraftServer/]: ThreadedAnvilChunkStorage (pocket_dimension): All chunks are saved
[06Aug2026 20:45:48.395] [Server thread/INFO] [net.minecraft.server.MinecraftServer/]: ThreadedAnvilChunkStorage (a_famished_world): All chunks are saved
[06Aug2026 20:45:48.403] [Server thread/INFO] [net.minecraft.server.MinecraftServer/]: ThreadedAnvilChunkStorage (demonstrationscenariotp): All chunks are saved
[06Aug2026 20:45:48.405] [Server thread/INFO] [net.minecraft.server.MinecraftServer/]: ThreadedAnvilChunkStorage (elysiu_mtp): All chunks are saved
[06Aug2026 20:45:48.408] [Server thread/INFO] [net.minecraft.server.MinecraftServer/]: ThreadedAnvilChunkStorage (moolands): All chunks are saved
[06Aug2026 20:45:48.416] [Server thread/INFO] [net.minecraft.server.MinecraftServer/]: ThreadedAnvilChunkStorage (storeroomtp): All chunks are saved
[06Aug2026 20:45:48.528] [Server thread/INFO] [net.minecraft.server.MinecraftServer/]: ThreadedAnvilChunkStorage (shacklestp): All chunks are saved
[06Aug2026 20:45:48.563] [Server thread/INFO] [net.minecraft.server.MinecraftServer/]: ThreadedAnvilChunkStorage (the_factory): All chunks are saved
[06Aug2026 20:45:48.582] [Server thread/INFO] [net.minecraft.server.MinecraftServer/]: ThreadedAnvilChunkStorage (glacio): All chunks are saved
[06Aug2026 20:45:48.611] [Server thread/INFO] [net.minecraft.server.MinecraftServer/]: ThreadedAnvilChunkStorage (genesisphase_3tp): All chunks are saved
[06Aug2026 20:45:48.643] [Server thread/INFO] [net.minecraft.server.MinecraftServer/]: ThreadedAnvilChunkStorage (moon): All chunks are saved
[06Aug2026 20:45:48.670] [Server thread/INFO] [net.minecraft.server.MinecraftServer/]: ThreadedAnvilChunkStorage (suburbtp): All chunks are saved
[06Aug2026 20:45:48.688] [Server thread/INFO] [net.minecraft.server.MinecraftServer/]: ThreadedAnvilChunkStorage (gardentp): All chunks are saved
[06Aug2026 20:45:48.700] [Server thread/INFO] [net.minecraft.server.MinecraftServer/]: ThreadedAnvilChunkStorage (afterdark): All chunks are saved
[06Aug2026 20:45:48.703] [Server thread/INFO] [net.minecraft.server.MinecraftServer/]: ThreadedAnvilChunkStorage (glowshroom_forest): All chunks are saved
[06Aug2026 20:45:48.712] [Server thread/INFO] [net.minecraft.server.MinecraftServer/]: ThreadedAnvilChunkStorage (neon_city): All chunks are saved
[06Aug2026 20:45:48.717] [Server thread/INFO] [net.minecraft.server.MinecraftServer/]: ThreadedAnvilChunkStorage (past_tp): All chunks are saved
[06Aug2026 20:45:48.720] [Server thread/INFO] [net.minecraft.server.MinecraftServer/]: ThreadedAnvilChunkStorage (DIM1): All chunks are saved
[06Aug2026 20:45:48.731] [Server thread/INFO] [net.minecraft.server.MinecraftServer/]: ThreadedAnvilChunkStorage (deimos_orbit): All chunks are saved
[06Aug2026 20:45:48.735] [Server thread/INFO] [net.minecraft.server.MinecraftServer/]: ThreadedAnvilChunkStorage (genesi_sphase_4tp): All chunks are saved
[06Aug2026 20:45:48.742] [Server thread/INFO] [net.minecraft.server.MinecraftServer/]: ThreadedAnvilChunkStorage (greenhousetp): All chunks are saved
[06Aug2026 20:45:48.750] [Server thread/INFO] [net.minecraft.server.MinecraftServer/]: ThreadedAnvilChunkStorage (the_webrooms): All chunks are saved
[06Aug2026 20:45:48.756] [Server thread/INFO] [net.minecraft.server.MinecraftServer/]: ThreadedAnvilChunkStorage (setback): All chunks are saved
[06Aug2026 20:45:48.763] [Server thread/INFO] [net.minecraft.server.MinecraftServer/]: ThreadedAnvilChunkStorage (hallucinationtp): All chunks are saved
[06Aug2026 20:45:48.765] [Server thread/INFO] [net.minecraft.server.MinecraftServer/]: ThreadedAnvilChunkStorage (candy_cavity): All chunks are saved
[06Aug2026 20:45:48.783] [Server thread/INFO] [net.minecraft.server.MinecraftServer/]: ThreadedAnvilChunkStorage (the_void): All chunks are saved
[06Aug2026 20:45:48.788] [Server thread/INFO] [net.minecraft.server.MinecraftServer/]: ThreadedAnvilChunkStorage (flowerbed): All chunks are saved
[06Aug2026 20:45:48.794] [Server thread/INFO] [net.minecraft.server.MinecraftServer/]: ThreadedAnvilChunkStorage (glacio_orbit): All chunks are saved
[06Aug2026 20:45:48.798] [Server thread/INFO] [net.minecraft.server.MinecraftServer/]: ThreadedAnvilChunkStorage (good_hallucination): All chunks are saved
[06Aug2026 20:45:48.812] [Server thread/INFO] [net.minecraft.server.MinecraftServer/]: ThreadedAnvilChunkStorage (frost_world): All chunks are saved
[06Aug2026 20:45:48.816] [Server thread/INFO] [net.minecraft.server.MinecraftServer/]: ThreadedAnvilChunkStorage (aerial_hell): All chunks are saved
[06Aug2026 20:45:48.818] [Server thread/INFO] [net.minecraft.server.MinecraftServer/]: ThreadedAnvilChunkStorage (peacefultp): All chunks are saved
[06Aug2026 20:45:48.829] [Server thread/INFO] [net.minecraft.server.MinecraftServer/]: ThreadedAnvilChunkStorage (eternaltp): All chunks are saved
[06Aug2026 20:45:48.832] [Server thread/INFO] [net.minecraft.server.MinecraftServer/]: ThreadedAnvilChunkStorage (everdawn): All chunks are saved
[06Aug2026 20:45:48.843] [Server thread/INFO] [net.minecraft.server.MinecraftServer/]: ThreadedAnvilChunkStorage (primordial_caves): All chunks are saved
[06Aug2026 20:45:48.846] [Server thread/INFO] [net.minecraft.server.MinecraftServer/]: ThreadedAnvilChunkStorage (biome_test): All chunks are saved
[06Aug2026 20:45:48.859] [Server thread/INFO] [net.minecraft.server.MinecraftServer/]: ThreadedAnvilChunkStorage (demisetp): All chunks are saved
[06Aug2026 20:45:48.864] [Server thread/INFO] [net.minecraft.server.MinecraftServer/]: ThreadedAnvilChunkStorage (forever): All chunks are saved
[06Aug2026 20:45:48.872] [Server thread/INFO] [net.minecraft.server.MinecraftServer/]: ThreadedAnvilChunkStorage (deep_void): All chunks are saved
[06Aug2026 20:45:48.878] [Server thread/INFO] [net.minecraft.server.MinecraftServer/]: ThreadedAnvilChunkStorage (vellium): All chunks are saved
[06Aug2026 20:45:48.914] [Server thread/INFO] [net.minecraft.server.MinecraftServer/]: ThreadedAnvilChunkStorage (venus_orbit): All chunks are saved
[06Aug2026 20:45:48.920] [Server thread/INFO] [net.minecraft.server.MinecraftServer/]: ThreadedAnvilChunkStorage (tearingtp): All chunks are saved
[06Aug2026 20:45:49.029] [Server thread/INFO] [net.minecraft.server.MinecraftServer/]: ThreadedAnvilChunkStorage (mars_orbit): All chunks are saved
[06Aug2026 20:45:49.089] [Server thread/INFO] [net.minecraft.server.MinecraftServer/]: ThreadedAnvilChunkStorage (stonetunneltp): All chunks are saved
[06Aug2026 20:45:49.183] [Server thread/INFO] [net.minecraft.server.MinecraftServer/]: ThreadedAnvilChunkStorage (cyberland): All chunks are saved
[06Aug2026 20:45:49.221] [Server thread/INFO] [net.minecraft.server.MinecraftServer/]: ThreadedAnvilChunkStorage (fifth_layer): All chunks are saved
[06Aug2026 20:45:49.328] [Server thread/INFO] [net.minecraft.server.MinecraftServer/]: ThreadedAnvilChunkStorage (the_aether): All chunks are saved
[06Aug2026 20:45:49.527] [Server thread/INFO] [net.minecraft.server.MinecraftServer/]: ThreadedAnvilChunkStorage (promisedlandofmemorytp): All chunks are saved
[06Aug2026 20:45:49.561] [Server thread/INFO] [net.minecraft.server.MinecraftServer/]: ThreadedAnvilChunkStorage (undergarden): All chunks are saved
[06Aug2026 20:45:49.583] [Server thread/INFO] [net.minecraft.server.MinecraftServer/]: ThreadedAnvilChunkStorage (the_pit): All chunks are saved
[06Aug2026 20:45:49.602] [Server thread/INFO] [net.minecraft.server.MinecraftServer/]: ThreadedAnvilChunkStorage (astral_dimension): All chunks are saved
[06Aug2026 20:45:49.625] [Server thread/INFO] [net.minecraft.server.MinecraftServer/]: ThreadedAnvilChunkStorage (chinesetombtp): All chunks are saved
[06Aug2026 20:45:49.649] [Server thread/INFO] [net.minecraft.server.MinecraftServer/]: ThreadedAnvilChunkStorage (endlesshousetp): All chunks are saved
[06Aug2026 20:45:49.670] [Server thread/INFO] [net.minecraft.server.MinecraftServer/]: ThreadedAnvilChunkStorage (slender_gamemode): All chunks are saved
[06Aug2026 20:45:49.685] [Server thread/INFO] [net.minecraft.server.MinecraftServer/]: ThreadedAnvilChunkStorage (librarytp): All chunks are saved
[06Aug2026 20:45:49.713] [Server thread/INFO] [net.minecraft.server.MinecraftServer/]: ThreadedAnvilChunkStorage (obsessed_lair): All chunks are saved
[06Aug2026 20:45:49.736] [Server thread/INFO] [net.minecraft.server.MinecraftServer/]: ThreadedAnvilChunkStorage (the_midnight): All chunks are saved
[06Aug2026 20:45:49.763] [Server thread/INFO] [net.minecraft.server.MinecraftServer/]: ThreadedAnvilChunkStorage (prismacon): All chunks are saved
[06Aug2026 20:45:49.810] [Server thread/INFO] [net.minecraft.server.MinecraftServer/]: ThreadedAnvilChunkStorage (mazetp): All chunks are saved
[06Aug2026 20:45:49.829] [Server thread/INFO] [net.minecraft.server.MinecraftServer/]: ThreadedAnvilChunkStorage (schooltp): All chunks are saved
[06Aug2026 20:45:49.875] [Server thread/INFO] [net.minecraft.server.MinecraftServer/]: ThreadedAnvilChunkStorage (samside): All chunks are saved
[06Aug2026 20:45:49.895] [Server thread/INFO] [net.minecraft.server.MinecraftServer/]: ThreadedAnvilChunkStorage (the_abyss): All chunks are saved
[06Aug2026 20:45:49.895] [Server thread/INFO] [net.minecraft.server.MinecraftServer/]: ThreadedAnvilChunkStorage (kepler_22b): All chunks are saved
[06Aug2026 20:45:50.010] [Server thread/INFO] [net.minecraft.server.MinecraftServer/]: ThreadedAnvilChunkStorage (spacioustp): All chunks are saved
[06Aug2026 20:45:50.042] [Server thread/INFO] [net.minecraft.server.MinecraftServer/]: ThreadedAnvilChunkStorage (forlorn_hollows): All chunks are saved
[06Aug2026 20:45:50.080] [Server thread/INFO] [net.minecraft.server.MinecraftServer/]: ThreadedAnvilChunkStorage (seventh_layer): All chunks are saved
[06Aug2026 20:45:50.111] [Server thread/INFO] [net.minecraft.server.MinecraftServer/]: ThreadedAnvilChunkStorage (twilight_forest): All chunks are saved
[06Aug2026 20:45:50.156] [Server thread/INFO] [net.minecraft.server.MinecraftServer/]: ThreadedAnvilChunkStorage (nightmare): All chunks are saved
[06Aug2026 20:45:50.198] [Server thread/INFO] [net.minecraft.server.MinecraftServer/]: ThreadedAnvilChunkStorage (torturetp): All chunks are saved
[06Aug2026 20:45:50.255] [Server thread/INFO] [net.minecraft.server.MinecraftServer/]: ThreadedAnvilChunkStorage (existtp): All chunks are saved
[06Aug2026 20:45:50.353] [Server thread/INFO] [net.minecraft.server.MinecraftServer/]: ThreadedAnvilChunkStorage (everbright): All chunks are saved
[06Aug2026 20:45:50.424] [Server thread/INFO] [net.minecraft.server.MinecraftServer/]: ThreadedAnvilChunkStorage (phobos_orbit): All chunks are saved
[06Aug2026 20:45:50.500] [Server thread/INFO] [net.minecraft.server.MinecraftServer/]: ThreadedAnvilChunkStorage (genesisphase_2tp): All chunks are saved
[06Aug2026 20:45:50.557] [Server thread/INFO] [net.minecraft.server.MinecraftServer/]: ThreadedAnvilChunkStorage (genesisphase_1tp): All chunks are saved
[06Aug2026 20:45:50.584] [Server thread/INFO] [net.minecraft.server.MinecraftServer/]: ThreadedAnvilChunkStorage (triassic): All chunks are saved
[06Aug2026 20:45:50.598] [Server thread/INFO] [net.minecraft.server.MinecraftServer/]: ThreadedAnvilChunkStorage (comfortzonetp): All chunks are saved
[06Aug2026 20:45:50.629] [Server thread/INFO] [net.minecraft.server.MinecraftServer/]: ThreadedAnvilChunkStorage (otherside): All chunks are saved
[06Aug2026 20:45:50.681] [Server thread/INFO] [net.minecraft.server.MinecraftServer/]: ThreadedAnvilChunkStorage (the_crawling): All chunks are saved
[06Aug2026 20:45:50.735] [Server thread/INFO] [net.minecraft.server.MinecraftServer/]: ThreadedAnvilChunkStorage (lunarisdim): All chunks are saved
[06Aug2026 20:45:50.834] [Server thread/INFO] [net.minecraft.server.MinecraftServer/]: ThreadedAnvilChunkStorage (perfectiontp): All chunks are saved
[06Aug2026 20:45:50.890] [Server thread/INFO] [net.minecraft.server.MinecraftServer/]: ThreadedAnvilChunkStorage (venus): All chunks are saved
[06Aug2026 20:45:50.918] [Server thread/INFO] [net.minecraft.server.MinecraftServer/]: ThreadedAnvilChunkStorage (toybox): All chunks are saved
[06Aug2026 20:45:50.919] [Server thread/INFO] [net.minecraft.server.MinecraftServer/]: ThreadedAnvilChunkStorage (abyssal_chasm): All chunks are saved
[06Aug2026 20:45:50.952] [Server thread/INFO] [net.minecraft.server.MinecraftServer/]: ThreadedAnvilChunkStorage (void): All chunks are saved
[06Aug2026 20:45:50.990] [Server thread/INFO] [net.minecraft.server.MinecraftServer/]: ThreadedAnvilChunkStorage (mercury_orbit): All chunks are saved
[06Aug2026 20:45:51.059] [Server thread/INFO] [net.minecraft.server.MinecraftServer/]: ThreadedAnvilChunkStorage (endlesscavetp): All chunks are saved
[06Aug2026 20:45:51.127] [Server thread/INFO] [net.minecraft.server.MinecraftServer/]: ThreadedAnvilChunkStorage (mourningtp): All chunks are saved
[06Aug2026 20:45:51.235] [Server thread/INFO] [net.minecraft.server.MinecraftServer/]: ThreadedAnvilChunkStorage (wormtunneltp): All chunks are saved
[06Aug2026 20:45:51.290] [Server thread/INFO] [net.minecraft.server.MinecraftServer/]: ThreadedAnvilChunkStorage (phobos): All chunks are saved
[06Aug2026 20:45:51.342] [Server thread/INFO] [net.minecraft.server.MinecraftServer/]: ThreadedAnvilChunkStorage (shadow_forest): All chunks are saved
[06Aug2026 20:45:51.399] [Server thread/INFO] [net.minecraft.server.MinecraftServer/]: ThreadedAnvilChunkStorage (DIM-1): All chunks are saved
[06Aug2026 20:45:51.485] [Server thread/INFO] [net.minecraft.server.MinecraftServer/]: ThreadedAnvilChunkStorage (liminaltp): All chunks are saved
[06Aug2026 20:45:51.533] [Server thread/INFO] [net.minecraft.server.MinecraftServer/]: ThreadedAnvilChunkStorage (spectral_world): All chunks are saved
[06Aug2026 20:45:51.544] [Server thread/INFO] [net.minecraft.server.MinecraftServer/]: ThreadedAnvilChunkStorage (sewertp): All chunks are saved
[06Aug2026 20:45:51.558] [Server thread/INFO] [net.minecraft.server.MinecraftServer/]: ThreadedAnvilChunkStorage (second_layer): All chunks are saved
[06Aug2026 20:45:51.596] [Server thread/INFO] [net.minecraft.server.MinecraftServer/]: ThreadedAnvilChunkStorage: All dimensions are saved
[06Aug2026 20:45:51.603] [Server thread/WARN] [net.arphex.ArphexMod/]: [WORLD UNLOAD] Dimension: minecraft:overworld
[06Aug2026 20:45:51.883] [Server thread/WARN] [net.arphex.ArphexMod/]: [WORLD UNLOAD] Dimension: feur_dimensional_skyland:dimensional_skyland
[06Aug2026 20:45:51.916] [Server thread/WARN] [net.arphex.ArphexMod/]: [WORLD UNLOAD] Dimension: good_nights_sleep:dream
[06Aug2026 20:45:51.934] [Server thread/WARN] [net.arphex.ArphexMod/]: [WORLD UNLOAD] Dimension: beyond_the_nether:beyond
[06Aug2026 20:45:51.974] [Server thread/WARN] [net.arphex.ArphexMod/]: [WORLD UNLOAD] Dimension: shadowlands:blood_forest
[06Aug2026 20:45:52.028] [Server thread/WARN] [net.arphex.ArphexMod/]: [WORLD UNLOAD] Dimension: elysiumjar:endlessdreamtp
[06Aug2026 20:45:52.105] [Server thread/WARN] [net.arphex.ArphexMod/]: [WORLD UNLOAD] Dimension: beyond_earth:mercury
[06Aug2026 20:45:52.127] [Server thread/WARN] [net.arphex.ArphexMod/]: [WORLD UNLOAD] Dimension: prehistoricfauna:jurassic
[06Aug2026 20:45:52.158] [Server thread/WARN] [net.arphex.ArphexMod/]: [WORLD UNLOAD] Dimension: beyond_earth:deimos
[06Aug2026 20:45:52.178] [Server thread/WARN] [net.arphex.ArphexMod/]: [WORLD UNLOAD] Dimension: elysiumjar:heaventp
[06Aug2026 20:45:52.215] [Server thread/WARN] [net.arphex.ArphexMod/]: [WORLD UNLOAD] Dimension: elysiumjar:shallowtp
[06Aug2026 20:45:52.231] [Server thread/WARN] [net.arphex.ArphexMod/]: [WORLD UNLOAD] Dimension: the_bumblezone:the_bumblezone
[06Aug2026 20:45:52.283] [Server thread/WARN] [net.arphex.ArphexMod/]: [WORLD UNLOAD] Dimension: infinite_abyss:sixth_layer
[06Aug2026 20:45:52.326] [Server thread/WARN] [net.arphex.ArphexMod/]: [WORLD UNLOAD] Dimension: alex_caves_dimensions:magnetic_caves
[06Aug2026 20:45:52.349] [Server thread/WARN] [net.arphex.ArphexMod/]: [WORLD UNLOAD] Dimension: beyond_earth:moon_orbit
[06Aug2026 20:45:52.365] [Server thread/WARN] [net.arphex.ArphexMod/]: [WORLD UNLOAD] Dimension: elysiumjar:pitytp
[06Aug2026 20:45:52.385] [Server thread/WARN] [net.arphex.ArphexMod/]: [WORLD UNLOAD] Dimension: elysiumjar:churchtp
[06Aug2026 20:45:52.399] [Server thread/WARN] [net.arphex.ArphexMod/]: [WORLD UNLOAD] Dimension: beyond_earth:mars
[06Aug2026 20:45:52.422] [Server thread/WARN] [net.arphex.ArphexMod/]: [WORLD UNLOAD] Dimension: beyond_earth:earth_orbit
[06Aug2026 20:45:52.437] [Server thread/WARN] [net.arphex.ArphexMod/]: [WORLD UNLOAD] Dimension: elysiumjar:fleshtp
[06Aug2026 20:45:52.455] [Server thread/WARN] [net.arphex.ArphexMod/]: [WORLD UNLOAD] Dimension: elysiumjar:truegenesistp
[06Aug2026 20:45:52.478] [Server thread/WARN] [net.arphex.ArphexMod/]: [WORLD UNLOAD] Dimension: kostinas_the_underneath:underneath
[06Aug2026 20:45:52.495] [Server thread/WARN] [net.arphex.ArphexMod/]: [WORLD UNLOAD] Dimension: infinite_abyss:first_layer
[06Aug2026 20:45:52.509] [Server thread/WARN] [net.arphex.ArphexMod/]: [WORLD UNLOAD] Dimension: fallout_wastelands_:wastelands
[06Aug2026 20:45:52.617] [Server thread/WARN] [net.arphex.ArphexMod/]: [WORLD UNLOAD] Dimension: graveyard:past
[06Aug2026 20:45:52.722] [Server thread/WARN] [net.arphex.ArphexMod/]: [WORLD UNLOAD] Dimension: prehistoricfauna:cretaceous
[06Aug2026 20:45:52.825] [Server thread/WARN] [net.arphex.ArphexMod/]: [WORLD UNLOAD] Dimension: alex_caves_dimensions:toxic_caves
[06Aug2026 20:45:52.985] [Server thread/WARN] [net.arphex.ArphexMod/]: [WORLD UNLOAD] Dimension: infinite_abyss:fourth_layer
[06Aug2026 20:45:53.074] [Server thread/WARN] [net.arphex.ArphexMod/]: [WORLD UNLOAD] Dimension: theabyss:pocket_dimension
[06Aug2026 20:45:53.119] [Server thread/WARN] [net.arphex.ArphexMod/]: [WORLD UNLOAD] Dimension: the_starved_stalker:a_famished_world
[06Aug2026 20:45:53.166] [Server thread/WARN] [net.arphex.ArphexMod/]: [WORLD UNLOAD] Dimension: elysiumjar:demonstrationscenariotp
[06Aug2026 20:45:53.228] [Server thread/WARN] [net.arphex.ArphexMod/]: [WORLD UNLOAD] Dimension: elysiumjar:elysiu_mtp
[06Aug2026 20:45:53.364] [Server thread/WARN] [net.arphex.ArphexMod/]: [WORLD UNLOAD] Dimension: moolands:moolands
[06Aug2026 20:45:53.479] [Server thread/WARN] [net.arphex.ArphexMod/]: [WORLD UNLOAD] Dimension: elysiumjar:storeroomtp
[06Aug2026 20:45:53.533] [Server thread/WARN] [net.arphex.ArphexMod/]: [WORLD UNLOAD] Dimension: elysiumjar:shacklestp
[06Aug2026 20:45:53.541] [Server thread/WARN] [net.arphex.ArphexMod/]: [WORLD UNLOAD] Dimension: ror:the_factory
[06Aug2026 20:45:53.552] [Server thread/WARN] [net.arphex.ArphexMod/]: [WORLD UNLOAD] Dimension: beyond_earth:glacio
[06Aug2026 20:45:53.642] [Server thread/WARN] [net.arphex.ArphexMod/]: [WORLD UNLOAD] Dimension: elysiumjar:genesisphase_3tp
[06Aug2026 20:45:53.732] [Server thread/WARN] [net.arphex.ArphexMod/]: [WORLD UNLOAD] Dimension: beyond_earth:moon
[06Aug2026 20:45:53.786] [Server thread/WARN] [net.arphex.ArphexMod/]: [WORLD UNLOAD] Dimension: elysiumjar:suburbtp
[06Aug2026 20:45:53.825] [Server thread/WARN] [net.arphex.ArphexMod/]: [WORLD UNLOAD] Dimension: elysiumjar:gardentp
[06Aug2026 20:45:53.875] [Server thread/WARN] [net.arphex.ArphexMod/]: [WORLD UNLOAD] Dimension: the_afterdark:afterdark
[06Aug2026 20:45:53.904] [Server thread/WARN] [net.arphex.ArphexMod/]: [WORLD UNLOAD] Dimension: shadowlands:glowshroom_forest
[06Aug2026 20:45:53.958] [Server thread/WARN] [net.arphex.ArphexMod/]: [WORLD UNLOAD] Dimension: ror:neon_city
[06Aug2026 20:45:53.965] [Server thread/WARN] [net.arphex.ArphexMod/]: [WORLD UNLOAD] Dimension: elysiumjar:past_tp
[06Aug2026 20:45:53.968] [Server thread/WARN] [net.arphex.ArphexMod/]: [WORLD UNLOAD] Dimension: minecraft:the_end
[06Aug2026 20:45:54.021] [Server thread/WARN] [net.arphex.ArphexMod/]: [WORLD UNLOAD] Dimension: beyond_earth:deimos_orbit
[06Aug2026 20:45:54.091] [Server thread/WARN] [net.arphex.ArphexMod/]: [WORLD UNLOAD] Dimension: elysiumjar:genesi_sphase_4tp
[06Aug2026 20:45:54.136] [Server thread/WARN] [net.arphex.ArphexMod/]: [WORLD UNLOAD] Dimension: elysiumjar:greenhousetp
[06Aug2026 20:45:54.170] [Server thread/WARN] [net.arphex.ArphexMod/]: [WORLD UNLOAD] Dimension: arphex:the_webrooms
[06Aug2026 20:45:54.215] [Server thread/WARN] [net.arphex.ArphexMod/]: [WORLD UNLOAD] Dimension: astral_dimension:setback
[06Aug2026 20:45:54.222] [Server thread/WARN] [net.arphex.ArphexMod/]: [WORLD UNLOAD] Dimension: elysiumjar:hallucinationtp
[06Aug2026 20:45:54.332] [Server thread/WARN] [net.arphex.ArphexMod/]: [WORLD UNLOAD] Dimension: alex_caves_dimensions:candy_cavity
[06Aug2026 20:45:54.388] [Server thread/WARN] [net.arphex.ArphexMod/]: [WORLD UNLOAD] Dimension: midnightlurker:the_void
[06Aug2026 20:45:54.395] [Server thread/WARN] [net.arphex.ArphexMod/]: [WORLD UNLOAD] Dimension: ror:flowerbed
[06Aug2026 20:45:54.417] [Server thread/WARN] [net.arphex.ArphexMod/]: [WORLD UNLOAD] Dimension: beyond_earth:glacio_orbit
[06Aug2026 20:45:54.445] [Server thread/WARN] [net.arphex.ArphexMod/]: [WORLD UNLOAD] Dimension: cheese_cave:good_hallucination
[06Aug2026 20:45:54.488] [Server thread/WARN] [net.arphex.ArphexMod/]: [WORLD UNLOAD] Dimension: theabyss:frost_world
[06Aug2026 20:45:54.496] [Server thread/WARN] [net.arphex.ArphexMod/]: [WORLD UNLOAD] Dimension: aerialhell:aerial_hell
[06Aug2026 20:45:54.513] [Server thread/WARN] [net.arphex.ArphexMod/]: [WORLD UNLOAD] Dimension: elysiumjar:peacefultp
[06Aug2026 20:45:54.549] [Server thread/WARN] [net.arphex.ArphexMod/]: [WORLD UNLOAD] Dimension: elysiumjar:eternaltp
[06Aug2026 20:45:54.584] [Server thread/WARN] [net.arphex.ArphexMod/]: [WORLD UNLOAD] Dimension: blue_skies:everdawn
[06Aug2026 20:45:54.636] [Server thread/WARN] [net.arphex.ArphexMod/]: [WORLD UNLOAD] Dimension: alex_caves_dimensions:primordial_caves
[06Aug2026 20:45:54.661] [Server thread/WARN] [net.arphex.ArphexMod/]: [WORLD UNLOAD] Dimension: nue:biome_test
[06Aug2026 20:45:55.372] [Server thread/WARN] [net.arphex.ArphexMod/]: [WORLD UNLOAD] Dimension: elysiumjar:demisetp
[06Aug2026 20:45:55.492] [Server thread/WARN] [net.arphex.ArphexMod/]: [WORLD UNLOAD] Dimension: elysiumjar:forever
[06Aug2026 20:45:55.526] [Server thread/WARN] [net.arphex.ArphexMod/]: [WORLD UNLOAD] Dimension: the_deep_void:deep_void
[06Aug2026 20:45:55.917] [Server thread/WARN] [net.arphex.ArphexMod/]: [WORLD UNLOAD] Dimension: shadowlands:vellium
[06Aug2026 20:45:55.965] [Server thread/WARN] [net.arphex.ArphexMod/]: [WORLD UNLOAD] Dimension: beyond_earth:venus_orbit
[06Aug2026 20:45:56.045] [Server thread/WARN] [net.arphex.ArphexMod/]: [WORLD UNLOAD] Dimension: elysiumjar:tearingtp
[06Aug2026 20:45:56.273] [Server thread/WARN] [net.arphex.ArphexMod/]: [WORLD UNLOAD] Dimension: beyond_earth:mars_orbit
[06Aug2026 20:45:56.316] [Server thread/WARN] [net.arphex.ArphexMod/]: [WORLD UNLOAD] Dimension: elysiumjar:stonetunneltp
[06Aug2026 20:45:56.342] [Server thread/WARN] [net.arphex.ArphexMod/]: [WORLD UNLOAD] Dimension: ror:cyberland
[06Aug2026 20:45:56.360] [Server thread/WARN] [net.arphex.ArphexMod/]: [WORLD UNLOAD] Dimension: infinite_abyss:fifth_layer
[06Aug2026 20:45:56.371] [Server thread/WARN] [net.arphex.ArphexMod/]: [WORLD UNLOAD] Dimension: aether:the_aether
[06Aug2026 20:45:56.380] [Server thread/WARN] [net.arphex.ArphexMod/]: [WORLD UNLOAD] Dimension: elysiumjar:promisedlandofmemorytp
[06Aug2026 20:45:56.387] [Server thread/WARN] [net.arphex.ArphexMod/]: [WORLD UNLOAD] Dimension: undergarden:undergarden
[06Aug2026 20:45:56.400] [Server thread/WARN] [net.arphex.ArphexMod/]: [WORLD UNLOAD] Dimension: the_deep_void:the_pit
[06Aug2026 20:45:56.414] [Server thread/WARN] [net.arphex.ArphexMod/]: [WORLD UNLOAD] Dimension: astral_dimension:astral_dimension
[06Aug2026 20:45:56.436] [Server thread/WARN] [net.arphex.ArphexMod/]: [WORLD UNLOAD] Dimension: elysiumjar:chinesetombtp
[06Aug2026 20:45:56.450] [Server thread/WARN] [net.arphex.ArphexMod/]: [WORLD UNLOAD] Dimension: elysiumjar:endlesshousetp
[06Aug2026 20:45:56.463] [Server thread/WARN] [net.arphex.ArphexMod/]: [WORLD UNLOAD] Dimension: tr_slender:slender_gamemode
[06Aug2026 20:45:56.473] [Server thread/WARN] [net.arphex.ArphexMod/]: [WORLD UNLOAD] Dimension: elysiumjar:librarytp
[06Aug2026 20:45:56.486] [Server thread/WARN] [net.arphex.ArphexMod/]: [WORLD UNLOAD] Dimension: the_obsessed:obsessed_lair
[06Aug2026 20:45:56.494] [Server thread/WARN] [net.arphex.ArphexMod/]: [WORLD UNLOAD] Dimension: midnight:the_midnight
[06Aug2026 20:45:56.504] [Server thread/WARN] [net.arphex.ArphexMod/]: [WORLD UNLOAD] Dimension: ror:prismacon
[06Aug2026 20:45:56.513] [Server thread/WARN] [net.arphex.ArphexMod/]: [WORLD UNLOAD] Dimension: elysiumjar:mazetp
[06Aug2026 20:45:56.524] [Server thread/WARN] [net.arphex.ArphexMod/]: [WORLD UNLOAD] Dimension: elysiumjar:schooltp
[06Aug2026 20:45:56.540] [Server thread/WARN] [net.arphex.ArphexMod/]: [WORLD UNLOAD] Dimension: porkyslegacy_eoc:samside
[06Aug2026 20:45:56.551] [Server thread/WARN] [net.arphex.ArphexMod/]: [WORLD UNLOAD] Dimension: theabyss:the_abyss
[06Aug2026 20:45:56.574] [Server thread/WARN] [net.arphex.ArphexMod/]: [WORLD UNLOAD] Dimension: aliencraft_kepler:kepler_22b
[06Aug2026 20:45:56.584] [Server thread/WARN] [net.arphex.ArphexMod/]: [WORLD UNLOAD] Dimension: elysiumjar:spacioustp
[06Aug2026 20:45:56.593] [Server thread/WARN] [net.arphex.ArphexMod/]: [WORLD UNLOAD] Dimension: alex_caves_dimensions:forlorn_hollows
[06Aug2026 20:45:56.598] [Server thread/WARN] [net.arphex.ArphexMod/]: [WORLD UNLOAD] Dimension: infinite_abyss:seventh_layer
[06Aug2026 20:45:56.603] [Server thread/WARN] [net.arphex.ArphexMod/]: [WORLD UNLOAD] Dimension: twilightforest:twilight_forest
[06Aug2026 20:45:56.618] [Server thread/WARN] [net.arphex.ArphexMod/]: [WORLD UNLOAD] Dimension: good_nights_sleep:nightmare
[06Aug2026 20:45:56.626] [Server thread/WARN] [net.arphex.ArphexMod/]: [WORLD UNLOAD] Dimension: elysiumjar:torturetp
[06Aug2026 20:45:56.635] [Server thread/WARN] [net.arphex.ArphexMod/]: [WORLD UNLOAD] Dimension: elysiumjar:existtp
[06Aug2026 20:45:56.638] [Server thread/WARN] [net.arphex.ArphexMod/]: [WORLD UNLOAD] Dimension: blue_skies:everbright
[06Aug2026 20:45:56.663] [Server thread/WARN] [net.arphex.ArphexMod/]: [WORLD UNLOAD] Dimension: beyond_earth:phobos_orbit
[06Aug2026 20:45:56.833] [Server thread/WARN] [net.arphex.ArphexMod/]: [WORLD UNLOAD] Dimension: elysiumjar:genesisphase_2tp
[06Aug2026 20:45:56.850] [Server thread/WARN] [net.arphex.ArphexMod/]: [WORLD UNLOAD] Dimension: elysiumjar:genesisphase_1tp
[06Aug2026 20:45:56.860] [Server thread/WARN] [net.arphex.ArphexMod/]: [WORLD UNLOAD] Dimension: prehistoricfauna:triassic
[06Aug2026 20:45:56.870] [Server thread/WARN] [net.arphex.ArphexMod/]: [WORLD UNLOAD] Dimension: elysiumjar:comfortzonetp
[06Aug2026 20:45:56.896] [Server thread/WARN] [net.arphex.ArphexMod/]: [WORLD UNLOAD] Dimension: deeperdarker:otherside
[06Aug2026 20:45:56.935] [Server thread/WARN] [net.arphex.ArphexMod/]: [WORLD UNLOAD] Dimension: arphex:the_crawling
[06Aug2026 20:45:57.132] [Server thread/WARN] [net.arphex.ArphexMod/]: [WORLD UNLOAD] Dimension: thelunaris:lunarisdim
[06Aug2026 20:45:57.144] [Server thread/WARN] [net.arphex.ArphexMod/]: [WORLD UNLOAD] Dimension: elysiumjar:perfectiontp
[06Aug2026 20:45:57.154] [Server thread/WARN] [net.arphex.ArphexMod/]: [WORLD UNLOAD] Dimension: beyond_earth:venus
[06Aug2026 20:45:57.188] [Server thread/WARN] [net.arphex.ArphexMod/]: [WORLD UNLOAD] Dimension: toybox:toybox
[06Aug2026 20:45:57.230] [Server thread/WARN] [net.arphex.ArphexMod/]: [WORLD UNLOAD] Dimension: alex_caves_dimensions:abyssal_chasm
[06Aug2026 20:45:57.261] [Server thread/WARN] [net.arphex.ArphexMod/]: [WORLD UNLOAD] Dimension: voidscape:void
[06Aug2026 20:45:57.298] [Server thread/WARN] [net.arphex.ArphexMod/]: [WORLD UNLOAD] Dimension: beyond_earth:mercury_orbit
[06Aug2026 20:45:57.370] [Server thread/WARN] [net.arphex.ArphexMod/]: [WORLD UNLOAD] Dimension: elysiumjar:endlesscavetp
[06Aug2026 20:45:57.394] [Server thread/WARN] [net.arphex.ArphexMod/]: [WORLD UNLOAD] Dimension: elysiumjar:mourningtp
[06Aug2026 20:45:57.669] [Server thread/WARN] [net.arphex.ArphexMod/]: [WORLD UNLOAD] Dimension: elysiumjar:wormtunneltp
[06Aug2026 20:45:57.697] [Server thread/WARN] [net.arphex.ArphexMod/]: [WORLD UNLOAD] Dimension: beyond_earth:phobos
[06Aug2026 20:45:57.735] [Server thread/WARN] [net.arphex.ArphexMod/]: [WORLD UNLOAD] Dimension: shadowlands:shadow_forest
[06Aug2026 20:45:57.763] [Server thread/WARN] [net.arphex.ArphexMod/]: [WORLD UNLOAD] Dimension: minecraft:the_nether
[06Aug2026 20:45:57.782] [Server thread/WARN] [net.arphex.ArphexMod/]: [WORLD UNLOAD] Dimension: elysiumjar:liminaltp
[06Aug2026 20:45:57.811] [Server thread/WARN] [net.arphex.ArphexMod/]: [WORLD UNLOAD] Dimension: theabyss:spectral_world
[06Aug2026 20:45:57.839] [Server thread/WARN] [net.arphex.ArphexMod/]: [WORLD UNLOAD] Dimension: elysiumjar:sewertp
[06Aug2026 20:45:57.876] [Server thread/WARN] [net.arphex.ArphexMod/]: [WORLD UNLOAD] Dimension: infinite_abyss:second_layer
[06Aug2026 20:45:58.470] [Server thread/INFO] [Framework/]: Unloading server configs...
[06Aug2026 20:45:58.508] [Server thread/INFO] [Framework/]: Finished unloading server configs
